#
# A fatal error has been detected by the Java Runtime Environment:
#
#  SIGSEGV (0xb) at pc=0x0000000103bc3754, pid=93773, tid=24835
#
# JRE version: Java(TM) SE Runtime Environment (17.0.8+9) (build 17.0.8+9-LTS-211)
# Java VM: Java HotSpot(TM) 64-Bit Server VM (17.0.8+9-LTS-211, mixed mode, sharing, tiered, compressed oops, compressed class ptrs, g1 gc, bsd-aarch64)
# Problematic frame:
# V  [libjvm.dylib+0x75f754]  Method::is_method_handle_intrinsic() const+0x8
#
# No core dump will be written. Core dumps have been disabled. To enable core dumping, try "ulimit -c unlimited" before starting Java again
#
# If you would like to submit a bug report, please visit:
#   https://bugreport.java.com/bugreport/crash.jsp
#

---------------  S U M M A R Y ------------

Command Line: --add-opens=java.base/java.util=ALL-UNNAMED --add-opens=java.base/java.lang=ALL-UNNAMED --add-opens=java.base/java.lang.invoke=ALL-UNNAMED --add-opens=java.prefs/java.util.prefs=ALL-UNNAMED --add-opens=java.base/java.nio.charset=ALL-UNNAMED --add-opens=java.base/java.net=ALL-UNNAMED --add-opens=java.base/java.util.concurrent.atomic=ALL-UNNAMED -XX:MaxMetaspaceSize=384m -XX:+HeapDumpOnOutOfMemoryError -Xms256m -Xmx512m -Dfile.encoding=UTF-8 -Duser.country=KR -Duser.language=ko -Duser.variant -javaagent:/Users/jjeoV/.gradle/wrapper/dists/gradle-8.3-bin/dxjbbhstwasg8cbags9q7cvli/gradle-8.3/lib/agents/gradle-instrumentation-agent-8.3.jar org.gradle.launcher.daemon.bootstrap.GradleDaemon 8.3

Host: "Mac14,2" arm64 1 MHz, 8 cores, 16G, Darwin 23.3.0, macOS 14.3.1 (23D60)
Time: Tue Feb 13 02:44:05 2024 KST elapsed time: 1168.882231 seconds (0d 0h 19m 28s)

---------------  T H R E A D  ---------------

Current thread (0x0000000102313f20):  GCTaskThread "GC Thread#1" [stack: 0x0000000170444000,0x0000000170647000] [id=24835]

Stack: [0x0000000170444000,0x0000000170647000],  sp=0x0000000170646bd0,  free space=2058k
Native frames: (J=compiled Java code, j=interpreted, Vv=VM code, C=native code)
V  [libjvm.dylib+0x75f754]  Method::is_method_handle_intrinsic() const+0x8
V  [libjvm.dylib+0x78e130]  nmethod::is_unloading()+0x68
V  [libjvm.dylib+0x2de8a8]  nmethodBucket::next_not_unloading()+0x84
V  [libjvm.dylib+0x2ded94]  DependencyContext::clean_unloading_dependents()+0x4c
V  [libjvm.dylib+0x44aa70]  InstanceKlass::clean_dependency_context()+0x20
V  [libjvm.dylib+0x78d5c0]  nmethod::flush_dependencies(bool)+0xd8
V  [libjvm.dylib+0x78d27c]  nmethod::make_unloaded()+0x78
V  [libjvm.dylib+0x7cb5f8]  CodeCacheUnloadingTask::work(unsigned int)+0x70
V  [libjvm.dylib+0x3ae8c8]  G1ParallelCleaningTask::work(unsigned int)+0x74
V  [libjvm.dylib+0x9bd63c]  GangWorker::loop()+0x64
V  [libjvm.dylib+0x9bd5c4]  GangWorker::initialize()+0x0
V  [libjvm.dylib+0x9164b8]  Thread::call_run()+0x128
V  [libjvm.dylib+0x7b50b8]  thread_native_entry(Thread*)+0x158
C  [libsystem_pthread.dylib+0x7034]  _pthread_start+0x88


siginfo: si_signo: 11 (SIGSEGV), si_code: 2 (SEGV_ACCERR), si_addr: 0x0000000000000030

Register to memory mapping:

 x0=0x0 is NULL
 x1=0x00000007e0780648 is an oop: org.gradle.internal.classloader.VisitableURLClassLoader 
{0x00000007e0780648} - klass: 'org/gradle/internal/classloader/VisitableURLClassLoader'
 - ---- fields (total size 13 words):
 - private 'defaultAssertionStatus' 'Z' @12  false
 - private final 'parent' 'Ljava/lang/ClassLoader;' @24  a 'org/gradle/internal/classloader/VisitableURLClassLoader'{0x00000007e07806b0} (fc0f00d6)
 - private final 'name' 'Ljava/lang/String;' @28  NULL (0)
 - private final 'unnamedModule' 'Ljava/lang/Module;' @32  a 'java/lang/Module'{0x00000007e07de438} (fc0fbc87)
 - private final 'nameAndId' 'Ljava/lang/String;' @36  "org.gradle.internal.classloader.VisitableURLClassLoader @726f3b58"{0x00000007e07de470} (fc0fbc8e)
 - private final 'parallelLockMap' 'Ljava/util/concurrent/ConcurrentHashMap;' @40  a 'java/util/concurrent/ConcurrentHashMap'{0x00000007e07de4e0} (fc0fbc9c)
 - private final 'package2certs' 'Ljava/util/concurrent/ConcurrentHashMap;' @44  a 'java/util/concurrent/ConcurrentHashMap'{0x00000007e0924a08} (fc124941)
 - private final 'classes' 'Ljava/util/ArrayList;' @48  a 'java/util/ArrayList'{0x00000007e0927e20} (fc124fc4)
 - private final 'defaultDomain' 'Ljava/security/ProtectionDomain;' @52  a 'java/security/ProtectionDomain'{0x00000007e0ab0a08} (fc156141)
 - private final 'packages' 'Ljava/util/concurrent/ConcurrentHashMap;' @56  a 'java/util/concurrent/ConcurrentHashMap'{0x00000007e0ab0a78} (fc15614f)
 - private final 'libraries' 'Ljdk/internal/loader/NativeLibraries;' @60  a 'jdk/internal/loader/NativeLibraries'{0x00000007e0ac2680} (fc1584d0)
 - final 'assertionLock' 'Ljava/lang/Object;' @64  a 'java/lang/Object'{0x00000007e0ac2880} (fc158510)
 - private 'packageAssertionStatus' 'Ljava/util/Map;' @68  NULL (0)
 - 'classAssertionStatus' 'Ljava/util/Map;' @72  NULL (0)
 - private volatile 'classLoaderValueMap' 'Ljava/util/concurrent/ConcurrentHashMap;' @76  a 'java/util/concurrent/ConcurrentHashMap'{0x00000007e0ac2890} (fc158512)
 - private final 'pdcache' 'Ljava/util/Map;' @80  a 'java/util/concurrent/ConcurrentHashMap'{0x00000007e0ac2a28} (fc158545)
 - private final 'ucp' 'Ljdk/internal/loader/URLClassPath;' @84  a 'jdk/internal/loader/URLClassPath'{0x00000007e0ac3058} (fc15860b)
 - private final 'acc' 'Ljava/security/AccessControlContext;' @88  a 'java/security/AccessControlContext'{0x00000007e0778000} (fc0ef000)
 - private 'closeables' 'Ljava/util/WeakHashMap;' @92  a 'java/util/WeakHashMap'{0x00000007e073e2d0} (fc0e7c5a)
 - private final 'userData' 'Ljava/util/Map;' @96  a 'java/util/HashMap'{0x00000007e0742680} (fc0e84d0)
 - private final 'name' 'Ljava/lang/String;' @100  "ant-and-gradle-loader"{0x00000007e073e200} (fc0e7c40)
 x2=0x0000000000000001 is an unknown value
 x3=0x00000001324c0eb4 is at entry_point+308 in (nmethod*)0x00000001324c0b90
 x4=0x0 is NULL
 x5=0x0000000170646e30 points into unknown readable memory: 0x00000001324d5610 | 10 56 4d 32 01 00 00 00
 x6=0x0 is NULL
 x7=0x00000000000f3e58 is an unknown value
 x8=0x0000000000000003 is an unknown value
 x9=0x0000000103fd2230: _ZN9CodeCache16_unloading_cycleE+0 in /Library/Java/JavaVirtualMachines/jdk-17.jdk/Contents/Home/lib/server/libjvm.dylib at 0x0000000103464000
x10=0x0000600003f4ef60 points into unknown readable memory: 0x00000001324c1190 | 90 11 4c 32 01 00 00 00
x11=0x000000000001e018 is an unknown value
x12=0x0000000170646c94 points into unknown readable memory: 00 00 00 00
x13=0x00000001324c1880 is at entry_point+1280 in (nmethod*)0x00000001324c1190
x14=0x0000000000000003 is an unknown value
x15=0x00000000000001f9 is an unknown value
x16=0x0000000186becb4c: pthread_mutex_unlock+0 in /usr/lib/system/libsystem_pthread.dylib at 0x0000000186beb000
x17=0x0000000000005800 is an unknown value
x18=0x0 is NULL
x19=0x00000001324ab810 is at entry_point+-1520 in (nmethod*)0x00000001324ab810
x20=0x0000000000000001 is an unknown value
x21=0x0000000103fd4ed9: UsePerfData+0 in /Library/Java/JavaVirtualMachines/jdk-17.jdk/Contents/Home/lib/server/libjvm.dylib at 0x0000000103464000
x22=0x0000000103ffc000: _ZN14Deoptimization20_deoptimization_histE+0x280 in /Library/Java/JavaVirtualMachines/jdk-17.jdk/Contents/Home/lib/server/libjvm.dylib at 0x0000000103464000
x23=0x0000000103ffc000: _ZN14Deoptimization20_deoptimization_histE+0x280 in /Library/Java/JavaVirtualMachines/jdk-17.jdk/Contents/Home/lib/server/libjvm.dylib at 0x0000000103464000
x24=0x0000000103ffc000: _ZN14Deoptimization20_deoptimization_histE+0x280 in /Library/Java/JavaVirtualMachines/jdk-17.jdk/Contents/Home/lib/server/libjvm.dylib at 0x0000000103464000
x25=0x0000000103ffc000: _ZN14Deoptimization20_deoptimization_histE+0x280 in /Library/Java/JavaVirtualMachines/jdk-17.jdk/Contents/Home/lib/server/libjvm.dylib at 0x0000000103464000
x26=0x0000000103ffc0b8: _ZN17DependencyContext11_purge_listE+0 in /Library/Java/JavaVirtualMachines/jdk-17.jdk/Contents/Home/lib/server/libjvm.dylib at 0x0000000103464000
x27=0x0 is NULL
x28=0x0 is NULL


Registers:
 x0=0x0000000000000000  x1=0x00000007e0780648  x2=0x0000000000000001  x3=0x00000001324c0eb4
 x4=0x0000000000000000  x5=0x0000000170646e30  x6=0x0000000000000000  x7=0x00000000000f3e58
 x8=0x0000000000000003  x9=0x0000000103fd2230 x10=0x0000600003f4ef60 x11=0x000000000001e018
x12=0x0000000170646c94 x13=0x00000001324c1880 x14=0x0000000000000003 x15=0x00000000000001f9
x16=0x0000000186becb4c x17=0x0000000000005800 x18=0x0000000000000000 x19=0x00000001324ab810
x20=0x0000000000000001 x21=0x0000000103fd4ed9 x22=0x0000000103ffc000 x23=0x0000000103ffc000
x24=0x0000000103ffc000 x25=0x0000000103ffc000 x26=0x0000000103ffc0b8 x27=0x0000000000000000
x28=0x0000000000000000  fp=0x0000000170646bd0  lr=0x0000000103bf2130  sp=0x0000000170646bd0
pc=0x0000000103bc3754 cpsr=0x0000000080001000
Top of Stack: (sp=0x0000000170646bd0)
0x0000000170646bd0:   0000000170646bf0 0000000103bf2130
0x0000000170646be0:   0000600003ec5e20 0000600003f75a20
0x0000000170646bf0:   0000000170646c40 00000001037428a8
0x0000000170646c00:   0000000000000000 0000000000000000
0x0000000170646c10:   0000000000000000 00000000ffffffff
0x0000000170646c20:   0000000000000001 0000000170646df0
0x0000000170646c30:   0000000000000000 0000000500074e48
0x0000000170646c40:   0000000170646c50 0000000103742d94
0x0000000170646c50:   0000000170646c70 00000001038aea70
0x0000000170646c60:   0000000500074fa8 0000000500074fb0
0x0000000170646c70:   0000000170646cd0 0000000103bf15c0
0x0000000170646c80:   0000000170646cb0 00000001324c1190
0x0000000170646c90:   0000000000000000 00000001324c1880
0x0000000170646ca0:   0000000000000004 0000000000000005
0x0000000170646cb0:   0000000400000009 0000000100000009
0x0000000170646cc0:   000000000000000c 00000001324c1190
0x0000000170646cd0:   0000000170646db0 0000000103bf127c
0x0000000170646ce0:   0000000170646d00 00000001038332cc
0x0000000170646cf0:   00000001324c1190 0000000170646d48
0x0000000170646d00:   0000000170646d30 0000000103bf2254
0x0000000170646d10:   0000000000000001 0000000170646df0
0x0000000170646d20:   000000016ec9e438 00000001324c1190
0x0000000170646d30:   0000000170646d70 0000000103833274
0x0000000170646d40:   00000001324d8310 0000000103fb06c8
0x0000000170646d50:   000000016ec9e510 00006000039a4401
0x0000000170646d60:   0000000000000001 00000001324c1190
0x0000000170646d70:   0000000170646d90 0000000103bf2158
0x0000000170646d80:   00000001324c1190 0000000000000001
0x0000000170646d90:   0000000170646db0 4deb84f8c91900e2
0x0000000170646da0:   000000000000000c 000000016ec9e438
0x0000000170646db0:   0000000170646e70 0000000103c2f5f8
0x0000000170646dc0:   000000106ec9e510 00000001324bfb90 

Instructions: (pc=0x0000000103bc3754)
0x0000000103bc3654:   14000003 f9000ec8 f9000054 aa1303e0
0x0000000103bc3664:   aa1503e1 94061bb5 f100001f 1a9f07e0
0x0000000103bc3674:   a9437bfd a9424ff4 a94157f6 a8c45ff8
0x0000000103bc3684:   d65f03c0 a9be4ff4 a9017bfd 910043fd
0x0000000103bc3694:   aa0203f4 aa0003f3 f9400408 f9400500
0x0000000103bc36a4:   52800002 97ed52b8 aa0003e1 34000214
0x0000000103bc36b4:   f9400668 f9400508 f9400508 8b21c108
0x0000000103bc36c4:   91001108 38bfc108 12001d08 7101911f
0x0000000103bc36d4:   54000060 71019d1f 540000a1 52800000
0x0000000103bc36e4:   a9417bfd a8c24ff4 d65f03c0 aa1303e0
0x0000000103bc36f4:   a9417bfd a8c24ff4 17ffff7a a9be4ff4
0x0000000103bc3704:   a9017bfd 910043fd 79406008 71054d08
0x0000000103bc3714:   7a471902 54000123 f9402c13 b40000f3
0x0000000103bc3724:   9403a13d eb00027f 1a9f07e0 a9417bfd
0x0000000103bc3734:   a8c24ff4 d65f03c0 52800000 a9417bfd
0x0000000103bc3744:   a8c24ff4 d65f03c0 a9bf7bfd 910003fd
0x0000000103bc3754:   79406008 71054d08 1a9f07e9 71001d1f
0x0000000103bc3764:   1a9f27e8 0a080120 a8c17bfd d65f03c0
0x0000000103bc3774:   a9be4ff4 a9017bfd 910043fd aa0003f3
0x0000000103bc3784:   f0002254 9120c294 f9400280 94009819
0x0000000103bc3794:   f9400288 7100001f 9a8813f4 b4000074
0x0000000103bc37a4:   aa1403e0 94009705 f9401268 b4000088
0x0000000103bc37b4:   f9401108 f9002268 14000002 f900227f
0x0000000103bc37c4:   d5033bbf f9401e68 f9002a68 d5033bbf
0x0000000103bc37d4:   f900267f b40000b4 aa1403e0 a9417bfd
0x0000000103bc37e4:   a8c24ff4 14009751 a9417bfd a8c24ff4
0x0000000103bc37f4:   d65f03c0 d101c3ff a90267fa a9035ff8
0x0000000103bc3804:   a90457f6 a9054ff4 a9067bfd 910183fd
0x0000000103bc3814:   aa0403f4 aa0203f5 aa0103f6 aa0003f3
0x0000000103bc3824:   b0002208 91068908 39400108 7100011f
0x0000000103bc3834:   7a401864 540005e0 9401837c aa0003f7
0x0000000103bc3844:   90002278 91044318 f9400300 b00015c8 


Stack slot to memory mapping:
stack at sp + 0 slots: 0x0000000170646bf0 points into unknown readable memory: 0x0000000170646c40 | 40 6c 64 70 01 00 00 00
stack at sp + 1 slots: 0x0000000103bf2130: _ZN7nmethod12is_unloadingEv+0x68 in /Library/Java/JavaVirtualMachines/jdk-17.jdk/Contents/Home/lib/server/libjvm.dylib at 0x0000000103464000
stack at sp + 2 slots: 0x0000600003ec5e20 points into unknown readable memory: 0x00000001324ab810 | 10 b8 4a 32 01 00 00 00
stack at sp + 3 slots: 0x0000600003f75a20 points into unknown readable memory: 0x00000001324e9a90 | 90 9a 4e 32 01 00 00 00
stack at sp + 4 slots: 0x0000000170646c40 points into unknown readable memory: 0x0000000170646c50 | 50 6c 64 70 01 00 00 00
stack at sp + 5 slots: 0x00000001037428a8: _ZN13nmethodBucket18next_not_unloadingEv+0x84 in /Library/Java/JavaVirtualMachines/jdk-17.jdk/Contents/Home/lib/server/libjvm.dylib at 0x0000000103464000
stack at sp + 6 slots: 0x0 is NULL
stack at sp + 7 slots: 0x0 is NULL


---------------  P R O C E S S  ---------------

Threads class SMR info:
_java_thread_list=0x0000600003dfdec0, length=63, elements={
0x0000000102808200, 0x000000010f81d200, 0x000000011c008200, 0x000000011c009000,
0x0000000102813200, 0x000000011f88f400, 0x000000012180ac00, 0x000000011c009600,
0x0000000102810e00, 0x0000000102811e00, 0x000000010f81f000, 0x0000000120905000,
0x0000000121008600, 0x0000000120833e00, 0x00000001214ab000, 0x000000011c15fe00,
0x000000011c337800, 0x0000000122033400, 0x000000011c04ee00, 0x00000001214b9c00,
0x000000011c392400, 0x00000001214ba200, 0x00000001221c1200, 0x0000000120a02200,
0x0000000122202400, 0x000000011c05e400, 0x0000000121b9f000, 0x000000011fc69800,
0x0000000121809200, 0x0000000120a86e00, 0x0000000102bd1e00, 0x000000011c09dc00,
0x000000011c7fea00, 0x000000012177c600, 0x0000000122b20600, 0x00000001217ade00,
0x0000000123b8ca00, 0x000000010f863c00, 0x000000011eab2a00, 0x0000000122d74200,
0x0000000122d8e600, 0x0000000122d75000, 0x0000000123bffe00, 0x0000000122f35000,
0x000000011c338600, 0x00000001215f3c00, 0x0000000121667200, 0x00000001215fb600,
0x0000000122d90200, 0x0000000122b21a00, 0x0000000122b22000, 0x00000001214e3a00,
0x0000000122902a00, 0x0000000122903000, 0x00000001239a7c00, 0x00000001214abe00,
0x000000010fb72c00, 0x000000010ff0f800, 0x00000001239a6000, 0x000000011fcb5000,
0x000000011fc91400, 0x000000011fae2c00, 0x0000000123c0c800
}

Java Threads: ( => current thread )
  0x0000000102808200 JavaThread "main" [_thread_blocked, id=8707, stack(0x000000016de54000,0x000000016e057000)]
  0x000000010f81d200 JavaThread "Reference Handler" daemon [_thread_blocked, id=18179, stack(0x000000016eca8000,0x000000016eeab000)]
  0x000000011c008200 JavaThread "Finalizer" daemon [_thread_blocked, id=18691, stack(0x000000016eeb4000,0x000000016f0b7000)]
  0x000000011c009000 JavaThread "Signal Dispatcher" daemon [_thread_blocked, id=31235, stack(0x000000016f1d8000,0x000000016f3db000)]
  0x0000000102813200 JavaThread "Service Thread" daemon [_thread_blocked, id=23555, stack(0x000000016f3e4000,0x000000016f5e7000)]
  0x000000011f88f400 JavaThread "Monitor Deflation Thread" daemon [_thread_blocked, id=30723, stack(0x000000016f5f0000,0x000000016f7f3000)]
  0x000000012180ac00 JavaThread "C2 CompilerThread0" daemon [_thread_blocked, id=23811, stack(0x000000016f7fc000,0x000000016f9ff000)]
  0x000000011c009600 JavaThread "C1 CompilerThread0" daemon [_thread_blocked, id=30211, stack(0x000000016fa08000,0x000000016fc0b000)]
  0x0000000102810e00 JavaThread "Sweeper thread" daemon [_thread_blocked, id=29699, stack(0x000000016fc14000,0x000000016fe17000)]
  0x0000000102811e00 JavaThread "Common-Cleaner" daemon [_thread_blocked, id=29187, stack(0x000000016fe20000,0x0000000170023000)]
  0x000000010f81f000 JavaThread "Notification Thread" daemon [_thread_blocked, id=24323, stack(0x000000017002c000,0x000000017022f000)]
  0x0000000120905000 JavaThread "Daemon health stats" [_thread_blocked, id=26115, stack(0x0000000170e80000,0x0000000171083000)]
  0x0000000121008600 JavaThread "Incoming local TCP Connector on port 53040" [_thread_in_native, id=26371, stack(0x000000017108c000,0x000000017128f000)]
  0x0000000120833e00 JavaThread "Daemon periodic checks" [_thread_blocked, id=32771, stack(0x0000000171298000,0x000000017149b000)]
  0x00000001214ab000 JavaThread "Cache worker for journal cache (/Users/jjeoV/.gradle/caches/journal-1)" [_thread_blocked, id=41475, stack(0x00000001722f8000,0x00000001724fb000)]
  0x000000011c15fe00 JavaThread "File lock request listener" [_thread_in_native, id=41219, stack(0x0000000172504000,0x0000000172707000)]
  0x000000011c337800 JavaThread "Cache worker for file hash cache (/Users/jjeoV/.gradle/caches/8.3/fileHashes)" [_thread_blocked, id=35331, stack(0x0000000172710000,0x0000000172913000)]
  0x0000000122033400 JavaThread "File watcher server" daemon [_thread_blocked, id=22791, stack(0x000000017291c000,0x0000000172b1f000)]
  0x000000011c04ee00 JavaThread "File watcher consumer" daemon [_thread_blocked, id=36611, stack(0x0000000172b28000,0x0000000172d2b000)]
  0x00000001214b9c00 JavaThread "Cache worker for file content cache (/Users/jjeoV/.gradle/caches/8.3/fileContent)" [_thread_blocked, id=39171, stack(0x0000000173358000,0x000000017355b000)]
  0x000000011c392400 JavaThread "Cache worker for execution history cache (/Users/jjeoV/.gradle/caches/8.3/executionHistory)" [_thread_blocked, id=43779, stack(0x0000000173d94000,0x0000000173f97000)]
  0x00000001214ba200 JavaThread "jar transforms" [_thread_blocked, id=44035, stack(0x0000000173fa0000,0x00000001741a3000)]
  0x00000001221c1200 JavaThread "jar transforms Thread 2" [_thread_blocked, id=44547, stack(0x00000001741ac000,0x00000001743af000)]
  0x0000000120a02200 JavaThread "jar transforms Thread 3" [_thread_blocked, id=45059, stack(0x00000001743b8000,0x00000001745bb000)]
  0x0000000122202400 JavaThread "jar transforms Thread 4" [_thread_blocked, id=45571, stack(0x00000001745c4000,0x00000001747c7000)]
  0x000000011c05e400 JavaThread "jar transforms Thread 5" [_thread_blocked, id=46083, stack(0x00000001747d0000,0x00000001749d3000)]
  0x0000000121b9f000 JavaThread "jar transforms Thread 6" [_thread_blocked, id=64259, stack(0x00000001749dc000,0x0000000174bdf000)]
  0x000000011fc69800 JavaThread "jar transforms Thread 7" [_thread_blocked, id=46339, stack(0x0000000174be8000,0x0000000174deb000)]
  0x0000000121809200 JavaThread "jar transforms Thread 8" [_thread_blocked, id=63491, stack(0x0000000174df4000,0x0000000174ff7000)]
  0x0000000120a86e00 JavaThread "Memory manager" [_thread_blocked, id=61187, stack(0x000000017626c000,0x000000017646f000)]
  0x0000000102bd1e00 JavaThread "Cache worker for Java compile cache (/Users/jjeoV/.gradle/caches/8.3/javaCompile)" [_thread_blocked, id=126723, stack(0x0000000288d40000,0x0000000288f43000)]
  0x000000011c09dc00 JavaThread "Daemon Thread 10" [_thread_blocked, id=42295, stack(0x00000001714a4000,0x00000001716a7000)]
  0x000000011c7fea00 JavaThread "Daemon worker Thread 9" [_thread_blocked, id=98103, stack(0x0000000171ac8000,0x0000000171ccb000)]
  0x000000012177c600 JavaThread "included builds" [_thread_blocked, id=130071, stack(0x0000000176890000,0x0000000176a93000)]
  0x0000000122b20600 JavaThread "File lock release action executor Thread 3" [_thread_blocked, id=72987, stack(0x00000001716b0000,0x00000001718b3000)]
  0x00000001217ade00 JavaThread "included builds" [_thread_blocked, id=85275, stack(0x0000000176ca8000,0x0000000176eab000)]
  0x0000000123b8ca00 JavaThread "Handler for socket connection from /127.0.0.1:53040 to /127.0.0.1:58547" [_thread_in_native, id=46875, stack(0x00000001718bc000,0x0000000171abf000)]
  0x000000010f863c00 JavaThread "Cancel handler" [_thread_blocked, id=47135, stack(0x0000000171cd4000,0x0000000171ed7000)]
  0x000000011eab2a00 JavaThread "Asynchronous log dispatcher for DefaultDaemonConnection: socket connection from /127.0.0.1:53040 to /127.0.0.1:58547" [_thread_blocked, id=65863, stack(0x0000000171ee0000,0x00000001720e3000)]
  0x0000000122d74200 JavaThread "Stdin handler" [_thread_blocked, id=47447, stack(0x00000001720ec000,0x00000001722ef000)]
  0x0000000122d8e600 JavaThread "Daemon client event forwarder" [_thread_blocked, id=66859, stack(0x0000000172d34000,0x0000000172f37000)]
  0x0000000122d75000 JavaThread "Cache worker for checksums cache (/Users/jjeoV/Desktop/jjeoV/2023/pioneerKids/workspace/ponkidsDev/ponkids/.gradle/8.3/checksums)" [_thread_blocked, id=73267, stack(0x0000000172f40000,0x0000000173143000)]
  0x0000000123bffe00 JavaThread "Cache worker for file hash cache (/Users/jjeoV/Desktop/jjeoV/2023/pioneerKids/workspace/ponkidsDev/ponkids/.gradle/8.3/fileHashes)" [_thread_blocked, id=52767, stack(0x000000017314c000,0x000000017334f000)]
  0x0000000122f35000 JavaThread "Cache worker for cache directory md-supplier (/Users/jjeoV/.gradle/caches/8.3/md-supplier)" [_thread_blocked, id=78103, stack(0x0000000173b88000,0x0000000173d8b000)]
  0x000000011c338600 JavaThread "Cache worker for cache directory md-rule (/Users/jjeoV/.gradle/caches/8.3/md-rule)" [_thread_blocked, id=120351, stack(0x0000000175000000,0x0000000175203000)]
  0x00000001215f3c00 JavaThread "Cache worker for dependencies-accessors (/Users/jjeoV/Desktop/jjeoV/2023/pioneerKids/workspace/ponkidsDev/ponkids/.gradle/8.3/dependencies-accessors)" [_thread_blocked, id=57379, stack(0x000000017520c000,0x000000017540f000)]
  0x0000000121667200 JavaThread "Cache worker for Build Output Cleanup Cache (/Users/jjeoV/Desktop/jjeoV/2023/pioneerKids/workspace/ponkidsDev/ponkids/.gradle/buildOutputCleanup)" [_thread_blocked, id=53295, stack(0x0000000175418000,0x000000017561b000)]
  0x00000001215fb600 JavaThread "Unconstrained build operations" [_thread_blocked, id=128535, stack(0x0000000175624000,0x0000000175827000)]
  0x0000000122d90200 JavaThread "Unconstrained build operations Thread 2" [_thread_blocked, id=127775, stack(0x0000000175830000,0x0000000175a33000)]
  0x0000000122b21a00 JavaThread "Unconstrained build operations Thread 3" [_thread_blocked, id=77135, stack(0x0000000175a3c000,0x0000000175c3f000)]
  0x0000000122b22000 JavaThread "Unconstrained build operations Thread 4" [_thread_blocked, id=82743, stack(0x0000000175c48000,0x0000000175e4b000)]
  0x00000001214e3a00 JavaThread "Unconstrained build operations Thread 5" [_thread_blocked, id=80167, stack(0x0000000175e54000,0x0000000176057000)]
  0x0000000122902a00 JavaThread "Unconstrained build operations Thread 6" [_thread_blocked, id=53543, stack(0x0000000176060000,0x0000000176263000)]
  0x0000000122903000 JavaThread "Unconstrained build operations Thread 7" [_thread_blocked, id=76835, stack(0x0000000176478000,0x000000017667b000)]
  0x00000001239a7c00 JavaThread "included builds" [_thread_blocked, id=75559, stack(0x0000000176684000,0x0000000176887000)]
  0x00000001214abe00 JavaThread "Execution worker" [_thread_blocked, id=70687, stack(0x0000000176a9c000,0x0000000176c9f000)]
  0x000000010fb72c00 JavaThread "Execution worker Thread 2" [_thread_blocked, id=76323, stack(0x0000000176eb4000,0x00000001770b7000)]
  0x000000010ff0f800 JavaThread "Execution worker Thread 3" [_thread_blocked, id=90911, stack(0x00000001770c0000,0x00000001772c3000)]
  0x00000001239a6000 JavaThread "Execution worker Thread 4" [_thread_blocked, id=53835, stack(0x00000001772cc000,0x00000001774cf000)]
  0x000000011fcb5000 JavaThread "Execution worker Thread 5" [_thread_blocked, id=53023, stack(0x00000001774d8000,0x00000001776db000)]
  0x000000011fc91400 JavaThread "Execution worker Thread 6" [_thread_blocked, id=54607, stack(0x00000001776e4000,0x00000001778e7000)]
  0x000000011fae2c00 JavaThread "Execution worker Thread 7" [_thread_blocked, id=51487, stack(0x00000001778f0000,0x0000000177af3000)]
  0x0000000123c0c800 JavaThread "Cache worker for execution history cache (/Users/jjeoV/Desktop/jjeoV/2023/pioneerKids/workspace/ponkidsDev/ponkids/.gradle/8.3/executionHistory)" [_thread_blocked, id=71203, stack(0x0000000177afc000,0x0000000177cff000)]

Other Threads:
  0x0000000120104450 VMThread "VM Thread" [stack: 0x000000016ea9c000,0x000000016ec9f000] [id=17667]
  0x000000010f617e00 WatcherThread [stack: 0x0000000170238000,0x000000017043b000] [id=28675]
  0x0000000120004ec0 GCTaskThread "GC Thread#0" [stack: 0x000000016e060000,0x000000016e263000] [id=14339]
=>0x0000000102313f20 GCTaskThread "GC Thread#1" [stack: 0x0000000170444000,0x0000000170647000] [id=24835]
  0x0000000120207b20 GCTaskThread "GC Thread#2" [stack: 0x0000000170650000,0x0000000170853000] [id=25091]
  0x00000001023143a0 GCTaskThread "GC Thread#3" [stack: 0x000000017085c000,0x0000000170a5f000] [id=25347]
  0x0000000102314c10 GCTaskThread "GC Thread#4" [stack: 0x0000000170a68000,0x0000000170c6b000] [id=27395]
  0x000000012010b310 GCTaskThread "GC Thread#5" [stack: 0x0000000170c74000,0x0000000170e77000] [id=25859]
  0x00000001202231f0 GCTaskThread "GC Thread#6" [stack: 0x0000000173564000,0x0000000173767000] [id=38659]
  0x00000001202234a0 GCTaskThread "GC Thread#7" [stack: 0x0000000173770000,0x0000000173973000] [id=37891]
  0x0000000120005570 ConcurrentGCThread "G1 Main Marker" [stack: 0x000000016e26c000,0x000000016e46f000] [id=12803]
  0x0000000120005df0 ConcurrentGCThread "G1 Conc#0" [stack: 0x000000016e478000,0x000000016e67b000] [id=13827]
  0x000000011f7233d0 ConcurrentGCThread "G1 Conc#1" [stack: 0x000000017397c000,0x0000000173b7f000] [id=38147]
  0x000000011f604ac0 ConcurrentGCThread "G1 Refine#0" [stack: 0x000000016e684000,0x000000016e887000] [id=21251]
  0x000000010224dbf0 ConcurrentGCThread "G1 Refine#1" [stack: 0x0000000288f4c000,0x000000028914f000] [id=93187]
  0x0000000102250610 ConcurrentGCThread "G1 Refine#2" [stack: 0x0000000289158000,0x000000028935b000] [id=125955]
  0x000000012001b500 ConcurrentGCThread "G1 Refine#3" [stack: 0x0000000289364000,0x0000000289567000] [id=94211]
  0x000000012004f130 ConcurrentGCThread "G1 Refine#4" [stack: 0x0000000289570000,0x0000000289773000] [id=125443]
  0x0000000120256b60 ConcurrentGCThread "G1 Refine#5" [stack: 0x000000028977c000,0x000000028997f000] [id=94723]
  0x000000011f679c50 ConcurrentGCThread "G1 Refine#6" [stack: 0x0000000289988000,0x0000000289b8b000] [id=124419]
  0x000000012004abf0 ConcurrentGCThread "G1 Refine#7" [stack: 0x0000000289b94000,0x0000000289d97000] [id=123907]
  0x0000000102207320 ConcurrentGCThread "G1 Service" [stack: 0x000000016e890000,0x000000016ea93000] [id=20739]

Threads with active compile tasks:
C2 CompilerThread0  1168902 29916       4       org.gradle.internal.execution.history.impl.FileSystemSnapshotSerializer::toAbsolutePath (102 bytes)

VM state: at safepoint (normal execution)

VM Mutex/Monitor currently owned by a thread:  ([mutex/lock_event])
[0x0000600002cbd840] Threads_lock - owner thread: 0x0000000120104450
[0x0000600002cbddc0] Heap_lock - owner thread: 0x0000000120005570

Heap address: 0x00000007e0000000, size: 512 MB, Compressed Oops mode: Zero based, Oop shift amount: 3

CDS archive(s) mapped at: [0x0000000500000000-0x0000000500be4000-0x0000000500be4000), size 12468224, SharedBaseAddress: 0x0000000500000000, ArchiveRelocationMode: 1.
Compressed class space mapped at: 0x0000000501000000-0x0000000515000000, reserved size: 335544320
Narrow klass base: 0x0000000500000000, Narrow klass shift: 0, Narrow klass range: 0x100000000

GC Precious Log:
 CPUs: 8 total, 8 available
 Memory: 16384M
 Large Page Support: Disabled
 NUMA Support: Disabled
 Compressed Oops: Enabled (Zero based)
 Heap Region Size: 1M
 Heap Min Capacity: 256M
 Heap Initial Capacity: 256M
 Heap Max Capacity: 512M
 Pre-touch: Disabled
 Parallel Workers: 8
 Concurrent Workers: 2
 Concurrent Refinement Workers: 8
 Periodic GC: Disabled

Heap:
 garbage-first heap   total 471040K, used 144897K [0x00000007e0000000, 0x0000000800000000)
  region size 1024K, 20 young (20480K), 3 survivors (3072K)
 Metaspace       used 77755K, committed 79040K, reserved 458752K
  class space    used 10284K, committed 10880K, reserved 327680K

Heap Regions: E=young(eden), S=young(survivor), O=old, HS=humongous(starts), HC=humongous(continues), CS=collection set, F=free, OA=open archive, CA=closed archive, TAMS=top-at-mark-start (previous, next)
|   0|0x00000007e0000000, 0x00000007e0100000, 0x00000007e0100000|100%|HS|  |TAMS 0x00000007e0100000, 0x00000007e0100000| Complete 
|   1|0x00000007e0100000, 0x00000007e0200000, 0x00000007e0200000|100%|HC|  |TAMS 0x00000007e0200000, 0x00000007e0200000| Complete 
|   2|0x00000007e0200000, 0x00000007e0300000, 0x00000007e0300000|100%|HC|  |TAMS 0x00000007e0300000, 0x00000007e0300000| Complete 
|   3|0x00000007e0300000, 0x00000007e0400000, 0x00000007e0400000|100%|HC|  |TAMS 0x00000007e0400000, 0x00000007e0400000| Complete 
|   4|0x00000007e0400000, 0x00000007e0500000, 0x00000007e0500000|100%| O|  |TAMS 0x00000007e0500000, 0x00000007e0500000| Untracked 
|   5|0x00000007e0500000, 0x00000007e0600000, 0x00000007e0600000|100%| O|  |TAMS 0x00000007e0600000, 0x00000007e0600000| Untracked 
|   6|0x00000007e0600000, 0x00000007e0700000, 0x00000007e0700000|100%| O|  |TAMS 0x00000007e0700000, 0x00000007e0700000| Untracked 
|   7|0x00000007e0700000, 0x00000007e0800000, 0x00000007e0800000|100%| O|  |TAMS 0x00000007e0800000, 0x00000007e0800000| Untracked 
|   8|0x00000007e0800000, 0x00000007e0900000, 0x00000007e0900000|100%|HS|  |TAMS 0x00000007e0800000, 0x00000007e0800000| Complete 
|   9|0x00000007e0900000, 0x00000007e0a00000, 0x00000007e0a00000|100%| O|  |TAMS 0x00000007e0a00000, 0x00000007e0a00000| Untracked 
|  10|0x00000007e0a00000, 0x00000007e0b00000, 0x00000007e0b00000|100%| O|  |TAMS 0x00000007e0b00000, 0x00000007e0b00000| Untracked 
|  11|0x00000007e0b00000, 0x00000007e0b71c00, 0x00000007e0c00000| 44%| O|  |TAMS 0x00000007e0b71c00, 0x00000007e0b71c00| Untracked 
|  12|0x00000007e0c00000, 0x00000007e0d00000, 0x00000007e0d00000|100%| O|  |TAMS 0x00000007e0d00000, 0x00000007e0d00000| Untracked 
|  13|0x00000007e0d00000, 0x00000007e0e00000, 0x00000007e0e00000|100%| O|  |TAMS 0x00000007e0e00000, 0x00000007e0e00000| Untracked 
|  14|0x00000007e0e00000, 0x00000007e0f00000, 0x00000007e0f00000|100%| O|  |TAMS 0x00000007e0f00000, 0x00000007e0f00000| Untracked 
|  15|0x00000007e0f00000, 0x00000007e1000000, 0x00000007e1000000|100%| O|  |TAMS 0x00000007e1000000, 0x00000007e1000000| Untracked 
|  16|0x00000007e1000000, 0x00000007e1100000, 0x00000007e1100000|100%| O|  |TAMS 0x00000007e1100000, 0x00000007e1100000| Untracked 
|  17|0x00000007e1100000, 0x00000007e1200000, 0x00000007e1200000|100%| O|  |TAMS 0x00000007e1200000, 0x00000007e1200000| Untracked 
|  18|0x00000007e1200000, 0x00000007e1300000, 0x00000007e1300000|100%| O|  |TAMS 0x00000007e1300000, 0x00000007e1300000| Untracked 
|  19|0x00000007e1300000, 0x00000007e1400000, 0x00000007e1400000|100%| O|  |TAMS 0x00000007e1400000, 0x00000007e1400000| Untracked 
|  20|0x00000007e1400000, 0x00000007e1500000, 0x00000007e1500000|100%| O|  |TAMS 0x00000007e1500000, 0x00000007e1500000| Untracked 
|  21|0x00000007e1500000, 0x00000007e1600000, 0x00000007e1600000|100%| O|  |TAMS 0x00000007e1600000, 0x00000007e1600000| Untracked 
|  22|0x00000007e1600000, 0x00000007e1700000, 0x00000007e1700000|100%| O|  |TAMS 0x00000007e1700000, 0x00000007e1700000| Untracked 
|  23|0x00000007e1700000, 0x00000007e1800000, 0x00000007e1800000|100%| O|  |TAMS 0x00000007e1800000, 0x00000007e1800000| Untracked 
|  24|0x00000007e1800000, 0x00000007e1900000, 0x00000007e1900000|100%| O|  |TAMS 0x00000007e1900000, 0x00000007e1900000| Untracked 
|  25|0x00000007e1900000, 0x00000007e1a00000, 0x00000007e1a00000|100%| O|  |TAMS 0x00000007e1a00000, 0x00000007e1a00000| Untracked 
|  26|0x00000007e1a00000, 0x00000007e1b00000, 0x00000007e1b00000|100%| O|  |TAMS 0x00000007e1b00000, 0x00000007e1b00000| Untracked 
|  27|0x00000007e1b00000, 0x00000007e1c00000, 0x00000007e1c00000|100%| O|  |TAMS 0x00000007e1c00000, 0x00000007e1c00000| Untracked 
|  28|0x00000007e1c00000, 0x00000007e1d00000, 0x00000007e1d00000|100%| O|  |TAMS 0x00000007e1d00000, 0x00000007e1d00000| Untracked 
|  29|0x00000007e1d00000, 0x00000007e1e00000, 0x00000007e1e00000|100%| O|  |TAMS 0x00000007e1e00000, 0x00000007e1e00000| Untracked 
|  30|0x00000007e1e00000, 0x00000007e1f00000, 0x00000007e1f00000|100%| O|  |TAMS 0x00000007e1f00000, 0x00000007e1f00000| Untracked 
|  31|0x00000007e1f00000, 0x00000007e2000000, 0x00000007e2000000|100%| O|  |TAMS 0x00000007e2000000, 0x00000007e2000000| Untracked 
|  32|0x00000007e2000000, 0x00000007e2100000, 0x00000007e2100000|100%| O|  |TAMS 0x00000007e2100000, 0x00000007e2100000| Untracked 
|  33|0x00000007e2100000, 0x00000007e2200000, 0x00000007e2200000|100%| O|  |TAMS 0x00000007e2200000, 0x00000007e2200000| Untracked 
|  34|0x00000007e2200000, 0x00000007e2300000, 0x00000007e2300000|100%| O|  |TAMS 0x00000007e2300000, 0x00000007e2300000| Untracked 
|  35|0x00000007e2300000, 0x00000007e2400000, 0x00000007e2400000|100%| O|  |TAMS 0x00000007e2400000, 0x00000007e2400000| Untracked 
|  36|0x00000007e2400000, 0x00000007e2500000, 0x00000007e2500000|100%| O|  |TAMS 0x00000007e2500000, 0x00000007e2500000| Untracked 
|  37|0x00000007e2500000, 0x00000007e2600000, 0x00000007e2600000|100%| O|  |TAMS 0x00000007e2600000, 0x00000007e2600000| Untracked 
|  38|0x00000007e2600000, 0x00000007e2600000, 0x00000007e2700000|  0%| F|  |TAMS 0x00000007e2600000, 0x00000007e2600000| Untracked 
|  39|0x00000007e2700000, 0x00000007e2800000, 0x00000007e2800000|100%| O|  |TAMS 0x00000007e2800000, 0x00000007e2800000| Untracked 
|  40|0x00000007e2800000, 0x00000007e2900000, 0x00000007e2900000|100%| O|  |TAMS 0x00000007e2900000, 0x00000007e2900000| Untracked 
|  41|0x00000007e2900000, 0x00000007e2900000, 0x00000007e2a00000|  0%| F|  |TAMS 0x00000007e2900000, 0x00000007e2900000| Untracked 
|  42|0x00000007e2a00000, 0x00000007e2b00000, 0x00000007e2b00000|100%| O|  |TAMS 0x00000007e2b00000, 0x00000007e2b00000| Untracked 
|  43|0x00000007e2b00000, 0x00000007e2c00000, 0x00000007e2c00000|100%| O|  |TAMS 0x00000007e2c00000, 0x00000007e2c00000| Untracked 
|  44|0x00000007e2c00000, 0x00000007e2d00000, 0x00000007e2d00000|100%| O|  |TAMS 0x00000007e2d00000, 0x00000007e2d00000| Untracked 
|  45|0x00000007e2d00000, 0x00000007e2e00000, 0x00000007e2e00000|100%| O|  |TAMS 0x00000007e2e00000, 0x00000007e2e00000| Untracked 
|  46|0x00000007e2e00000, 0x00000007e2f00000, 0x00000007e2f00000|100%| O|  |TAMS 0x00000007e2f00000, 0x00000007e2f00000| Untracked 
|  47|0x00000007e2f00000, 0x00000007e2f00000, 0x00000007e3000000|  0%| F|  |TAMS 0x00000007e2f00000, 0x00000007e2f00000| Untracked 
|  48|0x00000007e3000000, 0x00000007e3100000, 0x00000007e3100000|100%|HS|  |TAMS 0x00000007e3100000, 0x00000007e3100000| Complete 
|  49|0x00000007e3100000, 0x00000007e3200000, 0x00000007e3200000|100%| O|  |TAMS 0x00000007e3200000, 0x00000007e3200000| Untracked 
|  50|0x00000007e3200000, 0x00000007e3300000, 0x00000007e3300000|100%| O|  |TAMS 0x00000007e3300000, 0x00000007e3300000| Untracked 
|  51|0x00000007e3300000, 0x00000007e3400000, 0x00000007e3400000|100%| O|  |TAMS 0x00000007e3400000, 0x00000007e3400000| Untracked 
|  52|0x00000007e3400000, 0x00000007e3500000, 0x00000007e3500000|100%| O|  |TAMS 0x00000007e3500000, 0x00000007e3500000| Untracked 
|  53|0x00000007e3500000, 0x00000007e3500000, 0x00000007e3600000|  0%| F|  |TAMS 0x00000007e3500000, 0x00000007e3500000| Untracked 
|  54|0x00000007e3600000, 0x00000007e3700000, 0x00000007e3700000|100%| O|  |TAMS 0x00000007e3700000, 0x00000007e3700000| Untracked 
|  55|0x00000007e3700000, 0x00000007e3700000, 0x00000007e3800000|  0%| F|  |TAMS 0x00000007e3700000, 0x00000007e3700000| Untracked 
|  56|0x00000007e3800000, 0x00000007e3900000, 0x00000007e3900000|100%| O|  |TAMS 0x00000007e3800000, 0x00000007e3900000| Untracked 
|  57|0x00000007e3900000, 0x00000007e3a00000, 0x00000007e3a00000|100%| O|  |TAMS 0x00000007e3900000, 0x00000007e3a00000| Untracked 
|  58|0x00000007e3a00000, 0x00000007e3b00000, 0x00000007e3b00000|100%| O|  |TAMS 0x00000007e3b00000, 0x00000007e3b00000| Untracked 
|  59|0x00000007e3b00000, 0x00000007e3b00000, 0x00000007e3c00000|  0%| F|  |TAMS 0x00000007e3b00000, 0x00000007e3b00000| Untracked 
|  60|0x00000007e3c00000, 0x00000007e3d00000, 0x00000007e3d00000|100%| O|  |TAMS 0x00000007e3d00000, 0x00000007e3d00000| Untracked 
|  61|0x00000007e3d00000, 0x00000007e3e00000, 0x00000007e3e00000|100%| O|  |TAMS 0x00000007e3d00000, 0x00000007e3e00000| Untracked 
|  62|0x00000007e3e00000, 0x00000007e3f00000, 0x00000007e3f00000|100%| O|  |TAMS 0x00000007e3e00000, 0x00000007e3f00000| Untracked 
|  63|0x00000007e3f00000, 0x00000007e3f00000, 0x00000007e4000000|  0%| F|  |TAMS 0x00000007e3f00000, 0x00000007e3f00000| Untracked 
|  64|0x00000007e4000000, 0x00000007e4100000, 0x00000007e4100000|100%| O|  |TAMS 0x00000007e4100000, 0x00000007e4100000| Untracked 
|  65|0x00000007e4100000, 0x00000007e4200000, 0x00000007e4200000|100%| O|  |TAMS 0x00000007e4200000, 0x00000007e4200000| Untracked 
|  66|0x00000007e4200000, 0x00000007e4200000, 0x00000007e4300000|  0%| F|  |TAMS 0x00000007e4200000, 0x00000007e4200000| Untracked 
|  67|0x00000007e4300000, 0x00000007e4400000, 0x00000007e4400000|100%| O|  |TAMS 0x00000007e4400000, 0x00000007e4400000| Untracked 
|  68|0x00000007e4400000, 0x00000007e4500000, 0x00000007e4500000|100%| O|  |TAMS 0x00000007e4500000, 0x00000007e4500000| Untracked 
|  69|0x00000007e4500000, 0x00000007e4600000, 0x00000007e4600000|100%| O|  |TAMS 0x00000007e4600000, 0x00000007e4600000| Untracked 
|  70|0x00000007e4600000, 0x00000007e4700000, 0x00000007e4700000|100%| O|  |TAMS 0x00000007e4700000, 0x00000007e4700000| Untracked 
|  71|0x00000007e4700000, 0x00000007e4800000, 0x00000007e4800000|100%| O|  |TAMS 0x00000007e4800000, 0x00000007e4800000| Untracked 
|  72|0x00000007e4800000, 0x00000007e4900000, 0x00000007e4900000|100%| O|  |TAMS 0x00000007e4900000, 0x00000007e4900000| Untracked 
|  73|0x00000007e4900000, 0x00000007e4a00000, 0x00000007e4a00000|100%| O|  |TAMS 0x00000007e4900000, 0x00000007e4a00000| Untracked 
|  74|0x00000007e4a00000, 0x00000007e4b00000, 0x00000007e4b00000|100%| O|  |TAMS 0x00000007e4a00000, 0x00000007e4b00000| Untracked 
|  75|0x00000007e4b00000, 0x00000007e4c00000, 0x00000007e4c00000|100%| O|  |TAMS 0x00000007e4c00000, 0x00000007e4c00000| Untracked 
|  76|0x00000007e4c00000, 0x00000007e4d00000, 0x00000007e4d00000|100%| O|  |TAMS 0x00000007e4c00000, 0x00000007e4d00000| Untracked 
|  77|0x00000007e4d00000, 0x00000007e4e00000, 0x00000007e4e00000|100%| O|  |TAMS 0x00000007e4e00000, 0x00000007e4e00000| Untracked 
|  78|0x00000007e4e00000, 0x00000007e4f00000, 0x00000007e4f00000|100%| O|  |TAMS 0x00000007e4f00000, 0x00000007e4f00000| Untracked 
|  79|0x00000007e4f00000, 0x00000007e4f00000, 0x00000007e5000000|  0%| F|  |TAMS 0x00000007e4f00000, 0x00000007e4f00000| Untracked 
|  80|0x00000007e5000000, 0x00000007e5100000, 0x00000007e5100000|100%| O|  |TAMS 0x00000007e5100000, 0x00000007e5100000| Untracked 
|  81|0x00000007e5100000, 0x00000007e5200000, 0x00000007e5200000|100%| O|  |TAMS 0x00000007e5200000, 0x00000007e5200000| Untracked 
|  82|0x00000007e5200000, 0x00000007e5300000, 0x00000007e5300000|100%| O|  |TAMS 0x00000007e5200000, 0x00000007e5300000| Untracked 
|  83|0x00000007e5300000, 0x00000007e5300000, 0x00000007e5400000|  0%| F|  |TAMS 0x00000007e5300000, 0x00000007e5300000| Untracked 
|  84|0x00000007e5400000, 0x00000007e5400000, 0x00000007e5500000|  0%| F|  |TAMS 0x00000007e5400000, 0x00000007e5400000| Untracked 
|  85|0x00000007e5500000, 0x00000007e5600000, 0x00000007e5600000|100%| O|  |TAMS 0x00000007e5500000, 0x00000007e5600000| Untracked 
|  86|0x00000007e5600000, 0x00000007e5700000, 0x00000007e5700000|100%| O|  |TAMS 0x00000007e5600000, 0x00000007e5700000| Untracked 
|  87|0x00000007e5700000, 0x00000007e5700000, 0x00000007e5800000|  0%| F|  |TAMS 0x00000007e5700000, 0x00000007e5700000| Untracked 
|  88|0x00000007e5800000, 0x00000007e5900000, 0x00000007e5900000|100%| O|  |TAMS 0x00000007e5900000, 0x00000007e5900000| Untracked 
|  89|0x00000007e5900000, 0x00000007e5a00000, 0x00000007e5a00000|100%| O|  |TAMS 0x00000007e5900000, 0x00000007e5a00000| Untracked 
|  90|0x00000007e5a00000, 0x00000007e5a00000, 0x00000007e5b00000|  0%| F|  |TAMS 0x00000007e5a00000, 0x00000007e5a00000| Untracked 
|  91|0x00000007e5b00000, 0x00000007e5c00000, 0x00000007e5c00000|100%| O|  |TAMS 0x00000007e5c00000, 0x00000007e5c00000| Untracked 
|  92|0x00000007e5c00000, 0x00000007e5d00000, 0x00000007e5d00000|100%| O|  |TAMS 0x00000007e5c00000, 0x00000007e5d00000| Untracked 
|  93|0x00000007e5d00000, 0x00000007e5e00000, 0x00000007e5e00000|100%| O|  |TAMS 0x00000007e5d00000, 0x00000007e5e00000| Untracked 
|  94|0x00000007e5e00000, 0x00000007e5f00000, 0x00000007e5f00000|100%| O|  |TAMS 0x00000007e5e00000, 0x00000007e5f00000| Untracked 
|  95|0x00000007e5f00000, 0x00000007e5f00000, 0x00000007e6000000|  0%| F|  |TAMS 0x00000007e5f00000, 0x00000007e5f00000| Untracked 
|  96|0x00000007e6000000, 0x00000007e6000000, 0x00000007e6100000|  0%| F|  |TAMS 0x00000007e6000000, 0x00000007e6000000| Untracked 
|  97|0x00000007e6100000, 0x00000007e6200000, 0x00000007e6200000|100%| O|  |TAMS 0x00000007e6100000, 0x00000007e6200000| Untracked 
|  98|0x00000007e6200000, 0x00000007e6200000, 0x00000007e6300000|  0%| F|  |TAMS 0x00000007e6200000, 0x00000007e6200000| Untracked 
|  99|0x00000007e6300000, 0x00000007e6300000, 0x00000007e6400000|  0%| F|  |TAMS 0x00000007e6300000, 0x00000007e6300000| Untracked 
| 100|0x00000007e6400000, 0x00000007e6400000, 0x00000007e6500000|  0%| F|  |TAMS 0x00000007e6400000, 0x00000007e6400000| Untracked 
| 101|0x00000007e6500000, 0x00000007e6600000, 0x00000007e6600000|100%| O|  |TAMS 0x00000007e6500000, 0x00000007e6600000| Untracked 
| 102|0x00000007e6600000, 0x00000007e6600000, 0x00000007e6700000|  0%| F|  |TAMS 0x00000007e6600000, 0x00000007e6600000| Untracked 
| 103|0x00000007e6700000, 0x00000007e6700000, 0x00000007e6800000|  0%| F|  |TAMS 0x00000007e6700000, 0x00000007e6700000| Untracked 
| 104|0x00000007e6800000, 0x00000007e6900000, 0x00000007e6900000|100%| O|  |TAMS 0x00000007e6900000, 0x00000007e6900000| Untracked 
| 105|0x00000007e6900000, 0x00000007e6900000, 0x00000007e6a00000|  0%| F|  |TAMS 0x00000007e6900000, 0x00000007e6900000| Untracked 
| 106|0x00000007e6a00000, 0x00000007e6b00000, 0x00000007e6b00000|100%| O|  |TAMS 0x00000007e6b00000, 0x00000007e6b00000| Untracked 
| 107|0x00000007e6b00000, 0x00000007e6c00000, 0x00000007e6c00000|100%| O|  |TAMS 0x00000007e6c00000, 0x00000007e6c00000| Untracked 
| 108|0x00000007e6c00000, 0x00000007e6d00000, 0x00000007e6d00000|100%| O|  |TAMS 0x00000007e6d00000, 0x00000007e6d00000| Untracked 
| 109|0x00000007e6d00000, 0x00000007e6e00000, 0x00000007e6e00000|100%| O|  |TAMS 0x00000007e6e00000, 0x00000007e6e00000| Untracked 
| 110|0x00000007e6e00000, 0x00000007e6f00000, 0x00000007e6f00000|100%| O|  |TAMS 0x00000007e6f00000, 0x00000007e6f00000| Untracked 
| 111|0x00000007e6f00000, 0x00000007e7000000, 0x00000007e7000000|100%| O|  |TAMS 0x00000007e7000000, 0x00000007e7000000| Untracked 
| 112|0x00000007e7000000, 0x00000007e7100000, 0x00000007e7100000|100%| O|  |TAMS 0x00000007e7100000, 0x00000007e7100000| Untracked 
| 113|0x00000007e7100000, 0x00000007e7200000, 0x00000007e7200000|100%| O|  |TAMS 0x00000007e7200000, 0x00000007e7200000| Untracked 
| 114|0x00000007e7200000, 0x00000007e7300000, 0x00000007e7300000|100%| O|  |TAMS 0x00000007e7300000, 0x00000007e7300000| Untracked 
| 115|0x00000007e7300000, 0x00000007e7400000, 0x00000007e7400000|100%| O|  |TAMS 0x00000007e7400000, 0x00000007e7400000| Untracked 
| 116|0x00000007e7400000, 0x00000007e7500000, 0x00000007e7500000|100%| O|  |TAMS 0x00000007e7500000, 0x00000007e7500000| Untracked 
| 117|0x00000007e7500000, 0x00000007e7600000, 0x00000007e7600000|100%| O|  |TAMS 0x00000007e7600000, 0x00000007e7600000| Untracked 
| 118|0x00000007e7600000, 0x00000007e7700000, 0x00000007e7700000|100%| O|  |TAMS 0x00000007e7700000, 0x00000007e7700000| Untracked 
| 119|0x00000007e7700000, 0x00000007e7800000, 0x00000007e7800000|100%| O|  |TAMS 0x00000007e7700000, 0x00000007e7800000| Untracked 
| 120|0x00000007e7800000, 0x00000007e7900000, 0x00000007e7900000|100%| O|  |TAMS 0x00000007e7900000, 0x00000007e7900000| Untracked 
| 121|0x00000007e7900000, 0x00000007e7a00000, 0x00000007e7a00000|100%| O|  |TAMS 0x00000007e7900000, 0x00000007e7a00000| Untracked 
| 122|0x00000007e7a00000, 0x00000007e7b00000, 0x00000007e7b00000|100%| O|  |TAMS 0x00000007e7b00000, 0x00000007e7b00000| Untracked 
| 123|0x00000007e7b00000, 0x00000007e7c00000, 0x00000007e7c00000|100%| O|  |TAMS 0x00000007e7c00000, 0x00000007e7c00000| Untracked 
| 124|0x00000007e7c00000, 0x00000007e7c00000, 0x00000007e7d00000|  0%| F|  |TAMS 0x00000007e7c00000, 0x00000007e7c00000| Untracked 
| 125|0x00000007e7d00000, 0x00000007e7d00000, 0x00000007e7e00000|  0%| F|  |TAMS 0x00000007e7d00000, 0x00000007e7d00000| Untracked 
| 126|0x00000007e7e00000, 0x00000007e7e00000, 0x00000007e7f00000|  0%| F|  |TAMS 0x00000007e7e00000, 0x00000007e7e00000| Untracked 
| 127|0x00000007e7f00000, 0x00000007e7f00000, 0x00000007e8000000|  0%| F|  |TAMS 0x00000007e7f00000, 0x00000007e7f00000| Untracked 
| 128|0x00000007e8000000, 0x00000007e8000000, 0x00000007e8100000|  0%| F|  |TAMS 0x00000007e8000000, 0x00000007e8000000| Untracked 
| 129|0x00000007e8100000, 0x00000007e8100000, 0x00000007e8200000|  0%| F|  |TAMS 0x00000007e8100000, 0x00000007e8100000| Untracked 
| 130|0x00000007e8200000, 0x00000007e8300000, 0x00000007e8300000|100%| O|  |TAMS 0x00000007e8300000, 0x00000007e8300000| Untracked 
| 131|0x00000007e8300000, 0x00000007e8300000, 0x00000007e8400000|  0%| F|  |TAMS 0x00000007e8300000, 0x00000007e8300000| Untracked 
| 132|0x00000007e8400000, 0x00000007e8500000, 0x00000007e8500000|100%| O|  |TAMS 0x00000007e8500000, 0x00000007e8500000| Untracked 
| 133|0x00000007e8500000, 0x00000007e8500000, 0x00000007e8600000|  0%| F|  |TAMS 0x00000007e8500000, 0x00000007e8500000| Untracked 
| 134|0x00000007e8600000, 0x00000007e8700000, 0x00000007e8700000|100%| O|  |TAMS 0x00000007e8700000, 0x00000007e8700000| Untracked 
| 135|0x00000007e8700000, 0x00000007e87c0a00, 0x00000007e8800000| 75%| O|  |TAMS 0x00000007e8700000, 0x00000007e87c0a00| Untracked 
| 136|0x00000007e8800000, 0x00000007e8900000, 0x00000007e8900000|100%| O|  |TAMS 0x00000007e8900000, 0x00000007e8900000| Untracked 
| 137|0x00000007e8900000, 0x00000007e8900000, 0x00000007e8a00000|  0%| F|  |TAMS 0x00000007e8900000, 0x00000007e8900000| Untracked 
| 138|0x00000007e8a00000, 0x00000007e8b00000, 0x00000007e8b00000|100%| O|  |TAMS 0x00000007e8b00000, 0x00000007e8b00000| Untracked 
| 139|0x00000007e8b00000, 0x00000007e8c00000, 0x00000007e8c00000|100%| O|  |TAMS 0x00000007e8c00000, 0x00000007e8c00000| Untracked 
| 140|0x00000007e8c00000, 0x00000007e8d00000, 0x00000007e8d00000|100%| O|  |TAMS 0x00000007e8d00000, 0x00000007e8d00000| Untracked 
| 141|0x00000007e8d00000, 0x00000007e8d00000, 0x00000007e8e00000|  0%| F|  |TAMS 0x00000007e8d00000, 0x00000007e8d00000| Untracked 
| 142|0x00000007e8e00000, 0x00000007e8f00000, 0x00000007e8f00000|100%| O|  |TAMS 0x00000007e8f00000, 0x00000007e8f00000| Untracked 
| 143|0x00000007e8f00000, 0x00000007e9000000, 0x00000007e9000000|100%| O|  |TAMS 0x00000007e9000000, 0x00000007e9000000| Untracked 
| 144|0x00000007e9000000, 0x00000007e9000000, 0x00000007e9100000|  0%| F|  |TAMS 0x00000007e9000000, 0x00000007e9000000| Untracked 
| 145|0x00000007e9100000, 0x00000007e9100000, 0x00000007e9200000|  0%| F|  |TAMS 0x00000007e9100000, 0x00000007e9100000| Untracked 
| 146|0x00000007e9200000, 0x00000007e9200000, 0x00000007e9300000|  0%| F|  |TAMS 0x00000007e9200000, 0x00000007e9200000| Untracked 
| 147|0x00000007e9300000, 0x00000007e9300000, 0x00000007e9400000|  0%| F|  |TAMS 0x00000007e9300000, 0x00000007e9300000| Untracked 
| 148|0x00000007e9400000, 0x00000007e9400000, 0x00000007e9500000|  0%| F|  |TAMS 0x00000007e9400000, 0x00000007e9400000| Untracked 
| 149|0x00000007e9500000, 0x00000007e9600000, 0x00000007e9600000|100%| O|  |TAMS 0x00000007e9600000, 0x00000007e9600000| Untracked 
| 150|0x00000007e9600000, 0x00000007e9700000, 0x00000007e9700000|100%| O|  |TAMS 0x00000007e9700000, 0x00000007e9700000| Untracked 
| 151|0x00000007e9700000, 0x00000007e9800000, 0x00000007e9800000|100%| O|  |TAMS 0x00000007e9800000, 0x00000007e9800000| Untracked 
| 152|0x00000007e9800000, 0x00000007e9900000, 0x00000007e9900000|100%| O|  |TAMS 0x00000007e9900000, 0x00000007e9900000| Untracked 
| 153|0x00000007e9900000, 0x00000007e9a00000, 0x00000007e9a00000|100%| O|  |TAMS 0x00000007e9a00000, 0x00000007e9a00000| Untracked 
| 154|0x00000007e9a00000, 0x00000007e9b00000, 0x00000007e9b00000|100%| O|  |TAMS 0x00000007e9b00000, 0x00000007e9b00000| Untracked 
| 155|0x00000007e9b00000, 0x00000007e9c00000, 0x00000007e9c00000|100%| O|  |TAMS 0x00000007e9c00000, 0x00000007e9c00000| Untracked 
| 156|0x00000007e9c00000, 0x00000007e9d00000, 0x00000007e9d00000|100%| O|  |TAMS 0x00000007e9d00000, 0x00000007e9d00000| Untracked 
| 157|0x00000007e9d00000, 0x00000007e9e00000, 0x00000007e9e00000|100%| O|  |TAMS 0x00000007e9e00000, 0x00000007e9e00000| Untracked 
| 158|0x00000007e9e00000, 0x00000007e9f00000, 0x00000007e9f00000|100%| O|  |TAMS 0x00000007e9f00000, 0x00000007e9f00000| Untracked 
| 159|0x00000007e9f00000, 0x00000007e9f00000, 0x00000007ea000000|  0%| F|  |TAMS 0x00000007e9f00000, 0x00000007e9f00000| Untracked 
| 160|0x00000007ea000000, 0x00000007ea000000, 0x00000007ea100000|  0%| F|  |TAMS 0x00000007ea000000, 0x00000007ea000000| Untracked 
| 161|0x00000007ea100000, 0x00000007ea100000, 0x00000007ea200000|  0%| F|  |TAMS 0x00000007ea100000, 0x00000007ea100000| Untracked 
| 162|0x00000007ea200000, 0x00000007ea200000, 0x00000007ea300000|  0%| F|  |TAMS 0x00000007ea200000, 0x00000007ea200000| Untracked 
| 163|0x00000007ea300000, 0x00000007ea300000, 0x00000007ea400000|  0%| F|  |TAMS 0x00000007ea300000, 0x00000007ea300000| Untracked 
| 164|0x00000007ea400000, 0x00000007ea400000, 0x00000007ea500000|  0%| F|  |TAMS 0x00000007ea400000, 0x00000007ea400000| Untracked 
| 165|0x00000007ea500000, 0x00000007ea500000, 0x00000007ea600000|  0%| F|  |TAMS 0x00000007ea500000, 0x00000007ea500000| Untracked 
| 166|0x00000007ea600000, 0x00000007ea600000, 0x00000007ea700000|  0%| F|  |TAMS 0x00000007ea600000, 0x00000007ea600000| Untracked 
| 167|0x00000007ea700000, 0x00000007ea700000, 0x00000007ea800000|  0%| F|  |TAMS 0x00000007ea700000, 0x00000007ea700000| Untracked 
| 168|0x00000007ea800000, 0x00000007ea800000, 0x00000007ea900000|  0%| F|  |TAMS 0x00000007ea800000, 0x00000007ea800000| Untracked 
| 169|0x00000007ea900000, 0x00000007ea900000, 0x00000007eaa00000|  0%| F|  |TAMS 0x00000007ea900000, 0x00000007ea900000| Untracked 
| 170|0x00000007eaa00000, 0x00000007eaa00000, 0x00000007eab00000|  0%| F|  |TAMS 0x00000007eaa00000, 0x00000007eaa00000| Untracked 
| 171|0x00000007eab00000, 0x00000007eab00000, 0x00000007eac00000|  0%| F|  |TAMS 0x00000007eab00000, 0x00000007eab00000| Untracked 
| 172|0x00000007eac00000, 0x00000007eac00000, 0x00000007ead00000|  0%| F|  |TAMS 0x00000007eac00000, 0x00000007eac00000| Untracked 
| 173|0x00000007ead00000, 0x00000007ead00000, 0x00000007eae00000|  0%| F|  |TAMS 0x00000007ead00000, 0x00000007ead00000| Untracked 
| 174|0x00000007eae00000, 0x00000007eae00000, 0x00000007eaf00000|  0%| F|  |TAMS 0x00000007eae00000, 0x00000007eae00000| Untracked 
| 175|0x00000007eaf00000, 0x00000007eaf00000, 0x00000007eb000000|  0%| F|  |TAMS 0x00000007eaf00000, 0x00000007eaf00000| Untracked 
| 176|0x00000007eb000000, 0x00000007eb000000, 0x00000007eb100000|  0%| F|  |TAMS 0x00000007eb000000, 0x00000007eb000000| Untracked 
| 177|0x00000007eb100000, 0x00000007eb100000, 0x00000007eb200000|  0%| F|  |TAMS 0x00000007eb100000, 0x00000007eb100000| Untracked 
| 178|0x00000007eb200000, 0x00000007eb200000, 0x00000007eb300000|  0%| F|  |TAMS 0x00000007eb200000, 0x00000007eb200000| Untracked 
| 179|0x00000007eb300000, 0x00000007eb300000, 0x00000007eb400000|  0%| F|  |TAMS 0x00000007eb300000, 0x00000007eb300000| Untracked 
| 180|0x00000007eb400000, 0x00000007eb400000, 0x00000007eb500000|  0%| F|  |TAMS 0x00000007eb400000, 0x00000007eb400000| Untracked 
| 181|0x00000007eb500000, 0x00000007eb500000, 0x00000007eb600000|  0%| F|  |TAMS 0x00000007eb500000, 0x00000007eb500000| Untracked 
| 182|0x00000007eb600000, 0x00000007eb600000, 0x00000007eb700000|  0%| F|  |TAMS 0x00000007eb600000, 0x00000007eb600000| Untracked 
| 183|0x00000007eb700000, 0x00000007eb700000, 0x00000007eb800000|  0%| F|  |TAMS 0x00000007eb700000, 0x00000007eb700000| Untracked 
| 184|0x00000007eb800000, 0x00000007eb800000, 0x00000007eb900000|  0%| F|  |TAMS 0x00000007eb800000, 0x00000007eb800000| Untracked 
| 185|0x00000007eb900000, 0x00000007eb900000, 0x00000007eba00000|  0%| F|  |TAMS 0x00000007eb900000, 0x00000007eb900000| Untracked 
| 186|0x00000007eba00000, 0x00000007eba00000, 0x00000007ebb00000|  0%| F|  |TAMS 0x00000007eba00000, 0x00000007eba00000| Untracked 
| 187|0x00000007ebb00000, 0x00000007ebb00000, 0x00000007ebc00000|  0%| F|  |TAMS 0x00000007ebb00000, 0x00000007ebb00000| Untracked 
| 188|0x00000007ebc00000, 0x00000007ebc00000, 0x00000007ebd00000|  0%| F|  |TAMS 0x00000007ebc00000, 0x00000007ebc00000| Untracked 
| 189|0x00000007ebd00000, 0x00000007ebd00000, 0x00000007ebe00000|  0%| F|  |TAMS 0x00000007ebd00000, 0x00000007ebd00000| Untracked 
| 190|0x00000007ebe00000, 0x00000007ebe00000, 0x00000007ebf00000|  0%| F|  |TAMS 0x00000007ebe00000, 0x00000007ebe00000| Untracked 
| 191|0x00000007ebf00000, 0x00000007ebf00000, 0x00000007ec000000|  0%| F|  |TAMS 0x00000007ebf00000, 0x00000007ebf00000| Untracked 
| 192|0x00000007ec000000, 0x00000007ec000000, 0x00000007ec100000|  0%| F|  |TAMS 0x00000007ec000000, 0x00000007ec000000| Untracked 
| 193|0x00000007ec100000, 0x00000007ec100000, 0x00000007ec200000|  0%| F|  |TAMS 0x00000007ec100000, 0x00000007ec100000| Untracked 
| 194|0x00000007ec200000, 0x00000007ec200000, 0x00000007ec300000|  0%| F|  |TAMS 0x00000007ec200000, 0x00000007ec200000| Untracked 
| 195|0x00000007ec300000, 0x00000007ec300000, 0x00000007ec400000|  0%| F|  |TAMS 0x00000007ec300000, 0x00000007ec300000| Untracked 
| 196|0x00000007ec400000, 0x00000007ec400000, 0x00000007ec500000|  0%| F|  |TAMS 0x00000007ec400000, 0x00000007ec400000| Untracked 
| 197|0x00000007ec500000, 0x00000007ec500000, 0x00000007ec600000|  0%| F|  |TAMS 0x00000007ec500000, 0x00000007ec500000| Untracked 
| 198|0x00000007ec600000, 0x00000007ec600000, 0x00000007ec700000|  0%| F|  |TAMS 0x00000007ec600000, 0x00000007ec600000| Untracked 
| 199|0x00000007ec700000, 0x00000007ec700000, 0x00000007ec800000|  0%| F|  |TAMS 0x00000007ec700000, 0x00000007ec700000| Untracked 
| 200|0x00000007ec800000, 0x00000007ec800000, 0x00000007ec900000|  0%| F|  |TAMS 0x00000007ec800000, 0x00000007ec800000| Untracked 
| 201|0x00000007ec900000, 0x00000007ec900000, 0x00000007eca00000|  0%| F|  |TAMS 0x00000007ec900000, 0x00000007ec900000| Untracked 
| 202|0x00000007eca00000, 0x00000007eca00000, 0x00000007ecb00000|  0%| F|  |TAMS 0x00000007eca00000, 0x00000007eca00000| Untracked 
| 203|0x00000007ecb00000, 0x00000007ecb00000, 0x00000007ecc00000|  0%| F|  |TAMS 0x00000007ecb00000, 0x00000007ecb00000| Untracked 
| 204|0x00000007ecc00000, 0x00000007ecc00000, 0x00000007ecd00000|  0%| F|  |TAMS 0x00000007ecc00000, 0x00000007ecc00000| Untracked 
| 205|0x00000007ecd00000, 0x00000007ecd00000, 0x00000007ece00000|  0%| F|  |TAMS 0x00000007ecd00000, 0x00000007ecd00000| Untracked 
| 206|0x00000007ece00000, 0x00000007ece00000, 0x00000007ecf00000|  0%| F|  |TAMS 0x00000007ece00000, 0x00000007ece00000| Untracked 
| 207|0x00000007ecf00000, 0x00000007ecf00000, 0x00000007ed000000|  0%| F|  |TAMS 0x00000007ecf00000, 0x00000007ecf00000| Untracked 
| 208|0x00000007ed000000, 0x00000007ed000000, 0x00000007ed100000|  0%| F|  |TAMS 0x00000007ed000000, 0x00000007ed000000| Untracked 
| 209|0x00000007ed100000, 0x00000007ed100000, 0x00000007ed200000|  0%| F|  |TAMS 0x00000007ed100000, 0x00000007ed100000| Untracked 
| 210|0x00000007ed200000, 0x00000007ed200000, 0x00000007ed300000|  0%| F|  |TAMS 0x00000007ed200000, 0x00000007ed200000| Untracked 
| 211|0x00000007ed300000, 0x00000007ed300000, 0x00000007ed400000|  0%| F|  |TAMS 0x00000007ed300000, 0x00000007ed300000| Untracked 
| 212|0x00000007ed400000, 0x00000007ed400000, 0x00000007ed500000|  0%| F|  |TAMS 0x00000007ed400000, 0x00000007ed400000| Untracked 
| 213|0x00000007ed500000, 0x00000007ed500000, 0x00000007ed600000|  0%| F|  |TAMS 0x00000007ed500000, 0x00000007ed500000| Untracked 
| 214|0x00000007ed600000, 0x00000007ed600000, 0x00000007ed700000|  0%| F|  |TAMS 0x00000007ed600000, 0x00000007ed600000| Untracked 
| 215|0x00000007ed700000, 0x00000007ed700000, 0x00000007ed800000|  0%| F|  |TAMS 0x00000007ed700000, 0x00000007ed700000| Untracked 
| 216|0x00000007ed800000, 0x00000007ed800000, 0x00000007ed900000|  0%| F|  |TAMS 0x00000007ed800000, 0x00000007ed800000| Untracked 
| 217|0x00000007ed900000, 0x00000007ed900000, 0x00000007eda00000|  0%| F|  |TAMS 0x00000007ed900000, 0x00000007ed900000| Untracked 
| 218|0x00000007eda00000, 0x00000007eda00000, 0x00000007edb00000|  0%| F|  |TAMS 0x00000007eda00000, 0x00000007eda00000| Untracked 
| 219|0x00000007edb00000, 0x00000007edb00000, 0x00000007edc00000|  0%| F|  |TAMS 0x00000007edb00000, 0x00000007edb00000| Untracked 
| 220|0x00000007edc00000, 0x00000007edc00000, 0x00000007edd00000|  0%| F|  |TAMS 0x00000007edc00000, 0x00000007edc00000| Untracked 
| 221|0x00000007edd00000, 0x00000007edd00000, 0x00000007ede00000|  0%| F|  |TAMS 0x00000007edd00000, 0x00000007edd00000| Untracked 
| 222|0x00000007ede00000, 0x00000007ede00000, 0x00000007edf00000|  0%| F|  |TAMS 0x00000007ede00000, 0x00000007ede00000| Untracked 
| 223|0x00000007edf00000, 0x00000007edf00000, 0x00000007ee000000|  0%| F|  |TAMS 0x00000007edf00000, 0x00000007edf00000| Untracked 
| 224|0x00000007ee000000, 0x00000007ee000000, 0x00000007ee100000|  0%| F|  |TAMS 0x00000007ee000000, 0x00000007ee000000| Untracked 
| 225|0x00000007ee100000, 0x00000007ee100000, 0x00000007ee200000|  0%| F|  |TAMS 0x00000007ee100000, 0x00000007ee100000| Untracked 
| 226|0x00000007ee200000, 0x00000007ee200000, 0x00000007ee300000|  0%| F|  |TAMS 0x00000007ee200000, 0x00000007ee200000| Untracked 
| 227|0x00000007ee300000, 0x00000007ee300000, 0x00000007ee400000|  0%| F|  |TAMS 0x00000007ee300000, 0x00000007ee300000| Untracked 
| 228|0x00000007ee400000, 0x00000007ee400000, 0x00000007ee500000|  0%| F|  |TAMS 0x00000007ee400000, 0x00000007ee400000| Untracked 
| 229|0x00000007ee500000, 0x00000007ee500000, 0x00000007ee600000|  0%| F|  |TAMS 0x00000007ee500000, 0x00000007ee500000| Untracked 
| 230|0x00000007ee600000, 0x00000007ee600000, 0x00000007ee700000|  0%| F|  |TAMS 0x00000007ee600000, 0x00000007ee600000| Untracked 
| 231|0x00000007ee700000, 0x00000007ee700000, 0x00000007ee800000|  0%| F|  |TAMS 0x00000007ee700000, 0x00000007ee700000| Untracked 
| 232|0x00000007ee800000, 0x00000007ee800000, 0x00000007ee900000|  0%| F|  |TAMS 0x00000007ee800000, 0x00000007ee800000| Untracked 
| 233|0x00000007ee900000, 0x00000007ee900000, 0x00000007eea00000|  0%| F|  |TAMS 0x00000007ee900000, 0x00000007ee900000| Untracked 
| 234|0x00000007eea00000, 0x00000007eea00000, 0x00000007eeb00000|  0%| F|  |TAMS 0x00000007eea00000, 0x00000007eea00000| Untracked 
| 235|0x00000007eeb00000, 0x00000007eeb00000, 0x00000007eec00000|  0%| F|  |TAMS 0x00000007eeb00000, 0x00000007eeb00000| Untracked 
| 236|0x00000007eec00000, 0x00000007eec00000, 0x00000007eed00000|  0%| F|  |TAMS 0x00000007eec00000, 0x00000007eec00000| Untracked 
| 237|0x00000007eed00000, 0x00000007eed00000, 0x00000007eee00000|  0%| F|  |TAMS 0x00000007eed00000, 0x00000007eed00000| Untracked 
| 238|0x00000007eee00000, 0x00000007eee00000, 0x00000007eef00000|  0%| F|  |TAMS 0x00000007eee00000, 0x00000007eee00000| Untracked 
| 239|0x00000007eef00000, 0x00000007eef00000, 0x00000007ef000000|  0%| F|  |TAMS 0x00000007eef00000, 0x00000007eef00000| Untracked 
| 240|0x00000007ef000000, 0x00000007ef000000, 0x00000007ef100000|  0%| F|  |TAMS 0x00000007ef000000, 0x00000007ef000000| Untracked 
| 241|0x00000007ef100000, 0x00000007ef100000, 0x00000007ef200000|  0%| F|  |TAMS 0x00000007ef100000, 0x00000007ef100000| Untracked 
| 242|0x00000007ef200000, 0x00000007ef200000, 0x00000007ef300000|  0%| F|  |TAMS 0x00000007ef200000, 0x00000007ef200000| Untracked 
| 243|0x00000007ef300000, 0x00000007ef300000, 0x00000007ef400000|  0%| F|  |TAMS 0x00000007ef300000, 0x00000007ef300000| Untracked 
| 244|0x00000007ef400000, 0x00000007ef400000, 0x00000007ef500000|  0%| F|  |TAMS 0x00000007ef400000, 0x00000007ef400000| Untracked 
| 245|0x00000007ef500000, 0x00000007ef500000, 0x00000007ef600000|  0%| F|  |TAMS 0x00000007ef500000, 0x00000007ef500000| Untracked 
| 246|0x00000007ef600000, 0x00000007ef600000, 0x00000007ef700000|  0%| F|  |TAMS 0x00000007ef600000, 0x00000007ef600000| Untracked 
| 247|0x00000007ef700000, 0x00000007ef700000, 0x00000007ef800000|  0%| F|  |TAMS 0x00000007ef700000, 0x00000007ef700000| Untracked 
| 248|0x00000007ef800000, 0x00000007ef800000, 0x00000007ef900000|  0%| F|  |TAMS 0x00000007ef800000, 0x00000007ef800000| Untracked 
| 249|0x00000007ef900000, 0x00000007ef900000, 0x00000007efa00000|  0%| F|  |TAMS 0x00000007ef900000, 0x00000007ef900000| Untracked 
| 250|0x00000007efa00000, 0x00000007efa00000, 0x00000007efb00000|  0%| F|  |TAMS 0x00000007efa00000, 0x00000007efa00000| Untracked 
| 251|0x00000007efb00000, 0x00000007efb00000, 0x00000007efc00000|  0%| F|  |TAMS 0x00000007efb00000, 0x00000007efb00000| Untracked 
| 252|0x00000007efc00000, 0x00000007efc00000, 0x00000007efd00000|  0%| F|  |TAMS 0x00000007efc00000, 0x00000007efc00000| Untracked 
| 253|0x00000007efd00000, 0x00000007efd00000, 0x00000007efe00000|  0%| F|  |TAMS 0x00000007efd00000, 0x00000007efd00000| Untracked 
| 254|0x00000007efe00000, 0x00000007efe00000, 0x00000007eff00000|  0%| F|  |TAMS 0x00000007efe00000, 0x00000007efe00000| Untracked 
| 255|0x00000007eff00000, 0x00000007eff00000, 0x00000007f0000000|  0%| F|  |TAMS 0x00000007eff00000, 0x00000007eff00000| Untracked 
| 256|0x00000007f0000000, 0x00000007f0000000, 0x00000007f0100000|  0%| F|  |TAMS 0x00000007f0000000, 0x00000007f0000000| Untracked 
| 257|0x00000007f0100000, 0x00000007f0100000, 0x00000007f0200000|  0%| F|  |TAMS 0x00000007f0100000, 0x00000007f0100000| Untracked 
| 258|0x00000007f0200000, 0x00000007f0200000, 0x00000007f0300000|  0%| F|  |TAMS 0x00000007f0200000, 0x00000007f0200000| Untracked 
| 259|0x00000007f0300000, 0x00000007f0300000, 0x00000007f0400000|  0%| F|  |TAMS 0x00000007f0300000, 0x00000007f0300000| Untracked 
| 260|0x00000007f0400000, 0x00000007f0400000, 0x00000007f0500000|  0%| F|  |TAMS 0x00000007f0400000, 0x00000007f0400000| Untracked 
| 261|0x00000007f0500000, 0x00000007f0500000, 0x00000007f0600000|  0%| F|  |TAMS 0x00000007f0500000, 0x00000007f0500000| Untracked 
| 262|0x00000007f0600000, 0x00000007f0600000, 0x00000007f0700000|  0%| F|  |TAMS 0x00000007f0600000, 0x00000007f0600000| Untracked 
| 263|0x00000007f0700000, 0x00000007f0700000, 0x00000007f0800000|  0%| F|  |TAMS 0x00000007f0700000, 0x00000007f0700000| Untracked 
| 264|0x00000007f0800000, 0x00000007f0800000, 0x00000007f0900000|  0%| F|  |TAMS 0x00000007f0800000, 0x00000007f0800000| Untracked 
| 265|0x00000007f0900000, 0x00000007f0900000, 0x00000007f0a00000|  0%| F|  |TAMS 0x00000007f0900000, 0x00000007f0900000| Untracked 
| 266|0x00000007f0a00000, 0x00000007f0a00000, 0x00000007f0b00000|  0%| F|  |TAMS 0x00000007f0a00000, 0x00000007f0a00000| Untracked 
| 267|0x00000007f0b00000, 0x00000007f0b00000, 0x00000007f0c00000|  0%| F|  |TAMS 0x00000007f0b00000, 0x00000007f0b00000| Untracked 
| 268|0x00000007f0c00000, 0x00000007f0c00000, 0x00000007f0d00000|  0%| F|  |TAMS 0x00000007f0c00000, 0x00000007f0c00000| Untracked 
| 269|0x00000007f0d00000, 0x00000007f0d00000, 0x00000007f0e00000|  0%| F|  |TAMS 0x00000007f0d00000, 0x00000007f0d00000| Untracked 
| 270|0x00000007f0e00000, 0x00000007f0e00000, 0x00000007f0f00000|  0%| F|  |TAMS 0x00000007f0e00000, 0x00000007f0e00000| Untracked 
| 271|0x00000007f0f00000, 0x00000007f0f00000, 0x00000007f1000000|  0%| F|  |TAMS 0x00000007f0f00000, 0x00000007f0f00000| Untracked 
| 272|0x00000007f1000000, 0x00000007f1000000, 0x00000007f1100000|  0%| F|  |TAMS 0x00000007f1000000, 0x00000007f1000000| Untracked 
| 273|0x00000007f1100000, 0x00000007f1100000, 0x00000007f1200000|  0%| F|  |TAMS 0x00000007f1100000, 0x00000007f1100000| Untracked 
| 274|0x00000007f1200000, 0x00000007f1200000, 0x00000007f1300000|  0%| F|  |TAMS 0x00000007f1200000, 0x00000007f1200000| Untracked 
| 275|0x00000007f1300000, 0x00000007f1300000, 0x00000007f1400000|  0%| F|  |TAMS 0x00000007f1300000, 0x00000007f1300000| Untracked 
| 276|0x00000007f1400000, 0x00000007f1400000, 0x00000007f1500000|  0%| F|  |TAMS 0x00000007f1400000, 0x00000007f1400000| Untracked 
| 277|0x00000007f1500000, 0x00000007f1500000, 0x00000007f1600000|  0%| F|  |TAMS 0x00000007f1500000, 0x00000007f1500000| Untracked 
| 278|0x00000007f1600000, 0x00000007f1600000, 0x00000007f1700000|  0%| F|  |TAMS 0x00000007f1600000, 0x00000007f1600000| Untracked 
| 279|0x00000007f1700000, 0x00000007f1700000, 0x00000007f1800000|  0%| F|  |TAMS 0x00000007f1700000, 0x00000007f1700000| Untracked 
| 280|0x00000007f1800000, 0x00000007f1800000, 0x00000007f1900000|  0%| F|  |TAMS 0x00000007f1800000, 0x00000007f1800000| Untracked 
| 281|0x00000007f1900000, 0x00000007f1900000, 0x00000007f1a00000|  0%| F|  |TAMS 0x00000007f1900000, 0x00000007f1900000| Untracked 
| 282|0x00000007f1a00000, 0x00000007f1a00000, 0x00000007f1b00000|  0%| F|  |TAMS 0x00000007f1a00000, 0x00000007f1a00000| Untracked 
| 283|0x00000007f1b00000, 0x00000007f1b00000, 0x00000007f1c00000|  0%| F|  |TAMS 0x00000007f1b00000, 0x00000007f1b00000| Untracked 
| 284|0x00000007f1c00000, 0x00000007f1c00000, 0x00000007f1d00000|  0%| F|  |TAMS 0x00000007f1c00000, 0x00000007f1c00000| Untracked 
| 285|0x00000007f1d00000, 0x00000007f1d00000, 0x00000007f1e00000|  0%| F|  |TAMS 0x00000007f1d00000, 0x00000007f1d00000| Untracked 
| 286|0x00000007f1e00000, 0x00000007f1e00000, 0x00000007f1f00000|  0%| F|  |TAMS 0x00000007f1e00000, 0x00000007f1e00000| Untracked 
| 287|0x00000007f1f00000, 0x00000007f1f00000, 0x00000007f2000000|  0%| F|  |TAMS 0x00000007f1f00000, 0x00000007f1f00000| Untracked 
| 288|0x00000007f2000000, 0x00000007f2000000, 0x00000007f2100000|  0%| F|  |TAMS 0x00000007f2000000, 0x00000007f2000000| Untracked 
| 289|0x00000007f2100000, 0x00000007f2100000, 0x00000007f2200000|  0%| F|  |TAMS 0x00000007f2100000, 0x00000007f2100000| Untracked 
| 290|0x00000007f2200000, 0x00000007f2200000, 0x00000007f2300000|  0%| F|  |TAMS 0x00000007f2200000, 0x00000007f2200000| Untracked 
| 291|0x00000007f2300000, 0x00000007f2300000, 0x00000007f2400000|  0%| F|  |TAMS 0x00000007f2300000, 0x00000007f2300000| Untracked 
| 292|0x00000007f2400000, 0x00000007f2400000, 0x00000007f2500000|  0%| F|  |TAMS 0x00000007f2400000, 0x00000007f2400000| Untracked 
| 293|0x00000007f2500000, 0x00000007f2500000, 0x00000007f2600000|  0%| F|  |TAMS 0x00000007f2500000, 0x00000007f2500000| Untracked 
| 294|0x00000007f2600000, 0x00000007f2600000, 0x00000007f2700000|  0%| F|  |TAMS 0x00000007f2600000, 0x00000007f2600000| Untracked 
| 295|0x00000007f2700000, 0x00000007f2700000, 0x00000007f2800000|  0%| F|  |TAMS 0x00000007f2700000, 0x00000007f2700000| Untracked 
| 296|0x00000007f2800000, 0x00000007f2800000, 0x00000007f2900000|  0%| F|  |TAMS 0x00000007f2800000, 0x00000007f2800000| Untracked 
| 297|0x00000007f2900000, 0x00000007f2900000, 0x00000007f2a00000|  0%| F|  |TAMS 0x00000007f2900000, 0x00000007f2900000| Untracked 
| 298|0x00000007f2a00000, 0x00000007f2a00000, 0x00000007f2b00000|  0%| F|  |TAMS 0x00000007f2a00000, 0x00000007f2a00000| Untracked 
| 299|0x00000007f2b00000, 0x00000007f2b00000, 0x00000007f2c00000|  0%| F|  |TAMS 0x00000007f2b00000, 0x00000007f2b00000| Untracked 
| 300|0x00000007f2c00000, 0x00000007f2c00000, 0x00000007f2d00000|  0%| F|  |TAMS 0x00000007f2c00000, 0x00000007f2c00000| Untracked 
| 301|0x00000007f2d00000, 0x00000007f2d00000, 0x00000007f2e00000|  0%| F|  |TAMS 0x00000007f2d00000, 0x00000007f2d00000| Untracked 
| 302|0x00000007f2e00000, 0x00000007f2e00000, 0x00000007f2f00000|  0%| F|  |TAMS 0x00000007f2e00000, 0x00000007f2e00000| Untracked 
| 303|0x00000007f2f00000, 0x00000007f2f00000, 0x00000007f3000000|  0%| F|  |TAMS 0x00000007f2f00000, 0x00000007f2f00000| Untracked 
| 304|0x00000007f3000000, 0x00000007f3000000, 0x00000007f3100000|  0%| F|  |TAMS 0x00000007f3000000, 0x00000007f3000000| Untracked 
| 305|0x00000007f3100000, 0x00000007f3100000, 0x00000007f3200000|  0%| F|  |TAMS 0x00000007f3100000, 0x00000007f3100000| Untracked 
| 306|0x00000007f3200000, 0x00000007f3200000, 0x00000007f3300000|  0%| F|  |TAMS 0x00000007f3200000, 0x00000007f3200000| Untracked 
| 307|0x00000007f3300000, 0x00000007f3300000, 0x00000007f3400000|  0%| F|  |TAMS 0x00000007f3300000, 0x00000007f3300000| Untracked 
| 308|0x00000007f3400000, 0x00000007f3400000, 0x00000007f3500000|  0%| F|  |TAMS 0x00000007f3400000, 0x00000007f3400000| Untracked 
| 309|0x00000007f3500000, 0x00000007f3500000, 0x00000007f3600000|  0%| F|  |TAMS 0x00000007f3500000, 0x00000007f3500000| Untracked 
| 310|0x00000007f3600000, 0x00000007f3600000, 0x00000007f3700000|  0%| F|  |TAMS 0x00000007f3600000, 0x00000007f3600000| Untracked 
| 311|0x00000007f3700000, 0x00000007f3700000, 0x00000007f3800000|  0%| F|  |TAMS 0x00000007f3700000, 0x00000007f3700000| Untracked 
| 312|0x00000007f3800000, 0x00000007f3800000, 0x00000007f3900000|  0%| F|  |TAMS 0x00000007f3800000, 0x00000007f3800000| Untracked 
| 313|0x00000007f3900000, 0x00000007f3900000, 0x00000007f3a00000|  0%| F|  |TAMS 0x00000007f3900000, 0x00000007f3900000| Untracked 
| 314|0x00000007f3a00000, 0x00000007f3a00000, 0x00000007f3b00000|  0%| F|  |TAMS 0x00000007f3a00000, 0x00000007f3a00000| Untracked 
| 315|0x00000007f3b00000, 0x00000007f3b00000, 0x00000007f3c00000|  0%| F|  |TAMS 0x00000007f3b00000, 0x00000007f3b00000| Untracked 
| 316|0x00000007f3c00000, 0x00000007f3c00000, 0x00000007f3d00000|  0%| F|  |TAMS 0x00000007f3c00000, 0x00000007f3c00000| Untracked 
| 317|0x00000007f3d00000, 0x00000007f3d00000, 0x00000007f3e00000|  0%| F|  |TAMS 0x00000007f3d00000, 0x00000007f3d00000| Untracked 
| 318|0x00000007f3e00000, 0x00000007f3e00000, 0x00000007f3f00000|  0%| F|  |TAMS 0x00000007f3e00000, 0x00000007f3e00000| Untracked 
| 319|0x00000007f3f00000, 0x00000007f3f00000, 0x00000007f4000000|  0%| F|  |TAMS 0x00000007f3f00000, 0x00000007f3f00000| Untracked 
| 320|0x00000007f4000000, 0x00000007f4000000, 0x00000007f4100000|  0%| F|  |TAMS 0x00000007f4000000, 0x00000007f4000000| Untracked 
| 321|0x00000007f4100000, 0x00000007f4100000, 0x00000007f4200000|  0%| F|  |TAMS 0x00000007f4100000, 0x00000007f4100000| Untracked 
| 322|0x00000007f4200000, 0x00000007f4200000, 0x00000007f4300000|  0%| F|  |TAMS 0x00000007f4200000, 0x00000007f4200000| Untracked 
| 323|0x00000007f4300000, 0x00000007f4300000, 0x00000007f4400000|  0%| F|  |TAMS 0x00000007f4300000, 0x00000007f4300000| Untracked 
| 324|0x00000007f4400000, 0x00000007f4400000, 0x00000007f4500000|  0%| F|  |TAMS 0x00000007f4400000, 0x00000007f4400000| Untracked 
| 325|0x00000007f4500000, 0x00000007f4500000, 0x00000007f4600000|  0%| F|  |TAMS 0x00000007f4500000, 0x00000007f4500000| Untracked 
| 326|0x00000007f4600000, 0x00000007f4600000, 0x00000007f4700000|  0%| F|  |TAMS 0x00000007f4600000, 0x00000007f4600000| Untracked 
| 327|0x00000007f4700000, 0x00000007f4700000, 0x00000007f4800000|  0%| F|  |TAMS 0x00000007f4700000, 0x00000007f4700000| Untracked 
| 328|0x00000007f4800000, 0x00000007f4800000, 0x00000007f4900000|  0%| F|  |TAMS 0x00000007f4800000, 0x00000007f4800000| Untracked 
| 329|0x00000007f4900000, 0x00000007f4900000, 0x00000007f4a00000|  0%| F|  |TAMS 0x00000007f4900000, 0x00000007f4900000| Untracked 
| 330|0x00000007f4a00000, 0x00000007f4a00000, 0x00000007f4b00000|  0%| F|  |TAMS 0x00000007f4a00000, 0x00000007f4a00000| Untracked 
| 331|0x00000007f4b00000, 0x00000007f4b00000, 0x00000007f4c00000|  0%| F|  |TAMS 0x00000007f4b00000, 0x00000007f4b00000| Untracked 
| 332|0x00000007f4c00000, 0x00000007f4c00000, 0x00000007f4d00000|  0%| F|  |TAMS 0x00000007f4c00000, 0x00000007f4c00000| Untracked 
| 333|0x00000007f4d00000, 0x00000007f4d00000, 0x00000007f4e00000|  0%| F|  |TAMS 0x00000007f4d00000, 0x00000007f4d00000| Untracked 
| 334|0x00000007f4e00000, 0x00000007f4e00000, 0x00000007f4f00000|  0%| F|  |TAMS 0x00000007f4e00000, 0x00000007f4e00000| Untracked 
| 335|0x00000007f4f00000, 0x00000007f4f00000, 0x00000007f5000000|  0%| F|  |TAMS 0x00000007f4f00000, 0x00000007f4f00000| Untracked 
| 336|0x00000007f5000000, 0x00000007f5000000, 0x00000007f5100000|  0%| F|  |TAMS 0x00000007f5000000, 0x00000007f5000000| Untracked 
| 337|0x00000007f5100000, 0x00000007f5100000, 0x00000007f5200000|  0%| F|  |TAMS 0x00000007f5100000, 0x00000007f5100000| Untracked 
| 338|0x00000007f5200000, 0x00000007f5200000, 0x00000007f5300000|  0%| F|  |TAMS 0x00000007f5200000, 0x00000007f5200000| Untracked 
| 339|0x00000007f5300000, 0x00000007f5300000, 0x00000007f5400000|  0%| F|  |TAMS 0x00000007f5300000, 0x00000007f5300000| Untracked 
| 340|0x00000007f5400000, 0x00000007f5400000, 0x00000007f5500000|  0%| F|  |TAMS 0x00000007f5400000, 0x00000007f5400000| Untracked 
| 341|0x00000007f5500000, 0x00000007f5500000, 0x00000007f5600000|  0%| F|  |TAMS 0x00000007f5500000, 0x00000007f5500000| Untracked 
| 342|0x00000007f5600000, 0x00000007f5600000, 0x00000007f5700000|  0%| F|  |TAMS 0x00000007f5600000, 0x00000007f5600000| Untracked 
| 343|0x00000007f5700000, 0x00000007f5700000, 0x00000007f5800000|  0%| F|  |TAMS 0x00000007f5700000, 0x00000007f5700000| Untracked 
| 344|0x00000007f5800000, 0x00000007f5800000, 0x00000007f5900000|  0%| F|  |TAMS 0x00000007f5800000, 0x00000007f5800000| Untracked 
| 345|0x00000007f5900000, 0x00000007f5900000, 0x00000007f5a00000|  0%| F|  |TAMS 0x00000007f5900000, 0x00000007f5900000| Untracked 
| 346|0x00000007f5a00000, 0x00000007f5a00000, 0x00000007f5b00000|  0%| F|  |TAMS 0x00000007f5a00000, 0x00000007f5a00000| Untracked 
| 347|0x00000007f5b00000, 0x00000007f5b00000, 0x00000007f5c00000|  0%| F|  |TAMS 0x00000007f5b00000, 0x00000007f5b00000| Untracked 
| 348|0x00000007f5c00000, 0x00000007f5c00000, 0x00000007f5d00000|  0%| F|  |TAMS 0x00000007f5c00000, 0x00000007f5c00000| Untracked 
| 349|0x00000007f5d00000, 0x00000007f5d00000, 0x00000007f5e00000|  0%| F|  |TAMS 0x00000007f5d00000, 0x00000007f5d00000| Untracked 
| 350|0x00000007f5e00000, 0x00000007f5e00000, 0x00000007f5f00000|  0%| F|  |TAMS 0x00000007f5e00000, 0x00000007f5e00000| Untracked 
| 351|0x00000007f5f00000, 0x00000007f5f00000, 0x00000007f6000000|  0%| F|  |TAMS 0x00000007f5f00000, 0x00000007f5f00000| Untracked 
| 352|0x00000007f6000000, 0x00000007f6000000, 0x00000007f6100000|  0%| F|  |TAMS 0x00000007f6000000, 0x00000007f6000000| Untracked 
| 353|0x00000007f6100000, 0x00000007f6100000, 0x00000007f6200000|  0%| F|  |TAMS 0x00000007f6100000, 0x00000007f6100000| Untracked 
| 354|0x00000007f6200000, 0x00000007f6200000, 0x00000007f6300000|  0%| F|  |TAMS 0x00000007f6200000, 0x00000007f6200000| Untracked 
| 355|0x00000007f6300000, 0x00000007f6300000, 0x00000007f6400000|  0%| F|  |TAMS 0x00000007f6300000, 0x00000007f6300000| Untracked 
| 356|0x00000007f6400000, 0x00000007f6400000, 0x00000007f6500000|  0%| F|  |TAMS 0x00000007f6400000, 0x00000007f6400000| Untracked 
| 357|0x00000007f6500000, 0x00000007f6500000, 0x00000007f6600000|  0%| F|  |TAMS 0x00000007f6500000, 0x00000007f6500000| Untracked 
| 358|0x00000007f6600000, 0x00000007f6600000, 0x00000007f6700000|  0%| F|  |TAMS 0x00000007f6600000, 0x00000007f6600000| Untracked 
| 359|0x00000007f6700000, 0x00000007f6700000, 0x00000007f6800000|  0%| F|  |TAMS 0x00000007f6700000, 0x00000007f6700000| Untracked 
| 360|0x00000007f6800000, 0x00000007f6800000, 0x00000007f6900000|  0%| F|  |TAMS 0x00000007f6800000, 0x00000007f6800000| Untracked 
| 361|0x00000007f6900000, 0x00000007f6900000, 0x00000007f6a00000|  0%| F|  |TAMS 0x00000007f6900000, 0x00000007f6900000| Untracked 
| 362|0x00000007f6a00000, 0x00000007f6a00000, 0x00000007f6b00000|  0%| F|  |TAMS 0x00000007f6a00000, 0x00000007f6a00000| Untracked 
| 363|0x00000007f6b00000, 0x00000007f6b00000, 0x00000007f6c00000|  0%| F|  |TAMS 0x00000007f6b00000, 0x00000007f6b00000| Untracked 
| 364|0x00000007f6c00000, 0x00000007f6c00000, 0x00000007f6d00000|  0%| F|  |TAMS 0x00000007f6c00000, 0x00000007f6c00000| Untracked 
| 365|0x00000007f6d00000, 0x00000007f6d00000, 0x00000007f6e00000|  0%| F|  |TAMS 0x00000007f6d00000, 0x00000007f6d00000| Untracked 
| 366|0x00000007f6e00000, 0x00000007f6e00000, 0x00000007f6f00000|  0%| F|  |TAMS 0x00000007f6e00000, 0x00000007f6e00000| Untracked 
| 367|0x00000007f6f00000, 0x00000007f6f00000, 0x00000007f7000000|  0%| F|  |TAMS 0x00000007f6f00000, 0x00000007f6f00000| Untracked 
| 368|0x00000007f7000000, 0x00000007f7000000, 0x00000007f7100000|  0%| F|  |TAMS 0x00000007f7000000, 0x00000007f7000000| Untracked 
| 369|0x00000007f7100000, 0x00000007f7100000, 0x00000007f7200000|  0%| F|  |TAMS 0x00000007f7100000, 0x00000007f7100000| Untracked 
| 370|0x00000007f7200000, 0x00000007f7200000, 0x00000007f7300000|  0%| F|  |TAMS 0x00000007f7200000, 0x00000007f7200000| Untracked 
| 371|0x00000007f7300000, 0x00000007f7300000, 0x00000007f7400000|  0%| F|  |TAMS 0x00000007f7300000, 0x00000007f7300000| Untracked 
| 372|0x00000007f7400000, 0x00000007f7400000, 0x00000007f7500000|  0%| F|  |TAMS 0x00000007f7400000, 0x00000007f7400000| Untracked 
| 373|0x00000007f7500000, 0x00000007f7500000, 0x00000007f7600000|  0%| F|  |TAMS 0x00000007f7500000, 0x00000007f7500000| Untracked 
| 374|0x00000007f7600000, 0x00000007f7600000, 0x00000007f7700000|  0%| F|  |TAMS 0x00000007f7600000, 0x00000007f7600000| Untracked 
| 375|0x00000007f7700000, 0x00000007f7700000, 0x00000007f7800000|  0%| F|  |TAMS 0x00000007f7700000, 0x00000007f7700000| Untracked 
| 376|0x00000007f7800000, 0x00000007f7800000, 0x00000007f7900000|  0%| F|  |TAMS 0x00000007f7800000, 0x00000007f7800000| Untracked 
| 377|0x00000007f7900000, 0x00000007f7900000, 0x00000007f7a00000|  0%| F|  |TAMS 0x00000007f7900000, 0x00000007f7900000| Untracked 
| 378|0x00000007f7a00000, 0x00000007f7a00000, 0x00000007f7b00000|  0%| F|  |TAMS 0x00000007f7a00000, 0x00000007f7a00000| Untracked 
| 379|0x00000007f7b00000, 0x00000007f7b00000, 0x00000007f7c00000|  0%| F|  |TAMS 0x00000007f7b00000, 0x00000007f7b00000| Untracked 
| 380|0x00000007f7c00000, 0x00000007f7c00000, 0x00000007f7d00000|  0%| F|  |TAMS 0x00000007f7c00000, 0x00000007f7c00000| Untracked 
| 381|0x00000007f7d00000, 0x00000007f7d00000, 0x00000007f7e00000|  0%| F|  |TAMS 0x00000007f7d00000, 0x00000007f7d00000| Untracked 
| 382|0x00000007f7e00000, 0x00000007f7e00000, 0x00000007f7f00000|  0%| F|  |TAMS 0x00000007f7e00000, 0x00000007f7e00000| Untracked 
| 383|0x00000007f7f00000, 0x00000007f7f00000, 0x00000007f8000000|  0%| F|  |TAMS 0x00000007f7f00000, 0x00000007f7f00000| Untracked 
| 384|0x00000007f8000000, 0x00000007f8000000, 0x00000007f8100000|  0%| F|  |TAMS 0x00000007f8000000, 0x00000007f8000000| Untracked 
| 385|0x00000007f8100000, 0x00000007f8100000, 0x00000007f8200000|  0%| F|  |TAMS 0x00000007f8100000, 0x00000007f8100000| Untracked 
| 386|0x00000007f8200000, 0x00000007f8200000, 0x00000007f8300000|  0%| F|  |TAMS 0x00000007f8200000, 0x00000007f8200000| Untracked 
| 387|0x00000007f8300000, 0x00000007f8300000, 0x00000007f8400000|  0%| F|  |TAMS 0x00000007f8300000, 0x00000007f8300000| Untracked 
| 388|0x00000007f8400000, 0x00000007f8400000, 0x00000007f8500000|  0%| F|  |TAMS 0x00000007f8400000, 0x00000007f8400000| Untracked 
| 389|0x00000007f8500000, 0x00000007f8500000, 0x00000007f8600000|  0%| F|  |TAMS 0x00000007f8500000, 0x00000007f8500000| Untracked 
| 390|0x00000007f8600000, 0x00000007f8600000, 0x00000007f8700000|  0%| F|  |TAMS 0x00000007f8600000, 0x00000007f8600000| Untracked 
| 391|0x00000007f8700000, 0x00000007f8700000, 0x00000007f8800000|  0%| F|  |TAMS 0x00000007f8700000, 0x00000007f8700000| Untracked 
| 392|0x00000007f8800000, 0x00000007f8800000, 0x00000007f8900000|  0%| F|  |TAMS 0x00000007f8800000, 0x00000007f8800000| Untracked 
| 393|0x00000007f8900000, 0x00000007f8900000, 0x00000007f8a00000|  0%| F|  |TAMS 0x00000007f8900000, 0x00000007f8900000| Untracked 
| 394|0x00000007f8a00000, 0x00000007f8a00000, 0x00000007f8b00000|  0%| F|  |TAMS 0x00000007f8a00000, 0x00000007f8a00000| Untracked 
| 395|0x00000007f8b00000, 0x00000007f8b00000, 0x00000007f8c00000|  0%| F|  |TAMS 0x00000007f8b00000, 0x00000007f8b00000| Untracked 
| 396|0x00000007f8c00000, 0x00000007f8c00000, 0x00000007f8d00000|  0%| F|  |TAMS 0x00000007f8c00000, 0x00000007f8c00000| Untracked 
| 397|0x00000007f8d00000, 0x00000007f8d00000, 0x00000007f8e00000|  0%| F|  |TAMS 0x00000007f8d00000, 0x00000007f8d00000| Untracked 
| 398|0x00000007f8e00000, 0x00000007f8e00000, 0x00000007f8f00000|  0%| F|  |TAMS 0x00000007f8e00000, 0x00000007f8e00000| Untracked 
| 399|0x00000007f8f00000, 0x00000007f8f00000, 0x00000007f9000000|  0%| F|  |TAMS 0x00000007f8f00000, 0x00000007f8f00000| Untracked 
| 400|0x00000007f9000000, 0x00000007f9000000, 0x00000007f9100000|  0%| F|  |TAMS 0x00000007f9000000, 0x00000007f9000000| Untracked 
| 401|0x00000007f9100000, 0x00000007f9100000, 0x00000007f9200000|  0%| F|  |TAMS 0x00000007f9100000, 0x00000007f9100000| Untracked 
| 402|0x00000007f9200000, 0x00000007f9200000, 0x00000007f9300000|  0%| F|  |TAMS 0x00000007f9200000, 0x00000007f9200000| Untracked 
| 403|0x00000007f9300000, 0x00000007f9300000, 0x00000007f9400000|  0%| F|  |TAMS 0x00000007f9300000, 0x00000007f9300000| Untracked 
| 404|0x00000007f9400000, 0x00000007f9400000, 0x00000007f9500000|  0%| F|  |TAMS 0x00000007f9400000, 0x00000007f9400000| Untracked 
| 405|0x00000007f9500000, 0x00000007f9500000, 0x00000007f9600000|  0%| F|  |TAMS 0x00000007f9500000, 0x00000007f9500000| Untracked 
| 406|0x00000007f9600000, 0x00000007f9600000, 0x00000007f9700000|  0%| F|  |TAMS 0x00000007f9600000, 0x00000007f9600000| Untracked 
| 407|0x00000007f9700000, 0x00000007f9700000, 0x00000007f9800000|  0%| F|  |TAMS 0x00000007f9700000, 0x00000007f9700000| Untracked 
| 408|0x00000007f9800000, 0x00000007f9800000, 0x00000007f9900000|  0%| F|  |TAMS 0x00000007f9800000, 0x00000007f9800000| Untracked 
| 409|0x00000007f9900000, 0x00000007f9900000, 0x00000007f9a00000|  0%| F|  |TAMS 0x00000007f9900000, 0x00000007f9900000| Untracked 
| 410|0x00000007f9a00000, 0x00000007f9a00000, 0x00000007f9b00000|  0%| F|  |TAMS 0x00000007f9a00000, 0x00000007f9a00000| Untracked 
| 411|0x00000007f9b00000, 0x00000007f9b00000, 0x00000007f9c00000|  0%| F|  |TAMS 0x00000007f9b00000, 0x00000007f9b00000| Untracked 
| 412|0x00000007f9c00000, 0x00000007f9c00000, 0x00000007f9d00000|  0%| F|  |TAMS 0x00000007f9c00000, 0x00000007f9c00000| Untracked 
| 413|0x00000007f9d00000, 0x00000007f9d00000, 0x00000007f9e00000|  0%| F|  |TAMS 0x00000007f9d00000, 0x00000007f9d00000| Untracked 
| 414|0x00000007f9e00000, 0x00000007f9e00000, 0x00000007f9f00000|  0%| F|  |TAMS 0x00000007f9e00000, 0x00000007f9e00000| Untracked 
| 415|0x00000007f9f00000, 0x00000007f9f00000, 0x00000007fa000000|  0%| F|  |TAMS 0x00000007f9f00000, 0x00000007f9f00000| Untracked 
| 416|0x00000007fa000000, 0x00000007fa000000, 0x00000007fa100000|  0%| F|  |TAMS 0x00000007fa000000, 0x00000007fa000000| Untracked 
| 417|0x00000007fa100000, 0x00000007fa100000, 0x00000007fa200000|  0%| F|  |TAMS 0x00000007fa100000, 0x00000007fa100000| Untracked 
| 418|0x00000007fa200000, 0x00000007fa200000, 0x00000007fa300000|  0%| F|  |TAMS 0x00000007fa200000, 0x00000007fa200000| Untracked 
| 419|0x00000007fa300000, 0x00000007fa300000, 0x00000007fa400000|  0%| F|  |TAMS 0x00000007fa300000, 0x00000007fa300000| Untracked 
| 420|0x00000007fa400000, 0x00000007fa400000, 0x00000007fa500000|  0%| F|  |TAMS 0x00000007fa400000, 0x00000007fa400000| Untracked 
| 421|0x00000007fa500000, 0x00000007fa500000, 0x00000007fa600000|  0%| F|  |TAMS 0x00000007fa500000, 0x00000007fa500000| Untracked 
| 422|0x00000007fa600000, 0x00000007fa600000, 0x00000007fa700000|  0%| F|  |TAMS 0x00000007fa600000, 0x00000007fa600000| Untracked 
| 423|0x00000007fa700000, 0x00000007fa700000, 0x00000007fa800000|  0%| F|  |TAMS 0x00000007fa700000, 0x00000007fa700000| Untracked 
| 424|0x00000007fa800000, 0x00000007fa800000, 0x00000007fa900000|  0%| F|  |TAMS 0x00000007fa800000, 0x00000007fa800000| Untracked 
| 425|0x00000007fa900000, 0x00000007fa900000, 0x00000007faa00000|  0%| F|  |TAMS 0x00000007fa900000, 0x00000007fa900000| Untracked 
| 426|0x00000007faa00000, 0x00000007faa00000, 0x00000007fab00000|  0%| F|  |TAMS 0x00000007faa00000, 0x00000007faa00000| Untracked 
| 427|0x00000007fab00000, 0x00000007fab00000, 0x00000007fac00000|  0%| F|  |TAMS 0x00000007fab00000, 0x00000007fab00000| Untracked 
| 428|0x00000007fac00000, 0x00000007fac00000, 0x00000007fad00000|  0%| F|  |TAMS 0x00000007fac00000, 0x00000007fac00000| Untracked 
| 429|0x00000007fad00000, 0x00000007fad00000, 0x00000007fae00000|  0%| F|  |TAMS 0x00000007fad00000, 0x00000007fad00000| Untracked 
| 430|0x00000007fae00000, 0x00000007fae00000, 0x00000007faf00000|  0%| F|  |TAMS 0x00000007fae00000, 0x00000007fae00000| Untracked 
| 431|0x00000007faf00000, 0x00000007faf00000, 0x00000007fb000000|  0%| F|  |TAMS 0x00000007faf00000, 0x00000007faf00000| Untracked 
| 432|0x00000007fb000000, 0x00000007fb000000, 0x00000007fb100000|  0%| F|  |TAMS 0x00000007fb000000, 0x00000007fb000000| Untracked 
| 433|0x00000007fb100000, 0x00000007fb100000, 0x00000007fb200000|  0%| F|  |TAMS 0x00000007fb100000, 0x00000007fb100000| Untracked 
| 434|0x00000007fb200000, 0x00000007fb200000, 0x00000007fb300000|  0%| F|  |TAMS 0x00000007fb200000, 0x00000007fb200000| Untracked 
| 435|0x00000007fb300000, 0x00000007fb300000, 0x00000007fb400000|  0%| F|  |TAMS 0x00000007fb300000, 0x00000007fb300000| Untracked 
| 436|0x00000007fb400000, 0x00000007fb400000, 0x00000007fb500000|  0%| F|  |TAMS 0x00000007fb400000, 0x00000007fb400000| Untracked 
| 437|0x00000007fb500000, 0x00000007fb500000, 0x00000007fb600000|  0%| F|  |TAMS 0x00000007fb500000, 0x00000007fb500000| Untracked 
| 438|0x00000007fb600000, 0x00000007fb626760, 0x00000007fb700000| 15%| E|  |TAMS 0x00000007fb600000, 0x00000007fb600000| Complete 
| 439|0x00000007fb700000, 0x00000007fb800000, 0x00000007fb800000|100%| E|CS|TAMS 0x00000007fb700000, 0x00000007fb700000| Complete 
| 440|0x00000007fb800000, 0x00000007fb900000, 0x00000007fb900000|100%| E|CS|TAMS 0x00000007fb800000, 0x00000007fb800000| Complete 
| 441|0x00000007fb900000, 0x00000007fba00000, 0x00000007fba00000|100%| E|CS|TAMS 0x00000007fb900000, 0x00000007fb900000| Complete 
| 442|0x00000007fba00000, 0x00000007fbb00000, 0x00000007fbb00000|100%| E|CS|TAMS 0x00000007fba00000, 0x00000007fba00000| Complete 
| 443|0x00000007fbb00000, 0x00000007fbc00000, 0x00000007fbc00000|100%| E|CS|TAMS 0x00000007fbb00000, 0x00000007fbb00000| Complete 
| 444|0x00000007fbc00000, 0x00000007fbc55e60, 0x00000007fbd00000| 33%| S|CS|TAMS 0x00000007fbc00000, 0x00000007fbc00000| Complete 
| 445|0x00000007fbd00000, 0x00000007fbe00000, 0x00000007fbe00000|100%| S|CS|TAMS 0x00000007fbd00000, 0x00000007fbd00000| Complete 
| 446|0x00000007fbe00000, 0x00000007fbf00000, 0x00000007fbf00000|100%| S|CS|TAMS 0x00000007fbe00000, 0x00000007fbe00000| Complete 
| 447|0x00000007fbf00000, 0x00000007fc000000, 0x00000007fc000000|100%| E|CS|TAMS 0x00000007fbf00000, 0x00000007fbf00000| Complete 
| 448|0x00000007fc000000, 0x00000007fc100000, 0x00000007fc100000|100%| E|CS|TAMS 0x00000007fc000000, 0x00000007fc000000| Complete 
| 449|0x00000007fc100000, 0x00000007fc200000, 0x00000007fc200000|100%| E|CS|TAMS 0x00000007fc100000, 0x00000007fc100000| Complete 
| 450|0x00000007fc200000, 0x00000007fc300000, 0x00000007fc300000|100%| E|CS|TAMS 0x00000007fc200000, 0x00000007fc200000| Complete 
| 451|0x00000007fc300000, 0x00000007fc400000, 0x00000007fc400000|100%| E|CS|TAMS 0x00000007fc300000, 0x00000007fc300000| Complete 
| 465|0x00000007fd100000, 0x00000007fd200000, 0x00000007fd200000|100%| E|CS|TAMS 0x00000007fd100000, 0x00000007fd100000| Complete 
| 466|0x00000007fd200000, 0x00000007fd300000, 0x00000007fd300000|100%| E|CS|TAMS 0x00000007fd200000, 0x00000007fd200000| Complete 
| 467|0x00000007fd300000, 0x00000007fd400000, 0x00000007fd400000|100%| E|CS|TAMS 0x00000007fd300000, 0x00000007fd300000| Complete 
| 468|0x00000007fd400000, 0x00000007fd500000, 0x00000007fd500000|100%| E|CS|TAMS 0x00000007fd400000, 0x00000007fd400000| Complete 
| 469|0x00000007fd500000, 0x00000007fd600000, 0x00000007fd600000|100%| E|CS|TAMS 0x00000007fd500000, 0x00000007fd500000| Complete 
| 470|0x00000007fd600000, 0x00000007fd700000, 0x00000007fd700000|100%| E|CS|TAMS 0x00000007fd600000, 0x00000007fd600000| Complete 
| 510|0x00000007ffe00000, 0x00000007ffe78000, 0x00000007fff00000| 46%|OA|  |TAMS 0x00000007ffe78000, 0x00000007ffe78000| Untracked 
| 511|0x00000007fff00000, 0x00000007fff80000, 0x0000000800000000| 50%|CA|  |TAMS 0x00000007fff80000, 0x00000007fff80000| Untracked 

Card table byte_map: [0x0000000103000000,0x0000000103100000] _byte_map_base: 0x00000000ff100000

Marking Bits (Prev, Next): (CMBitMap*) 0x0000000120816e50, (CMBitMap*) 0x0000000120816e10
 Prev Bits: [0x000000010c38c000, 0x000000010cb8c000)
 Next Bits: [0x000000010bb8c000, 0x000000010c38c000)

Polling page: 0x000000010204c000

Metaspace:

Usage:
  Non-class:     65.89 MB used.
      Class:     10.04 MB used.
       Both:     75.93 MB used.

Virtual space:
  Non-class space:      128.00 MB reserved,      66.56 MB ( 52%) committed,  2 nodes.
      Class space:      320.00 MB reserved,      10.62 MB (  3%) committed,  1 nodes.
             Both:      448.00 MB reserved,      77.19 MB ( 17%) committed. 

Chunk freelists:
   Non-Class:  12.68 MB
       Class:  5.36 MB
        Both:  18.04 MB

MaxMetaspaceSize: 384.00 MB
CompressedClassSpaceSize: 320.00 MB
Initial GC threshold: 21.00 MB
Current GC threshold: 125.62 MB
CDS: on
MetaspaceReclaimPolicy: balanced
 - commit_granule_bytes: 65536.
 - commit_granule_words: 8192.
 - virtual_space_node_default_size: 8388608.
 - enlarge_chunks_in_place: 1.
 - new_chunks_are_fully_committed: 0.
 - uncommit_free_chunks: 1.
 - use_allocation_guard: 0.
 - handle_deallocations: 1.


Internal statistics:

num_allocs_failed_limit: 15.
num_arena_births: 2438.
num_arena_deaths: 378.
num_vsnodes_births: 3.
num_vsnodes_deaths: 0.
num_space_committed: 1278.
num_space_uncommitted: 43.
num_chunks_returned_to_freelist: 850.
num_chunks_taken_from_freelist: 6664.
num_chunk_merges: 242.
num_chunk_splits: 3717.
num_chunks_enlarged: 1819.
num_purges: 14.
num_inconsistent_stats: 0.

CodeHeap 'non-profiled nmethods': size=120032Kb used=14904Kb max_used=14904Kb free=105127Kb
 bounds [0x0000000137ac8000, 0x0000000138958000, 0x000000013f000000]
CodeHeap 'profiled nmethods': size=120016Kb used=38382Kb max_used=38382Kb free=81634Kb
 bounds [0x0000000130000000, 0x0000000132590000, 0x0000000137534000]
CodeHeap 'non-nmethods': size=5712Kb used=1912Kb max_used=2070Kb free=3799Kb
 bounds [0x0000000137534000, 0x00000001377a4000, 0x0000000137ac8000]
 total_blobs=19667 nmethods=18781 adapters=801
 compilation: enabled
              stopped_count=0, restarted_count=0
 full_count=0

Compilation events (20 events):
Event: 1168.806 Thread 0x000000011c009600 29906       3       org.gradle.api.internal.collections.FilteredElementSource::setSubscriptionVerifier (1 bytes)
Event: 1168.806 Thread 0x000000011c009600 nmethod 29906 0x000000013078b790 code [0x000000013078b940, 0x000000013078ba58]
Event: 1168.807 Thread 0x000000011c009600 29907       3       org.gradle.api.internal.file.DefaultFileCollectionFactory::configurableFiles (25 bytes)
Event: 1168.807 Thread 0x000000011c009600 nmethod 29907 0x0000000130d26610 code [0x0000000130d267c0, 0x0000000130d26988]
Event: 1168.810 Thread 0x000000011c009600 29908   !   3       org.gradle.execution.plan.DefaultPlanExecutor$ExecutorWorker::getNextItem (63 bytes)
Event: 1168.811 Thread 0x000000011c009600 nmethod 29908 0x00000001313ff290 code [0x00000001313ff580, 0x00000001314001f8]
Event: 1168.811 Thread 0x000000011c009600 29909       3       org.gradle.execution.plan.DefaultPlanExecutor$ExecutorState$WorkerState::startSelect (1 bytes)
Event: 1168.811 Thread 0x000000011c009600 nmethod 29909 0x0000000130e0b690 code [0x0000000130e0b840, 0x0000000130e0b958]
Event: 1168.812 Thread 0x000000011c009600 29910       3       jdk.internal.math.FloatingDecimal::getBinaryToASCIIConverter (183 bytes)
Event: 1168.812 Thread 0x000000011c009600 nmethod 29910 0x0000000130dddc10 code [0x0000000130dddec0, 0x0000000130dde6d8]
Event: 1168.813 Thread 0x000000011c009600 29912       3       java.io.BufferedOutputStream::<init> (27 bytes)
Event: 1168.813 Thread 0x000000011c009600 nmethod 29912 0x00000001313fe890 code [0x00000001313fea80, 0x00000001313fefc8]
Event: 1168.813 Thread 0x000000011c009600 29911       3       java.io.BufferedOutputStream::<init> (9 bytes)
Event: 1168.816 Thread 0x000000011c009600 nmethod 29911 0x0000000131333b10 code [0x0000000131333d00, 0x00000001313341d8]
Event: 1168.817 Thread 0x000000011c009600 29913       3       org.gradle.internal.snapshot.impl.ClassImplementationSnapshot::<init> (11 bytes)
Event: 1168.817 Thread 0x000000011c009600 nmethod 29913 0x0000000131333510 code [0x00000001313336c0, 0x0000000131333918]
Event: 1168.817 Thread 0x000000011c009600 29914       3       org.gradle.internal.snapshot.impl.ImplementationSnapshot::<init> (10 bytes)
Event: 1168.817 Thread 0x000000011c009600 nmethod 29914 0x0000000130634790 code [0x0000000130634940, 0x0000000130634b18]
Event: 1168.860 Thread 0x000000012180ac00 nmethod 29862 0x0000000138950790 code [0x0000000138950ec0, 0x00000001389540d0]
Event: 1168.860 Thread 0x000000012180ac00 29916       4       org.gradle.internal.execution.history.impl.FileSystemSnapshotSerializer::toAbsolutePath (102 bytes)

GC Heap History (20 events):
Event: 761.675 GC heap before
{Heap before GC invocations=86 (full 0):
 garbage-first heap   total 434176K, used 292928K [0x00000007e0000000, 0x0000000800000000)
  region size 1024K, 193 young (197632K), 3 survivors (3072K)
 Metaspace       used 73740K, committed 74496K, reserved 393216K
  class space    used 9714K, committed 10112K, reserved 327680K
}
Event: 761.682 GC heap after
{Heap after GC invocations=87 (full 0):
 garbage-first heap   total 434176K, used 105877K [0x00000007e0000000, 0x0000000800000000)
  region size 1024K, 10 young (10240K), 10 survivors (10240K)
 Metaspace       used 73740K, committed 74496K, reserved 393216K
  class space    used 9714K, committed 10112K, reserved 327680K
}
Event: 1080.208 GC heap before
{Heap before GC invocations=88 (full 0):
 garbage-first heap   total 434176K, used 349589K [0x00000007e0000000, 0x0000000800000000)
  region size 1024K, 248 young (253952K), 10 survivors (10240K)
 Metaspace       used 75054K, committed 76224K, reserved 458752K
  class space    used 9951K, committed 10496K, reserved 327680K
}
Event: 1080.223 GC heap after
{Heap after GC invocations=89 (full 0):
 garbage-first heap   total 434176K, used 120438K [0x00000007e0000000, 0x0000000800000000)
  region size 1024K, 24 young (24576K), 24 survivors (24576K)
 Metaspace       used 75054K, committed 76224K, reserved 458752K
  class space    used 9951K, committed 10496K, reserved 327680K
}
Event: 1080.224 GC heap before
{Heap before GC invocations=89 (full 0):
 garbage-first heap   total 434176K, used 121462K [0x00000007e0000000, 0x0000000800000000)
  region size 1024K, 25 young (25600K), 24 survivors (24576K)
 Metaspace       used 75054K, committed 76224K, reserved 458752K
  class space    used 9951K, committed 10496K, reserved 327680K
}
Event: 1080.242 GC heap after
{Heap after GC invocations=90 (full 0):
 garbage-first heap   total 434176K, used 109951K [0x00000007e0000000, 0x0000000800000000)
  region size 1024K, 2 young (2048K), 2 survivors (2048K)
 Metaspace       used 75054K, committed 76224K, reserved 458752K
  class space    used 9951K, committed 10496K, reserved 327680K
}
Event: 1080.724 GC heap before
{Heap before GC invocations=90 (full 0):
 garbage-first heap   total 434176K, used 228735K [0x00000007e0000000, 0x0000000800000000)
  region size 1024K, 120 young (122880K), 2 survivors (2048K)
 Metaspace       used 75096K, committed 76288K, reserved 458752K
  class space    used 9953K, committed 10496K, reserved 327680K
}
Event: 1080.731 GC heap after
{Heap after GC invocations=91 (full 0):
 garbage-first heap   total 434176K, used 124191K [0x00000007e0000000, 0x0000000800000000)
  region size 1024K, 16 young (16384K), 16 survivors (16384K)
 Metaspace       used 75096K, committed 76288K, reserved 458752K
  class space    used 9953K, committed 10496K, reserved 327680K
}
Event: 1081.220 GC heap before
{Heap before GC invocations=92 (full 0):
 garbage-first heap   total 434176K, used 342303K [0x00000007e0000000, 0x0000000800000000)
  region size 1024K, 230 young (235520K), 16 survivors (16384K)
 Metaspace       used 75888K, committed 77056K, reserved 458752K
  class space    used 10068K, committed 10624K, reserved 327680K
}
Event: 1081.237 GC heap after
{Heap after GC invocations=93 (full 0):
 garbage-first heap   total 434176K, used 157436K [0x00000007e0000000, 0x0000000800000000)
  region size 1024K, 29 young (29696K), 29 survivors (29696K)
 Metaspace       used 75888K, committed 77056K, reserved 458752K
  class space    used 10068K, committed 10624K, reserved 327680K
}
Event: 1081.239 GC heap before
{Heap before GC invocations=93 (full 0):
 garbage-first heap   total 434176K, used 158460K [0x00000007e0000000, 0x0000000800000000)
  region size 1024K, 30 young (30720K), 29 survivors (29696K)
 Metaspace       used 75888K, committed 77056K, reserved 458752K
  class space    used 10068K, committed 10624K, reserved 327680K
}
Event: 1081.257 GC heap after
{Heap after GC invocations=94 (full 0):
 garbage-first heap   total 434176K, used 146343K [0x00000007e0000000, 0x0000000800000000)
  region size 1024K, 4 young (4096K), 4 survivors (4096K)
 Metaspace       used 75888K, committed 77056K, reserved 458752K
  class space    used 10068K, committed 10624K, reserved 327680K
}
Event: 1081.519 GC heap before
{Heap before GC invocations=94 (full 0):
 garbage-first heap   total 434176K, used 270247K [0x00000007e0000000, 0x0000000800000000)
  region size 1024K, 127 young (130048K), 4 survivors (4096K)
 Metaspace       used 76049K, committed 77184K, reserved 458752K
  class space    used 10083K, committed 10624K, reserved 327680K
}
Event: 1081.527 GC heap after
{Heap after GC invocations=95 (full 0):
 garbage-first heap   total 471040K, used 155602K [0x00000007e0000000, 0x0000000800000000)
  region size 1024K, 14 young (14336K), 14 survivors (14336K)
 Metaspace       used 76049K, committed 77184K, reserved 458752K
  class space    used 10083K, committed 10624K, reserved 327680K
}
Event: 1120.345 GC heap before
{Heap before GC invocations=96 (full 0):
 garbage-first heap   total 471040K, used 360402K [0x00000007e0000000, 0x0000000800000000)
  region size 1024K, 214 young (219136K), 14 survivors (14336K)
 Metaspace       used 77692K, committed 78976K, reserved 458752K
  class space    used 10276K, committed 10880K, reserved 327680K
}
Event: 1120.363 GC heap after
{Heap after GC invocations=97 (full 0):
 garbage-first heap   total 471040K, used 159717K [0x00000007e0000000, 0x0000000800000000)
  region size 1024K, 17 young (17408K), 17 survivors (17408K)
 Metaspace       used 77692K, committed 78976K, reserved 458752K
  class space    used 10276K, committed 10880K, reserved 327680K
}
Event: 1168.725 GC heap before
{Heap before GC invocations=97 (full 0):
 garbage-first heap   total 471040K, used 165861K [0x00000007e0000000, 0x0000000800000000)
  region size 1024K, 23 young (23552K), 17 survivors (17408K)
 Metaspace       used 77712K, committed 78976K, reserved 458752K
  class space    used 10278K, committed 10880K, reserved 327680K
}
Event: 1168.753 GC heap after
{Heap after GC invocations=98 (full 0):
 garbage-first heap   total 471040K, used 127145K [0x00000007e0000000, 0x0000000800000000)
  region size 1024K, 2 young (2048K), 2 survivors (2048K)
 Metaspace       used 77712K, committed 78976K, reserved 458752K
  class space    used 10278K, committed 10880K, reserved 327680K
}
Event: 1168.813 GC heap before
{Heap before GC invocations=98 (full 0):
 garbage-first heap   total 471040K, used 135337K [0x00000007e0000000, 0x0000000800000000)
  region size 1024K, 11 young (11264K), 2 survivors (2048K)
 Metaspace       used 77754K, committed 79040K, reserved 458752K
  class space    used 10284K, committed 10880K, reserved 327680K
}
Event: 1168.816 GC heap after
{Heap after GC invocations=99 (full 0):
 garbage-first heap   total 471040K, used 127489K [0x00000007e0000000, 0x0000000800000000)
  region size 1024K, 3 young (3072K), 3 survivors (3072K)
 Metaspace       used 77754K, committed 79040K, reserved 458752K
  class space    used 10284K, committed 10880K, reserved 327680K
}

Deoptimization events (20 events):
Event: 1081.913 Thread 0x00000001217ab200 DEOPT PACKING pc=0x0000000131e5c64c sp=0x000000028685e900
Event: 1081.913 Thread 0x00000001217ab200 DEOPT UNPACKING pc=0x0000000137572b7c sp=0x000000028685e590 mode 0
Event: 1107.903 Thread 0x00000001215cd800 Uncommon trap: trap_request=0xffffffbe fr.pc=0x0000000138907d74 relative=0x00000000000004f4
Event: 1107.903 Thread 0x00000001215cd800 Uncommon trap: reason=profile_predicate action=maybe_recompile pc=0x0000000138907d74 method=java.util.concurrent.CopyOnWriteArrayList.indexOfRange(Ljava/lang/Object;[Ljava/lang/Object;II)I @ 38 c2
Event: 1107.903 Thread 0x00000001215cd800 DEOPT PACKING pc=0x0000000138907d74 sp=0x00000001772c15d0
Event: 1107.903 Thread 0x00000001215cd800 DEOPT UNPACKING pc=0x0000000137572d1c sp=0x00000001772c1550 mode 2
Event: 1107.965 Thread 0x000000011c7fea00 Uncommon trap: trap_request=0xffffffbe fr.pc=0x0000000138907d74 relative=0x00000000000004f4
Event: 1107.965 Thread 0x000000011c7fea00 Uncommon trap: reason=profile_predicate action=maybe_recompile pc=0x0000000138907d74 method=java.util.concurrent.CopyOnWriteArrayList.indexOfRange(Ljava/lang/Object;[Ljava/lang/Object;II)I @ 38 c2
Event: 1107.965 Thread 0x000000011c7fea00 DEOPT PACKING pc=0x0000000138907d74 sp=0x0000000171cc7a60
Event: 1107.965 Thread 0x000000011c7fea00 DEOPT UNPACKING pc=0x0000000137572d1c sp=0x0000000171cc79e0 mode 2
Event: 1107.965 Thread 0x000000011c7fea00 Uncommon trap: trap_request=0xffffffbe fr.pc=0x0000000138907d74 relative=0x00000000000004f4
Event: 1107.965 Thread 0x000000011c7fea00 Uncommon trap: reason=profile_predicate action=maybe_recompile pc=0x0000000138907d74 method=java.util.concurrent.CopyOnWriteArrayList.indexOfRange(Ljava/lang/Object;[Ljava/lang/Object;II)I @ 38 c2
Event: 1107.965 Thread 0x000000011c7fea00 DEOPT PACKING pc=0x0000000138907d74 sp=0x0000000171cc75c0
Event: 1107.965 Thread 0x000000011c7fea00 DEOPT UNPACKING pc=0x0000000137572d1c sp=0x0000000171cc7540 mode 2
Event: 1107.965 Thread 0x000000011c7fea00 Uncommon trap: trap_request=0xffffffbe fr.pc=0x0000000138907d74 relative=0x00000000000004f4
Event: 1107.965 Thread 0x000000011c7fea00 Uncommon trap: reason=profile_predicate action=maybe_recompile pc=0x0000000138907d74 method=java.util.concurrent.CopyOnWriteArrayList.indexOfRange(Ljava/lang/Object;[Ljava/lang/Object;II)I @ 38 c2
Event: 1107.965 Thread 0x000000011c7fea00 DEOPT PACKING pc=0x0000000138907d74 sp=0x0000000171cc75c0
Event: 1107.965 Thread 0x000000011c7fea00 DEOPT UNPACKING pc=0x0000000137572d1c sp=0x0000000171cc7540 mode 2
Event: 1120.288 Thread 0x000000011c7fea00 DEOPT PACKING pc=0x00000001323185c4 sp=0x0000000171cc33e0
Event: 1120.288 Thread 0x000000011c7fea00 DEOPT UNPACKING pc=0x0000000137572b7c sp=0x0000000171cc31e0 mode 0

Classes unloaded (20 events):
Event: 1168.873 Thread 0x0000000120104450 Unloading class 0x0000000501a504b8 'com/querydsl/codegen/SerializerConfig'
Event: 1168.873 Thread 0x0000000120104450 Unloading class 0x0000000501a50000 'com/querydsl/apt/jpa/JPAConfiguration'
Event: 1168.873 Thread 0x0000000120104450 Unloading class 0x00000005019e4a00 'com/querydsl/apt/DefaultConfiguration'
Event: 1168.873 Thread 0x0000000120104450 Unloading class 0x00000005019e4800 'javax/persistence/Transient'
Event: 1168.873 Thread 0x0000000120104450 Unloading class 0x0000000501a4fc38 'javax/persistence/Embedded'
Event: 1168.873 Thread 0x0000000120104450 Unloading class 0x0000000501a4fa38 'javax/persistence/Embeddable'
Event: 1168.873 Thread 0x0000000120104450 Unloading class 0x0000000501a4f838 'javax/persistence/MappedSuperclass'
Event: 1168.873 Thread 0x0000000120104450 Unloading class 0x0000000501a4f638 'javax/persistence/Entity'
Event: 1168.873 Thread 0x0000000120104450 Unloading class 0x0000000501a4f2f8 'com/querydsl/apt/TypeExtractor'
Event: 1168.873 Thread 0x0000000120104450 Unloading class 0x0000000501a4f000 'com/querydsl/apt/SimpleTypeVisitorAdapter'
Event: 1168.873 Thread 0x0000000120104450 Unloading class 0x0000000501a4e600 'com/querydsl/apt/Configuration'
Event: 1168.873 Thread 0x0000000120104450 Unloading class 0x0000000501a4e400 'com/querydsl/codegen/utils/CodeWriter'
Event: 1168.873 Thread 0x0000000120104450 Unloading class 0x0000000501a4ed80 'com/querydsl/codegen/utils/model/Type'
Event: 1168.873 Thread 0x0000000120104450 Unloading class 0x0000000501a4eac0 'com/querydsl/apt/jpa/JPAAnnotationProcessor'
Event: 1168.873 Thread 0x0000000120104450 Unloading class 0x0000000501a4e800 'com/querydsl/apt/AbstractQuerydslProcessor'
Event: 1168.873 Thread 0x0000000120104450 Unloading class 0x00000005010f1800 'jdk/internal/reflect/GeneratedMethodAccessor145'
Event: 1168.873 Thread 0x0000000120104450 Unloading class 0x0000000501743000 'Build_ponkids1_3clbsq7torzd4azxieg9zi48d'
Event: 1168.874 Thread 0x0000000120104450 Unloading class 0x0000000501928c00 'jdk/internal/reflect/GeneratedMethodAccessor107'
Event: 1168.874 Thread 0x0000000120104450 Unloading class 0x0000000501831400 'jdk/internal/reflect/GeneratedMethodAccessor101'
Event: 1168.874 Thread 0x0000000120104450 Unloading class 0x000000050199c400 'jdk/internal/reflect/GeneratedMethodAccessor97'

Classes redefined (0 events):
No events

Internal exceptions (20 events):
Event: 1107.860 Thread 0x000000011c7fea00 Exception <a 'sun/nio/fs/UnixException'{0x00000007f4fb8b70}> (0x00000007f4fb8b70) 
thrown [open/src/hotspot/share/prims/jni.cpp, line 516]
Event: 1107.860 Thread 0x000000011c7fea00 Exception <a 'sun/nio/fs/UnixException'{0x00000007f4fb9be8}> (0x00000007f4fb9be8) 
thrown [open/src/hotspot/share/prims/jni.cpp, line 516]
Event: 1107.860 Thread 0x000000011c7fea00 Exception <a 'sun/nio/fs/UnixException'{0x00000007f4fbac58}> (0x00000007f4fbac58) 
thrown [open/src/hotspot/share/prims/jni.cpp, line 516]
Event: 1107.860 Thread 0x000000011c7fea00 Exception <a 'sun/nio/fs/UnixException'{0x00000007f4fbbcc8}> (0x00000007f4fbbcc8) 
thrown [open/src/hotspot/share/prims/jni.cpp, line 516]
Event: 1107.893 Thread 0x000000011c7fea00 Exception <a 'java/lang/NoClassDefFoundError'{0x00000007f4ae4c58}: org/jetbrains/kotlin/gradle/plugin/KotlinPluginWrapper> (0x00000007f4ae4c58) 
thrown [open/src/hotspot/share/oops/constantPool.cpp, line 835]
Event: 1118.325 Thread 0x000000011c7fea00 Exception <a 'sun/nio/fs/UnixException'{0x00000007f33770c0}> (0x00000007f33770c0) 
thrown [open/src/hotspot/share/prims/jni.cpp, line 516]
Event: 1118.326 Thread 0x000000011c7fea00 Exception <a 'sun/nio/fs/UnixException'{0x00000007f3378138}> (0x00000007f3378138) 
thrown [open/src/hotspot/share/prims/jni.cpp, line 516]
Event: 1118.326 Thread 0x000000011c7fea00 Exception <a 'sun/nio/fs/UnixException'{0x00000007f33791a8}> (0x00000007f33791a8) 
thrown [open/src/hotspot/share/prims/jni.cpp, line 516]
Event: 1118.326 Thread 0x000000011c7fea00 Exception <a 'sun/nio/fs/UnixException'{0x00000007f337a218}> (0x00000007f337a218) 
thrown [open/src/hotspot/share/prims/jni.cpp, line 516]
Event: 1118.374 Thread 0x000000011c7fea00 Exception <a 'java/lang/NoClassDefFoundError'{0x00000007f2eb2608}: org/jetbrains/kotlin/gradle/plugin/KotlinPluginWrapper> (0x00000007f2eb2608) 
thrown [open/src/hotspot/share/oops/constantPool.cpp, line 835]
Event: 1120.247 Thread 0x000000011c7fea00 Exception <a 'sun/nio/fs/UnixException'{0x00000007f0add7b8}> (0x00000007f0add7b8) 
thrown [open/src/hotspot/share/prims/jni.cpp, line 516]
Event: 1120.247 Thread 0x000000011c7fea00 Exception <a 'sun/nio/fs/UnixException'{0x00000007f0ade830}> (0x00000007f0ade830) 
thrown [open/src/hotspot/share/prims/jni.cpp, line 516]
Event: 1120.247 Thread 0x000000011c7fea00 Exception <a 'sun/nio/fs/UnixException'{0x00000007f0adf8a0}> (0x00000007f0adf8a0) 
thrown [open/src/hotspot/share/prims/jni.cpp, line 516]
Event: 1120.247 Thread 0x000000011c7fea00 Exception <a 'sun/nio/fs/UnixException'{0x00000007f0ae0910}> (0x00000007f0ae0910) 
thrown [open/src/hotspot/share/prims/jni.cpp, line 516]
Event: 1120.290 Thread 0x000000011c7fea00 Exception <a 'java/lang/NoClassDefFoundError'{0x00000007f04443a8}: org/jetbrains/kotlin/gradle/plugin/KotlinPluginWrapper> (0x00000007f04443a8) 
thrown [open/src/hotspot/share/oops/constantPool.cpp, line 835]
Event: 1168.762 Thread 0x000000011c7fea00 Exception <a 'sun/nio/fs/UnixException'{0x00000007fd6aa4a0}> (0x00000007fd6aa4a0) 
thrown [open/src/hotspot/share/prims/jni.cpp, line 516]
Event: 1168.763 Thread 0x000000011c7fea00 Exception <a 'sun/nio/fs/UnixException'{0x00000007fd6ab518}> (0x00000007fd6ab518) 
thrown [open/src/hotspot/share/prims/jni.cpp, line 516]
Event: 1168.763 Thread 0x000000011c7fea00 Exception <a 'sun/nio/fs/UnixException'{0x00000007fd6ac588}> (0x00000007fd6ac588) 
thrown [open/src/hotspot/share/prims/jni.cpp, line 516]
Event: 1168.763 Thread 0x000000011c7fea00 Exception <a 'sun/nio/fs/UnixException'{0x00000007fd6ad5f8}> (0x00000007fd6ad5f8) 
thrown [open/src/hotspot/share/prims/jni.cpp, line 516]
Event: 1168.801 Thread 0x000000011c7fea00 Exception <a 'java/lang/NoClassDefFoundError'{0x00000007fc153f68}: org/jetbrains/kotlin/gradle/plugin/KotlinPluginWrapper> (0x00000007fc153f68) 
thrown [open/src/hotspot/share/oops/constantPool.cpp, line 835]

VM Operations (20 events):
Event: 1107.847 Executing VM operation: Cleanup done
Event: 1108.851 Executing VM operation: Cleanup
Event: 1108.856 Executing VM operation: Cleanup done
Event: 1118.898 Executing VM operation: Cleanup
Event: 1118.900 Executing VM operation: Cleanup done
Event: 1120.305 Executing VM operation: HandshakeAllThreads
Event: 1120.305 Executing VM operation: HandshakeAllThreads done
Event: 1120.305 Executing VM operation: Cleanup
Event: 1120.305 Executing VM operation: Cleanup done
Event: 1120.334 Executing VM operation: ICBufferFull
Event: 1120.334 Executing VM operation: ICBufferFull done
Event: 1120.345 Executing VM operation: G1CollectForAllocation
Event: 1120.363 Executing VM operation: G1CollectForAllocation done
Event: 1121.364 Executing VM operation: Cleanup
Event: 1121.364 Executing VM operation: Cleanup done
Event: 1168.725 Executing VM operation: G1CollectForAllocation
Event: 1168.754 Executing VM operation: G1CollectForAllocation done
Event: 1168.813 Executing VM operation: G1TryInitiateConcMark
Event: 1168.816 Executing VM operation: G1TryInitiateConcMark done
Event: 1168.871 Executing VM operation: G1Concurrent

Events (20 events):
Event: 1168.789 Thread 0x0000000122903000 Thread added: 0x0000000122903000
Event: 1168.789 Protecting memory [0x0000000176478000,0x0000000176484000] with protection modes 0
Event: 1168.809 Thread 0x00000001239a7c00 Thread added: 0x00000001239a7c00
Event: 1168.809 Protecting memory [0x0000000176684000,0x0000000176690000] with protection modes 0
Event: 1168.809 Thread 0x00000001214abe00 Thread added: 0x00000001214abe00
Event: 1168.809 Protecting memory [0x0000000176a9c000,0x0000000176aa8000] with protection modes 0
Event: 1168.809 Thread 0x000000010fb72c00 Thread added: 0x000000010fb72c00
Event: 1168.809 Protecting memory [0x0000000176eb4000,0x0000000176ec0000] with protection modes 0
Event: 1168.809 Thread 0x000000010ff0f800 Thread added: 0x000000010ff0f800
Event: 1168.809 Protecting memory [0x00000001770c0000,0x00000001770cc000] with protection modes 0
Event: 1168.810 Thread 0x00000001239a6000 Thread added: 0x00000001239a6000
Event: 1168.810 Protecting memory [0x00000001772cc000,0x00000001772d8000] with protection modes 0
Event: 1168.810 Thread 0x000000011fcb5000 Thread added: 0x000000011fcb5000
Event: 1168.810 Protecting memory [0x00000001774d8000,0x00000001774e4000] with protection modes 0
Event: 1168.810 Thread 0x000000011fc91400 Thread added: 0x000000011fc91400
Event: 1168.810 Protecting memory [0x00000001776e4000,0x00000001776f0000] with protection modes 0
Event: 1168.810 Thread 0x000000011fae2c00 Thread added: 0x000000011fae2c00
Event: 1168.810 Protecting memory [0x00000001778f0000,0x00000001778fc000] with protection modes 0
Event: 1168.810 Thread 0x0000000123c0c800 Thread added: 0x0000000123c0c800
Event: 1168.810 Protecting memory [0x0000000177afc000,0x0000000177b08000] with protection modes 0


Dynamic libraries:
0x00000001024b8000 	/Library/Java/JavaVirtualMachines/jdk-17.jdk/Contents/Home/lib/libjli.dylib
0x00000001a091e000 	/System/Library/Frameworks/Cocoa.framework/Versions/A/Cocoa
0x000000018a473000 	/System/Library/Frameworks/AppKit.framework/Versions/C/AppKit
0x000000018d4bb000 	/System/Library/Frameworks/CoreData.framework/Versions/A/CoreData
0x0000000187d7f000 	/System/Library/Frameworks/Foundation.framework/Versions/C/Foundation
0x000000019349e000 	/usr/lib/libSystem.B.dylib
0x000000018b79f000 	/System/Library/PrivateFrameworks/UIFoundation.framework/Versions/A/UIFoundation
0x00000001fd79e000 	/System/Library/PrivateFrameworks/CollectionViewCore.framework/Versions/A/CollectionViewCore
0x000000019a64b000 	/System/Library/PrivateFrameworks/RemoteViewServices.framework/Versions/A/RemoteViewServices
0x000000019153e000 	/System/Library/PrivateFrameworks/XCTTargetBootstrap.framework/Versions/A/XCTTargetBootstrap
0x0000000195a89000 	/System/Library/PrivateFrameworks/InternationalSupport.framework/Versions/A/InternationalSupport
0x0000000195b11000 	/System/Library/PrivateFrameworks/UserActivity.framework/Versions/A/UserActivity
0x000000021fb07000 	/System/Library/PrivateFrameworks/WindowManagement.framework/Versions/A/WindowManagement
0x0000000187a08000 	/System/Library/Frameworks/SystemConfiguration.framework/Versions/A/SystemConfiguration
0x0000000194f2a000 	/usr/lib/libspindump.dylib
0x000000018b954000 	/System/Library/Frameworks/UniformTypeIdentifiers.framework/Versions/A/UniformTypeIdentifiers
0x000000018f491000 	/usr/lib/libapp_launch_measurement.dylib
0x000000018e8a3000 	/System/Library/PrivateFrameworks/CoreAnalytics.framework/Versions/A/CoreAnalytics
0x000000018f498000 	/System/Library/PrivateFrameworks/CoreAutoLayout.framework/Versions/A/CoreAutoLayout
0x0000000190d68000 	/System/Library/Frameworks/Metal.framework/Versions/A/Metal
0x0000000191cae000 	/usr/lib/liblangid.dylib
0x0000000191544000 	/System/Library/PrivateFrameworks/CoreSVG.framework/Versions/A/CoreSVG
0x000000018c30e000 	/System/Library/PrivateFrameworks/SkyLight.framework/Versions/A/SkyLight
0x000000018c7a6000 	/System/Library/Frameworks/CoreGraphics.framework/Versions/A/CoreGraphics
0x000000019ad93000 	/System/Library/Frameworks/Accelerate.framework/Versions/A/Accelerate
0x0000000194d88000 	/System/Library/PrivateFrameworks/IconServices.framework/Versions/A/IconServices
0x0000000190d46000 	/System/Library/Frameworks/IOSurface.framework/Versions/A/IOSurface
0x000000018e8d2000 	/usr/lib/libDiagnosticMessagesClient.dylib
0x00000001933e1000 	/usr/lib/libz.1.dylib
0x000000019e48b000 	/System/Library/Frameworks/ApplicationServices.framework/Versions/A/ApplicationServices
0x0000000191526000 	/System/Library/PrivateFrameworks/DFRFoundation.framework/Versions/A/DFRFoundation
0x0000000189cdf000 	/usr/lib/libicucore.A.dylib
0x0000000196aef000 	/System/Library/Frameworks/AudioToolbox.framework/Versions/A/AudioToolbox
0x0000000195a96000 	/System/Library/PrivateFrameworks/DataDetectorsCore.framework/Versions/A/DataDetectorsCore
0x00000001aed88000 	/System/Library/PrivateFrameworks/TextInput.framework/Versions/A/TextInput
0x000000018c261000 	/usr/lib/libMobileGestalt.dylib
0x0000000191266000 	/System/Library/Frameworks/Carbon.framework/Versions/A/Frameworks/HIToolbox.framework/Versions/A/HIToolbox
0x000000018eda4000 	/System/Library/Frameworks/QuartzCore.framework/Versions/A/QuartzCore
0x000000018991d000 	/System/Library/Frameworks/Security.framework/Versions/A/Security
0x000000019a68b000 	/System/Library/Frameworks/Carbon.framework/Versions/A/Frameworks/SpeechRecognition.framework/Versions/A/SpeechRecognition
0x000000018f1bf000 	/System/Library/PrivateFrameworks/CoreUI.framework/Versions/A/CoreUI
0x0000000189229000 	/System/Library/Frameworks/CoreAudio.framework/Versions/A/CoreAudio
0x000000018e9b6000 	/System/Library/Frameworks/DiskArbitration.framework/Versions/A/DiskArbitration
0x0000000195381000 	/System/Library/PrivateFrameworks/MultitouchSupport.framework/Versions/A/MultitouchSupport
0x000000018c25f000 	/usr/lib/libenergytrace.dylib
0x00000001a48f3000 	/System/Library/PrivateFrameworks/RenderBox.framework/Versions/A/RenderBox
0x000000018a329000 	/System/Library/Frameworks/IOKit.framework/Versions/A/IOKit
0x000000019aa8f000 	/System/Library/Frameworks/CoreServices.framework/Versions/A/CoreServices
0x000000018f41d000 	/System/Library/PrivateFrameworks/PerformanceAnalysis.framework/Versions/A/PerformanceAnalysis
0x00000001ef3f3000 	/System/Library/Frameworks/OpenGL.framework/Versions/A/OpenGL
0x000000018f4e2000 	/usr/lib/libxml2.2.dylib
0x00000001928db000 	/System/Library/PrivateFrameworks/MobileKeyBag.framework/Versions/A/MobileKeyBag
0x000000018681c000 	/usr/lib/libobjc.A.dylib
0x0000000186b06000 	/usr/lib/libc++.1.dylib
0x000000019aa0c000 	/System/Library/Frameworks/Accessibility.framework/Versions/A/Accessibility
0x000000018ce84000 	/System/Library/Frameworks/ColorSync.framework/Versions/A/ColorSync
0x0000000186c52000 	/System/Library/Frameworks/CoreFoundation.framework/Versions/A/CoreFoundation
0x000000019189a000 	/System/Library/Frameworks/CoreImage.framework/Versions/A/CoreImage
0x0000000189035000 	/System/Library/Frameworks/CoreText.framework/Versions/A/CoreText
0x00000001f3bf5000 	/System/Library/Frameworks/CoreTransferable.framework/Versions/A/CoreTransferable
0x00000001f40d7000 	/System/Library/Frameworks/DeveloperToolsSupport.framework/Versions/A/DeveloperToolsSupport
0x000000019157f000 	/System/Library/Frameworks/ImageIO.framework/Versions/A/ImageIO
0x00000001f8025000 	/System/Library/Frameworks/Symbols.framework/Versions/A/Symbols
0x00000001934a4000 	/System/Library/PrivateFrameworks/SoftLinking.framework/Versions/A/SoftLinking
0x00000001964c1000 	/usr/lib/swift/libswiftCore.dylib
0x00000001ababc000 	/usr/lib/swift/libswiftCoreFoundation.dylib
0x00000001a974d000 	/usr/lib/swift/libswiftCoreGraphics.dylib
0x00000001abb08000 	/usr/lib/swift/libswiftCoreImage.dylib
0x00000001a9754000 	/usr/lib/swift/libswiftDarwin.dylib
0x000000019c103000 	/usr/lib/swift/libswiftDispatch.dylib
0x00000001abb09000 	/usr/lib/swift/libswiftIOKit.dylib
0x00000001b74c8000 	/usr/lib/swift/libswiftMetal.dylib
0x00000001c3e72000 	/usr/lib/swift/libswiftOSLog.dylib
0x000000019e8f7000 	/usr/lib/swift/libswiftObjectiveC.dylib
0x00000001bb0f3000 	/usr/lib/swift/libswiftQuartzCore.dylib
0x00000001bf14a000 	/usr/lib/swift/libswiftUniformTypeIdentifiers.dylib
0x00000001abad2000 	/usr/lib/swift/libswiftXPC.dylib
0x0000000227e14000 	/usr/lib/swift/libswift_Concurrency.dylib
0x000000019e8fb000 	/usr/lib/swift/libswiftos.dylib
0x00000001aecec000 	/usr/lib/swift/libswiftsimd.dylib
0x0000000193652000 	/usr/lib/libcompression.dylib
0x00000001959e3000 	/System/Library/PrivateFrameworks/TextureIO.framework/Versions/A/TextureIO
0x0000000194a3b000 	/usr/lib/libate.dylib
0x0000000193498000 	/usr/lib/system/libcache.dylib
0x0000000193453000 	/usr/lib/system/libcommonCrypto.dylib
0x000000019347f000 	/usr/lib/system/libcompiler_rt.dylib
0x0000000193475000 	/usr/lib/system/libcopyfile.dylib
0x0000000186967000 	/usr/lib/system/libcorecrypto.dylib
0x0000000186a3d000 	/usr/lib/system/libdispatch.dylib
0x0000000186bf8000 	/usr/lib/system/libdyld.dylib
0x000000019348e000 	/usr/lib/system/libkeymgr.dylib
0x000000019342b000 	/usr/lib/system/libmacho.dylib
0x00000001929c1000 	/usr/lib/system/libquarantine.dylib
0x000000019348b000 	/usr/lib/system/libremovefile.dylib
0x000000018c2d5000 	/usr/lib/system/libsystem_asl.dylib
0x0000000186900000 	/usr/lib/system/libsystem_blocks.dylib
0x0000000186a87000 	/usr/lib/system/libsystem_c.dylib
0x0000000193483000 	/usr/lib/system/libsystem_collections.dylib
0x0000000191c9d000 	/usr/lib/system/libsystem_configuration.dylib
0x0000000190d1c000 	/usr/lib/system/libsystem_containermanager.dylib
0x00000001930c7000 	/usr/lib/system/libsystem_coreservices.dylib
0x0000000189f98000 	/usr/lib/system/libsystem_darwin.dylib
0x0000000228141000 	/usr/lib/system/libsystem_darwindirectory.dylib
0x000000019348f000 	/usr/lib/system/libsystem_dnssd.dylib
0x0000000186a84000 	/usr/lib/system/libsystem_featureflags.dylib
0x0000000186c25000 	/usr/lib/system/libsystem_info.dylib
0x00000001933f0000 	/usr/lib/system/libsystem_m.dylib
0x0000000186a06000 	/usr/lib/system/libsystem_malloc.dylib
0x000000018c245000 	/usr/lib/system/libsystem_networkextension.dylib
0x000000018a40b000 	/usr/lib/system/libsystem_notify.dylib
0x0000000191ca2000 	/usr/lib/system/libsystem_sandbox.dylib
0x0000000193488000 	/usr/lib/system/libsystem_secinit.dylib
0x0000000186bb0000 	/usr/lib/system/libsystem_kernel.dylib
0x0000000186c1e000 	/usr/lib/system/libsystem_platform.dylib
0x0000000186beb000 	/usr/lib/system/libsystem_pthread.dylib
0x000000018dcad000 	/usr/lib/system/libsystem_symptoms.dylib
0x000000018694c000 	/usr/lib/system/libsystem_trace.dylib
0x0000000193461000 	/usr/lib/system/libunwind.dylib
0x0000000186905000 	/usr/lib/system/libxpc.dylib
0x0000000186b94000 	/usr/lib/libc++abi.dylib
0x000000019346d000 	/usr/lib/liboah.dylib
0x00000001948ee000 	/usr/lib/liblzma.5.dylib
0x00000001934a0000 	/usr/lib/libfakelink.dylib
0x000000018be71000 	/System/Library/Frameworks/CFNetwork.framework/Versions/A/CFNetwork
0x00000001934f4000 	/usr/lib/libarchive.2.dylib
0x0000000198976000 	/System/Library/Frameworks/Combine.framework/Versions/A/Combine
0x00000001fd7b2000 	/System/Library/PrivateFrameworks/CollectionsInternal.framework/Versions/A/CollectionsInternal
0x0000000212f81000 	/System/Library/PrivateFrameworks/ReflectionInternal.framework/Versions/A/ReflectionInternal
0x000000021352e000 	/System/Library/PrivateFrameworks/RuntimeInternal.framework/Versions/A/RuntimeInternal
0x0000000227f5d000 	/usr/lib/swift/libswift_StringProcessing.dylib
0x000000018a2a8000 	/System/Library/PrivateFrameworks/CoreServicesInternal.framework/Versions/A/CoreServicesInternal
0x00000001929e8000 	/usr/lib/libbsm.0.dylib
0x0000000193433000 	/usr/lib/system/libkxld.dylib
0x000000018f459000 	/System/Library/Frameworks/CoreServices.framework/Versions/A/Frameworks/FSEvents.framework/Versions/A/FSEvents
0x0000000189fa3000 	/System/Library/Frameworks/CoreServices.framework/Versions/A/Frameworks/CarbonCore.framework/Versions/A/CarbonCore
0x000000018e91b000 	/System/Library/Frameworks/CoreServices.framework/Versions/A/Frameworks/Metadata.framework/Versions/A/Metadata
0x00000001930cd000 	/System/Library/Frameworks/CoreServices.framework/Versions/A/Frameworks/OSServices.framework/Versions/A/OSServices
0x000000019357d000 	/System/Library/Frameworks/CoreServices.framework/Versions/A/Frameworks/SearchKit.framework/Versions/A/SearchKit
0x000000018dc2f000 	/System/Library/Frameworks/CoreServices.framework/Versions/A/Frameworks/AE.framework/Versions/A/AE
0x000000018712a000 	/System/Library/Frameworks/CoreServices.framework/Versions/A/Frameworks/LaunchServices.framework/Versions/A/LaunchServices
0x0000000194897000 	/System/Library/Frameworks/CoreServices.framework/Versions/A/Frameworks/DictionaryServices.framework/Versions/A/DictionaryServices
0x000000018f466000 	/System/Library/Frameworks/CoreServices.framework/Versions/A/Frameworks/SharedFileList.framework/Versions/A/SharedFileList
0x000000019361c000 	/usr/lib/libapple_nghttp2.dylib
0x000000018d8b1000 	/usr/lib/libsqlite3.dylib
0x000000018dcb6000 	/System/Library/Frameworks/Network.framework/Versions/A/Network
0x00000002268aa000 	/usr/lib/libCoreEntitlements.dylib
0x000000020e2cc000 	/System/Library/PrivateFrameworks/MessageSecurity.framework/Versions/A/MessageSecurity
0x000000018d897000 	/System/Library/PrivateFrameworks/ProtocolBuffer.framework/Versions/A/ProtocolBuffer
0x0000000192ff6000 	/System/Library/PrivateFrameworks/AppleFSCompression.framework/Versions/A/AppleFSCompression
0x00000001929d0000 	/usr/lib/libcoretls.dylib
0x0000000194907000 	/usr/lib/libcoretls_cfhelpers.dylib
0x000000019364c000 	/usr/lib/libpam.2.dylib
0x0000000194978000 	/usr/lib/libxar.1.dylib
0x0000000194d5f000 	/usr/lib/libheimdal-asn1.dylib
0x000000018be70000 	/usr/lib/libnetwork.dylib
0x00000001934a5000 	/usr/lib/libpcap.A.dylib
0x000000018dca3000 	/usr/lib/libdns_services.dylib
0x0000000191caa000 	/System/Library/PrivateFrameworks/AppleSystemInfo.framework/Versions/A/AppleSystemInfo
0x00000001926d1000 	/System/Library/PrivateFrameworks/IOMobileFramebuffer.framework/Versions/A/IOMobileFramebuffer
0x0000000227eb1000 	/usr/lib/swift/libswift_RegexParser.dylib
0x00000001930ba000 	/usr/lib/libbz2.1.0.dylib
0x00000001929c4000 	/usr/lib/libCheckFix.dylib
0x000000018c2ed000 	/System/Library/PrivateFrameworks/TCC.framework/Versions/A/TCC
0x0000000191cb0000 	/System/Library/PrivateFrameworks/CoreNLP.framework/Versions/A/CoreNLP
0x000000018e8d4000 	/System/Library/PrivateFrameworks/MetadataUtilities.framework/Versions/A/MetadataUtilities
0x00000001929fa000 	/usr/lib/libmecab.dylib
0x0000000187a9b000 	/usr/lib/libCRFSuite.dylib
0x0000000192a56000 	/usr/lib/libgermantok.dylib
0x00000001935f4000 	/usr/lib/libThaiTokenizer.dylib
0x000000018e9bf000 	/System/Library/Frameworks/Accelerate.framework/Versions/A/Frameworks/vImage.framework/Versions/A/vImage
0x000000019aa66000 	/System/Library/Frameworks/Accelerate.framework/Versions/A/Frameworks/vecLib.framework/Versions/A/vecLib
0x00000001949bf000 	/System/Library/Frameworks/Accelerate.framework/Versions/A/Frameworks/vecLib.framework/Versions/A/libvMisc.dylib
0x00000001925ad000 	/System/Library/Frameworks/Accelerate.framework/Versions/A/Frameworks/vecLib.framework/Versions/A/libvDSP.dylib
0x000000018752a000 	/System/Library/Frameworks/Accelerate.framework/Versions/A/Frameworks/vecLib.framework/Versions/A/libBLAS.dylib
0x0000000193725000 	/System/Library/Frameworks/Accelerate.framework/Versions/A/Frameworks/vecLib.framework/Versions/A/libLAPACK.dylib
0x0000000192a59000 	/System/Library/Frameworks/Accelerate.framework/Versions/A/Frameworks/vecLib.framework/Versions/A/libLinearAlgebra.dylib
0x0000000193637000 	/System/Library/Frameworks/Accelerate.framework/Versions/A/Frameworks/vecLib.framework/Versions/A/libSparseBLAS.dylib
0x0000000193720000 	/System/Library/Frameworks/Accelerate.framework/Versions/A/Frameworks/vecLib.framework/Versions/A/libQuadrature.dylib
0x0000000191dd2000 	/System/Library/Frameworks/Accelerate.framework/Versions/A/Frameworks/vecLib.framework/Versions/A/libBNNS.dylib
0x00000001879a1000 	/System/Library/Frameworks/Accelerate.framework/Versions/A/Frameworks/vecLib.framework/Versions/A/libSparse.dylib
0x000000020cb42000 	/System/Library/PrivateFrameworks/MIL.framework/Versions/A/MIL
0x00000001934db000 	/usr/lib/libiconv.2.dylib
0x0000000193427000 	/usr/lib/libcharset.1.dylib
0x000000018f439000 	/System/Library/Frameworks/OpenDirectory.framework/Versions/A/Frameworks/CFOpenDirectory.framework/Versions/A/CFOpenDirectory
0x000000018f429000 	/System/Library/Frameworks/OpenDirectory.framework/Versions/A/OpenDirectory
0x0000000194909000 	/System/Library/PrivateFrameworks/APFS.framework/Versions/A/APFS
0x0000000192901000 	/System/Library/Frameworks/SecurityFoundation.framework/Versions/A/SecurityFoundation
0x0000000194987000 	/usr/lib/libutil.dylib
0x000000020ad29000 	/System/Library/PrivateFrameworks/InstalledContentLibrary.framework/Versions/A/InstalledContentLibrary
0x000000018a2e8000 	/System/Library/PrivateFrameworks/CoreServicesStore.framework/Versions/A/CoreServicesStore
0x00000001fb36a000 	/System/Library/PrivateFrameworks/AppleMobileFileIntegrity.framework/Versions/A/AppleMobileFileIntegrity
0x00000001aba9a000 	/usr/lib/libmis.dylib
0x00000001bb5ba000 	/System/Library/PrivateFrameworks/MobileSystemServices.framework/Versions/A/MobileSystemServices
0x00000001ec85b000 	/System/Library/PrivateFrameworks/ConfigProfileHelper.framework/Versions/A/ConfigProfileHelper
0x00000001935f6000 	/System/Library/PrivateFrameworks/AppleSauce.framework/Versions/A/AppleSauce
0x00000001889c7000 	/System/Library/PrivateFrameworks/LanguageModeling.framework/Versions/A/LanguageModeling
0x000000019498b000 	/usr/lib/libxslt.1.dylib
0x00000001934e2000 	/usr/lib/libcmph.dylib
0x000000019269e000 	/System/Library/PrivateFrameworks/CoreEmoji.framework/Versions/A/CoreEmoji
0x0000000191dcc000 	/System/Library/PrivateFrameworks/LinguisticData.framework/Versions/A/LinguisticData
0x00000001878b4000 	/System/Library/PrivateFrameworks/Lexicon.framework/Versions/A/Lexicon
0x000000019298f000 	/System/Library/PrivateFrameworks/BackgroundTaskManagement.framework/Versions/A/BackgroundTaskManagement
0x0000000226a93000 	/usr/lib/libTLE.dylib
0x0000000195247000 	/System/Library/PrivateFrameworks/AppleJPEG.framework/Versions/A/AppleJPEG
0x0000000194d44000 	/usr/lib/libexpat.1.dylib
0x0000000195841000 	/System/Library/Frameworks/ImageIO.framework/Versions/A/Resources/libPng.dylib
0x000000019586c000 	/System/Library/Frameworks/ImageIO.framework/Versions/A/Resources/libTIFF.dylib
0x0000000195957000 	/System/Library/Frameworks/ImageIO.framework/Versions/A/Resources/libGIF.dylib
0x000000019528d000 	/System/Library/Frameworks/ImageIO.framework/Versions/A/Resources/libJP2.dylib
0x00000001958fc000 	/System/Library/Frameworks/ImageIO.framework/Versions/A/Resources/libJPEG.dylib
0x00000001958f3000 	/System/Library/Frameworks/ImageIO.framework/Versions/A/Resources/libRadiance.dylib
0x0000000191101000 	/System/Library/PrivateFrameworks/FontServices.framework/libFontParser.dylib
0x000000018dbcd000 	/System/Library/PrivateFrameworks/RunningBoardServices.framework/Versions/A/RunningBoardServices
0x00000001a11b3000 	/System/Library/PrivateFrameworks/IOSurfaceAccelerator.framework/Versions/A/IOSurfaceAccelerator
0x000000019537d000 	/System/Library/PrivateFrameworks/WatchdogClient.framework/Versions/A/WatchdogClient
0x0000000188baa000 	/System/Library/Frameworks/CoreDisplay.framework/Versions/A/CoreDisplay
0x0000000190fba000 	/System/Library/Frameworks/CoreMedia.framework/Versions/A/CoreMedia
0x0000000190d5e000 	/System/Library/PrivateFrameworks/IOAccelerator.framework/Versions/A/IOAccelerator
0x000000018f5cc000 	/System/Library/Frameworks/CoreVideo.framework/Versions/A/CoreVideo
0x000000019364a000 	/System/Library/Frameworks/MetalPerformanceShaders.framework/Versions/A/MetalPerformanceShaders
0x00000001953c0000 	/System/Library/Frameworks/VideoToolbox.framework/Versions/A/VideoToolbox
0x000000018f667000 	/System/Library/PrivateFrameworks/UserManagement.framework/Versions/A/UserManagement
0x000000018dafc000 	/System/Library/PrivateFrameworks/BaseBoard.framework/Versions/A/BaseBoard
0x0000000191ca8000 	/System/Library/PrivateFrameworks/AggregateDictionary.framework/Versions/A/AggregateDictionary
0x00000001fb2ea000 	/System/Library/PrivateFrameworks/AppleKeyStore.framework/Versions/A/AppleKeyStore
0x00000001958ee000 	/System/Library/PrivateFrameworks/GPUWrangler.framework/Versions/A/GPUWrangler
0x00000001958ce000 	/System/Library/PrivateFrameworks/IOPresentment.framework/Versions/A/IOPresentment
0x00000001958f6000 	/System/Library/PrivateFrameworks/DSExternalDisplay.framework/Versions/A/DSExternalDisplay
0x0000000206e97000 	/System/Library/PrivateFrameworks/GPUCompiler.framework/Versions/32023/Libraries/libllvm-flatbuffers.dylib
0x00000001ef3e6000 	/System/Library/Frameworks/OpenGL.framework/Versions/A/Libraries/libCoreFSCache.dylib
0x00000002040cf000 	/System/Library/PrivateFrameworks/GPUCompiler.framework/Versions/32023/Libraries/libGPUCompilerUtils.dylib
0x000000019595d000 	/System/Library/PrivateFrameworks/CMCaptureCore.framework/Versions/A/CMCaptureCore
0x00000001f41dc000 	/System/Library/Frameworks/ExtensionFoundation.framework/Versions/A/ExtensionFoundation
0x000000019c948000 	/System/Library/PrivateFrameworks/CoreTime.framework/Versions/A/CoreTime
0x0000000194f15000 	/System/Library/PrivateFrameworks/AppServerSupport.framework/Versions/A/AppServerSupport
0x000000019746f000 	/System/Library/PrivateFrameworks/perfdata.framework/Versions/A/perfdata
0x0000000188cce000 	/System/Library/PrivateFrameworks/AudioToolboxCore.framework/Versions/A/AudioToolboxCore
0x0000000190f90000 	/System/Library/PrivateFrameworks/caulk.framework/Versions/A/caulk
0x0000000196cea000 	/usr/lib/libAudioStatistics.dylib
0x00000001aadf6000 	/System/Library/PrivateFrameworks/SystemPolicy.framework/Versions/A/SystemPolicy
0x0000000196fc2000 	/usr/lib/libSMC.dylib
0x00000001a07ad000 	/System/Library/Frameworks/CoreMIDI.framework/Versions/A/CoreMIDI
0x0000000195808000 	/usr/lib/libAudioToolboxUtility.dylib
0x00000001a6598000 	/System/Library/PrivateFrameworks/OSAServicesClient.framework/Versions/A/OSAServicesClient
0x000000019747d000 	/usr/lib/libperfcheck.dylib
0x0000000194c2e000 	/System/Library/PrivateFrameworks/PlugInKit.framework/Versions/A/PlugInKit
0x00000001928f3000 	/System/Library/PrivateFrameworks/AssertionServices.framework/Versions/A/AssertionServices
0x000000019f8c1000 	/System/Library/PrivateFrameworks/ASEProcessing.framework/Versions/A/ASEProcessing
0x00000001c722b000 	/System/Library/PrivateFrameworks/Symbolication.framework/Versions/A/Symbolication
0x0000000211fee000 	/System/Library/PrivateFrameworks/PhotosensitivityProcessing.framework/Versions/A/PhotosensitivityProcessing
0x0000000194ec7000 	/System/Library/PrivateFrameworks/GraphVisualizer.framework/Versions/A/GraphVisualizer
0x00000001ef448000 	/System/Library/Frameworks/OpenGL.framework/Versions/A/Libraries/libGLU.dylib
0x00000001ef407000 	/System/Library/Frameworks/OpenGL.framework/Versions/A/Libraries/libGFXShared.dylib
0x00000001ef5e0000 	/System/Library/Frameworks/OpenGL.framework/Versions/A/Libraries/libGL.dylib
0x00000001ef410000 	/System/Library/Frameworks/OpenGL.framework/Versions/A/Libraries/libGLImage.dylib
0x00000001ef404000 	/System/Library/Frameworks/OpenGL.framework/Versions/A/Libraries/libCVMSPluginSupport.dylib
0x0000000226a4c000 	/usr/lib/libRosetta.dylib
0x00000001ef3ed000 	/System/Library/Frameworks/OpenGL.framework/Versions/A/Libraries/libCoreVMClient.dylib
0x0000000202489000 	/System/Library/PrivateFrameworks/FontServices.framework/Versions/A/FontServices
0x0000000194ed3000 	/System/Library/PrivateFrameworks/OTSVG.framework/Versions/A/OTSVG
0x000000018f16d000 	/System/Library/Frameworks/ApplicationServices.framework/Versions/A/Frameworks/ATS.framework/Versions/A/Resources/libFontRegistry.dylib
0x0000000194f1f000 	/System/Library/PrivateFrameworks/FontServices.framework/libhvf.dylib
0x000000020248a000 	/System/Library/PrivateFrameworks/FontServices.framework/libXTFontStaticRegistryData.dylib
0x0000000191c1f000 	/System/Library/Frameworks/MetalPerformanceShaders.framework/Versions/A/Frameworks/MPSCore.framework/Versions/A/MPSCore
0x0000000192f69000 	/System/Library/Frameworks/MetalPerformanceShaders.framework/Versions/A/Frameworks/MPSImage.framework/Versions/A/MPSImage
0x0000000192a6e000 	/System/Library/Frameworks/MetalPerformanceShaders.framework/Versions/A/Frameworks/MPSNeuralNetwork.framework/Versions/A/MPSNeuralNetwork
0x0000000192e5c000 	/System/Library/Frameworks/MetalPerformanceShaders.framework/Versions/A/Frameworks/MPSMatrix.framework/Versions/A/MPSMatrix
0x0000000192c68000 	/System/Library/Frameworks/MetalPerformanceShaders.framework/Versions/A/Frameworks/MPSRayIntersector.framework/Versions/A/MPSRayIntersector
0x0000000192e8b000 	/System/Library/Frameworks/MetalPerformanceShaders.framework/Versions/A/Frameworks/MPSNDArray.framework/Versions/A/MPSNDArray
0x00000001f58b4000 	/System/Library/Frameworks/MetalPerformanceShaders.framework/Versions/A/Frameworks/MPSFunctions.framework/Versions/A/MPSFunctions
0x00000001f5896000 	/System/Library/Frameworks/MetalPerformanceShaders.framework/Versions/A/Frameworks/MPSBenchmarkLoop.framework/Versions/A/MPSBenchmarkLoop
0x00000001873df000 	/System/Library/PrivateFrameworks/MetalTools.framework/Versions/A/MetalTools
0x00000001afea9000 	/System/Library/PrivateFrameworks/IOAccelMemoryInfo.framework/Versions/A/IOAccelMemoryInfo
0x00000001bb4c7000 	/System/Library/PrivateFrameworks/kperf.framework/Versions/A/kperf
0x00000001abaae000 	/System/Library/PrivateFrameworks/GPURawCounter.framework/Versions/A/GPURawCounter
0x000000019c838000 	/System/Library/PrivateFrameworks/CoreSymbolication.framework/Versions/A/CoreSymbolication
0x00000001aba6b000 	/System/Library/PrivateFrameworks/MallocStackLogging.framework/Versions/A/MallocStackLogging
0x0000000194ad5000 	/System/Library/PrivateFrameworks/CrashReporterSupport.framework/Versions/A/CrashReporterSupport
0x000000019c7f3000 	/System/Library/PrivateFrameworks/DebugSymbols.framework/Versions/A/DebugSymbols
0x00000001ba805000 	/System/Library/PrivateFrameworks/OSAnalytics.framework/Versions/A/OSAnalytics
0x000000021dfc1000 	/System/Library/PrivateFrameworks/VideoToolboxParavirtualizationSupport.framework/Versions/A/VideoToolboxParavirtualizationSupport
0x0000000194cf8000 	/System/Library/PrivateFrameworks/AppleVA.framework/Versions/A/AppleVA
0x0000000196d32000 	/System/Library/Frameworks/ApplicationServices.framework/Versions/A/Frameworks/ATS.framework/Versions/A/ATS
0x000000018d033000 	/System/Library/Frameworks/ApplicationServices.framework/Versions/A/Frameworks/HIServices.framework/Versions/A/HIServices
0x000000019596b000 	/System/Library/Frameworks/ApplicationServices.framework/Versions/A/Frameworks/PrintCore.framework/Versions/A/PrintCore
0x000000019711b000 	/System/Library/Frameworks/ApplicationServices.framework/Versions/A/Frameworks/QD.framework/Versions/A/QD
0x000000019710f000 	/System/Library/Frameworks/ApplicationServices.framework/Versions/A/Frameworks/ColorSyncLegacy.framework/Versions/A/ColorSyncLegacy
0x0000000196d02000 	/System/Library/Frameworks/ApplicationServices.framework/Versions/A/Frameworks/SpeechSynthesis.framework/Versions/A/SpeechSynthesis
0x0000000195927000 	/System/Library/Frameworks/ApplicationServices.framework/Versions/A/Frameworks/ATSUI.framework/Versions/A/ATSUI
0x00000001970a2000 	/usr/lib/libcups.2.dylib
0x000000019748b000 	/System/Library/Frameworks/Kerberos.framework/Versions/A/Kerberos
0x000000019749c000 	/System/Library/Frameworks/GSS.framework/Versions/A/GSS
0x0000000196db1000 	/usr/lib/libresolv.9.dylib
0x0000000194f30000 	/System/Library/PrivateFrameworks/Heimdal.framework/Versions/A/Heimdal
0x000000019e863000 	/System/Library/Frameworks/Kerberos.framework/Versions/A/Libraries/libHeimdalProxy.dylib
0x00000001974f6000 	/System/Library/PrivateFrameworks/CommonAuth.framework/Versions/A/CommonAuth
0x00000001f2fdd000 	/System/Library/Frameworks/AVFAudio.framework/Versions/A/AVFAudio
0x00000001a65e7000 	/System/Library/PrivateFrameworks/AXCoreUtilities.framework/Versions/A/AXCoreUtilities
0x0000000196c6e000 	/System/Library/PrivateFrameworks/AudioSession.framework/Versions/A/AudioSession
0x0000000198719000 	/System/Library/Frameworks/IOBluetooth.framework/Versions/A/IOBluetooth
0x0000000194e03000 	/System/Library/PrivateFrameworks/MediaExperience.framework/Versions/A/MediaExperience
0x0000000196ab1000 	/System/Library/PrivateFrameworks/AudioSession.framework/libSessionUtility.dylib
0x0000000197127000 	/System/Library/PrivateFrameworks/AudioResourceArbitration.framework/Versions/A/AudioResourceArbitration
0x000000019b7bd000 	/System/Library/PrivateFrameworks/PowerLog.framework/Versions/A/PowerLog
0x000000019b6e0000 	/System/Library/Frameworks/CoreBluetooth.framework/Versions/A/CoreBluetooth
0x000000019e864000 	/System/Library/Frameworks/AudioUnit.framework/Versions/A/AudioUnit
0x000000019275e000 	/System/Library/PrivateFrameworks/CoreUtils.framework/Versions/A/CoreUtils
0x00000002008fa000 	/System/Library/PrivateFrameworks/CoreUtilsExtras.framework/Versions/A/CoreUtilsExtras
0x000000020abc0000 	/System/Library/PrivateFrameworks/IO80211.framework/Versions/A/IO80211
0x00000001a6602000 	/usr/lib/libAccessibility.dylib
0x000000019addf000 	/System/Library/Frameworks/MediaAccessibility.framework/Versions/A/MediaAccessibility
0x000000019c366000 	/System/Library/PrivateFrameworks/FrontBoardServices.framework/Versions/A/FrontBoardServices
0x000000019de41000 	/System/Library/PrivateFrameworks/BackBoardServices.framework/Versions/A/BackBoardServices
0x000000019c420000 	/System/Library/PrivateFrameworks/BoardServices.framework/Versions/A/BoardServices
0x0000000194d6a000 	/System/Library/PrivateFrameworks/IconFoundation.framework/Versions/A/IconFoundation
0x000000019a677000 	/System/Library/PrivateFrameworks/SpeechRecognitionCore.framework/Versions/A/SpeechRecognitionCore
0x00000001ca62e000 	/System/Library/Frameworks/OSLog.framework/Versions/A/OSLog
0x00000001ab9fb000 	/System/Library/PrivateFrameworks/LoggingSupport.framework/Versions/A/LoggingSupport
0x0000000103464000 	/Library/Java/JavaVirtualMachines/jdk-17.jdk/Contents/Home/lib/server/libjvm.dylib
0x0000000102060000 	/Library/Java/JavaVirtualMachines/jdk-17.jdk/Contents/Home/lib/libjimage.dylib
0x000000010208c000 	/Library/Java/JavaVirtualMachines/jdk-17.jdk/Contents/Home/lib/libinstrument.dylib
0x00000001020d8000 	/Library/Java/JavaVirtualMachines/jdk-17.jdk/Contents/Home/lib/libjava.dylib
0x0000000102428000 	/Library/Java/JavaVirtualMachines/jdk-17.jdk/Contents/Home/lib/libzip.dylib
0x0000000102744000 	/Library/Java/JavaVirtualMachines/jdk-17.jdk/Contents/Home/lib/libnio.dylib
0x0000000102764000 	/Library/Java/JavaVirtualMachines/jdk-17.jdk/Contents/Home/lib/libnet.dylib
0x0000000102788000 	/Library/Java/JavaVirtualMachines/jdk-17.jdk/Contents/Home/lib/libverify.dylib
0x0000000102400000 	/Users/jjeoV/.gradle/native/68d5fa5c4cc2d200863cafc0d521ce42e7d3e7ee720ec0a83991735586a16f82/osx-aarch64/libnative-platform.dylib
0x0000000103274000 	/Users/jjeoV/.gradle/native/e376f236ea51e6404a007f0833ffe2c6e607c4080706a723a18a27aeea778392/osx-aarch64/libnative-platform-file-events.dylib
0x0000000102410000 	/Library/Java/JavaVirtualMachines/jdk-17.jdk/Contents/Home/lib/libmanagement.dylib
0x00000001027a4000 	/Library/Java/JavaVirtualMachines/jdk-17.jdk/Contents/Home/lib/libmanagement_ext.dylib
0x00000001027b8000 	/Library/Java/JavaVirtualMachines/jdk-17.jdk/Contents/Home/lib/libextnet.dylib


VM Arguments:
jvm_args: --add-opens=java.base/java.util=ALL-UNNAMED --add-opens=java.base/java.lang=ALL-UNNAMED --add-opens=java.base/java.lang.invoke=ALL-UNNAMED --add-opens=java.prefs/java.util.prefs=ALL-UNNAMED --add-opens=java.base/java.nio.charset=ALL-UNNAMED --add-opens=java.base/java.net=ALL-UNNAMED --add-opens=java.base/java.util.concurrent.atomic=ALL-UNNAMED -XX:MaxMetaspaceSize=384m -XX:+HeapDumpOnOutOfMemoryError -Xms256m -Xmx512m -Dfile.encoding=UTF-8 -Duser.country=KR -Duser.language=ko -Duser.variant -javaagent:/Users/jjeoV/.gradle/wrapper/dists/gradle-8.3-bin/dxjbbhstwasg8cbags9q7cvli/gradle-8.3/lib/agents/gradle-instrumentation-agent-8.3.jar 
java_command: org.gradle.launcher.daemon.bootstrap.GradleDaemon 8.3
java_class_path (initial): /Users/jjeoV/.gradle/wrapper/dists/gradle-8.3-bin/dxjbbhstwasg8cbags9q7cvli/gradle-8.3/lib/gradle-launcher-8.3.jar
Launcher Type: SUN_STANDARD

[Global flags]
     intx CICompilerCount                          = 4                                         {product} {ergonomic}
   size_t CompressedClassSpaceSize                 = 335544320                                 {product} {ergonomic}
     uint ConcGCThreads                            = 2                                         {product} {ergonomic}
     uint G1ConcRefinementThreads                  = 8                                         {product} {ergonomic}
   size_t G1HeapRegionSize                         = 1048576                                   {product} {ergonomic}
    uintx GCDrainStackTargetSize                   = 64                                        {product} {ergonomic}
     bool HeapDumpOnOutOfMemoryError               = true                                   {manageable} {command line}
   size_t InitialHeapSize                          = 268435456                                 {product} {command line}
   size_t MarkStackSize                            = 4194304                                   {product} {ergonomic}
   size_t MaxHeapSize                              = 536870912                                 {product} {command line}
   size_t MaxMetaspaceSize                         = 402653184                                 {product} {command line}
   size_t MaxNewSize                               = 321912832                                 {product} {ergonomic}
   size_t MinHeapDeltaBytes                        = 1048576                                   {product} {ergonomic}
   size_t MinHeapSize                              = 268435456                                 {product} {command line}
    uintx NonNMethodCodeHeapSize                   = 5839564                                {pd product} {ergonomic}
    uintx NonProfiledCodeHeapSize                  = 122909338                              {pd product} {ergonomic}
    uintx ProfiledCodeHeapSize                     = 122909338                              {pd product} {ergonomic}
    uintx ReservedCodeCacheSize                    = 251658240                              {pd product} {ergonomic}
     bool SegmentedCodeCache                       = true                                      {product} {ergonomic}
   size_t SoftMaxHeapSize                          = 536870912                              {manageable} {ergonomic}
     bool UseCompressedClassPointers               = true                           {product lp64_product} {ergonomic}
     bool UseCompressedOops                        = true                           {product lp64_product} {ergonomic}
     bool UseG1GC                                  = true                                      {product} {ergonomic}
     bool UseNUMA                                  = false                                     {product} {ergonomic}
     bool UseNUMAInterleaving                      = false                                     {product} {ergonomic}

Logging:
Log output configuration:
 #0: stdout all=warning uptime,level,tags
 #1: stderr all=off uptime,level,tags

Environment Variables:
PATH=/Users/jjeoV/.rbenv/shims:/opt/homebrew/bin:/opt/local/bin:/opt/local/sbin:/usr/local/bin:/System/Cryptexes/App/usr/bin:/usr/bin:/bin:/usr/sbin:/sbin:/var/run/com.apple.security.cryptexd/codex.system/bootstrap/usr/local/bin:/var/run/com.apple.security.cryptexd/codex.system/bootstrap/usr/bin:/var/run/com.apple.security.cryptexd/codex.system/bootstrap/usr/appleinternal/bin:/opt/X11/bin:/Library/Apple/usr/bin:/Users/jjeoV/Library/Application Support/JetBrains/Toolbox/scripts:/Users/jjeoV/Desktop/jjeoV/flutter/development/flutter/bin
SHELL=/bin/zsh
DISPLAY=/private/tmp/com.apple.launchd.b6V6Cohlgn/org.xquartz:0
LC_CTYPE=ko_KR.UTF-8

Signal Handlers:
   SIGSEGV: crash_handler in libjvm.dylib, mask=11100110000111110111111111111111, flags=SA_RESTART|SA_SIGINFO
    SIGBUS: crash_handler in libjvm.dylib, mask=11100110000111110111111111111111, flags=SA_RESTART|SA_SIGINFO
    SIGFPE: crash_handler in libjvm.dylib, mask=11100110000111110111111111111111, flags=SA_RESTART|SA_SIGINFO
   SIGPIPE: javaSignalHandler in libjvm.dylib, mask=11100110000111110111111111111111, flags=SA_RESTART|SA_SIGINFO
   SIGXFSZ: javaSignalHandler in libjvm.dylib, mask=11100110000111110111111111111111, flags=SA_RESTART|SA_SIGINFO
    SIGILL: crash_handler in libjvm.dylib, mask=11100110000111110111111111111111, flags=SA_RESTART|SA_SIGINFO
   SIGUSR2: SR_handler in libjvm.dylib, mask=00100000000000000000000000000000, flags=SA_RESTART|SA_SIGINFO
    SIGHUP: UserHandler in libjvm.dylib, mask=11100110000111110111111111111111, flags=SA_RESTART|SA_SIGINFO
    SIGINT: UserHandler in libjvm.dylib, mask=11100110000111110111111111111111, flags=SA_RESTART|SA_SIGINFO
   SIGTERM: UserHandler in libjvm.dylib, mask=11100110000111110111111111111111, flags=SA_RESTART|SA_SIGINFO
   SIGQUIT: UserHandler in libjvm.dylib, mask=11100110000111110111111111111111, flags=SA_RESTART|SA_SIGINFO
   SIGTRAP: crash_handler in libjvm.dylib, mask=11100110000111110111111111111111, flags=SA_RESTART|SA_SIGINFO


---------------  S Y S T E M  ---------------

OS:
uname: Darwin 23.3.0 Darwin Kernel Version 23.3.0: Wed Dec 20 21:33:31 PST 2023; root:xnu-10002.81.5~7/RELEASE_ARM64_T8112 arm64
OS uptime: 2 days 0:22 hours
rlimit (soft/hard): STACK 8176k/65520k , CORE 0k/infinity , NPROC 2666/4000 , NOFILE 12544/infinity , AS infinity/infinity , CPU infinity/infinity , DATA infinity/infinity , FSIZE infinity/infinity , MEMLOCK infinity/infinity , RSS infinity/infinity
load average: 4.97 5.77 6.50

CPU: total 8 (initial active 8) 0x61:0x0:0xda33d83d:0, fp, simd, crc, lse

Memory: 16k page, physical 16777216k(85728k free), swap 1048576k(761536k free)

vm_info: Java HotSpot(TM) 64-Bit Server VM (17.0.8+9-LTS-211) for bsd-aarch64 JRE (17.0.8+9-LTS-211), built on Jun 14 2023 09:30:57 by "mach5one" with clang Apple LLVM 12.0.0 (clang-1200.0.32.29)

END.
