[2024-02-19 13:10:43:916071] ERROR 9648 --- [nio-8080-exec-1] o.h.e.jdbc.spi.SqlExceptionHelper        : HikariPool-1 - Connection is not available, request timed out after 30009ms.
[2024-02-19 13:10:43:916077] ERROR 9648 --- [nio-8080-exec-1] o.h.e.jdbc.spi.SqlExceptionHelper        : 치명적오류: "jjeovi" 롤의 최대 동시 접속수를 초과했습니다
[2024-02-19 13:10:43:916096] ERROR 9648 --- [nio-8080-exec-1] o.a.c.c.C.[.[.[.[dispatcherServlet]      : Servlet.service() for servlet [dispatcherServlet] in context with path [] threw exception [Request processing failed; nested exception is org.springframework.dao.DataAccessResourceFailureException: Unable to acquire JDBC Connection; nested exception is org.hibernate.exception.JDBCConnectionException: Unable to acquire JDBC Connection] with root cause
org.postgresql.util.PSQLException: 치명적오류: "jjeovi" 롤의 최대 동시 접속수를 초과했습니다
	at org.postgresql.core.v3.QueryExecutorImpl.receiveErrorResponse(QueryExecutorImpl.java:2675)
	at org.postgresql.core.v3.QueryExecutorImpl.readStartupMessages(QueryExecutorImpl.java:2787)
	at org.postgresql.core.v3.QueryExecutorImpl.<init>(QueryExecutorImpl.java:173)
	at org.postgresql.core.v3.ConnectionFactoryImpl.openConnectionImpl(ConnectionFactoryImpl.java:290)
	at org.postgresql.core.ConnectionFactory.openConnection(ConnectionFactory.java:49)
	at org.postgresql.jdbc.PgConnection.<init>(PgConnection.java:223)
	at org.postgresql.Driver.makeConnection(Driver.java:402)
	at org.postgresql.Driver.connect(Driver.java:261)
	at com.zaxxer.hikari.util.DriverDataSource.getConnection(DriverDataSource.java:138)
	at com.zaxxer.hikari.pool.PoolBase.newConnection(PoolBase.java:364)
	at com.zaxxer.hikari.pool.PoolBase.newPoolEntry(PoolBase.java:206)
	at com.zaxxer.hikari.pool.HikariPool.createPoolEntry(HikariPool.java:476)
	at com.zaxxer.hikari.pool.HikariPool.access$100(HikariPool.java:71)
	at com.zaxxer.hikari.pool.HikariPool$PoolEntryCreator.call(HikariPool.java:726)
	at com.zaxxer.hikari.pool.HikariPool$PoolEntryCreator.call(HikariPool.java:712)
	at java.base/java.util.concurrent.FutureTask.run(FutureTask.java:264)
	at java.base/java.util.concurrent.ThreadPoolExecutor.runWorker(ThreadPoolExecutor.java:1136)
	at java.base/java.util.concurrent.ThreadPoolExecutor$Worker.run(ThreadPoolExecutor.java:635)
	at java.base/java.lang.Thread.run(Thread.java:840)
[2024-02-19 13:11:13:946433] ERROR 9648 --- [nio-8080-exec-1] o.h.e.jdbc.spi.SqlExceptionHelper        : HikariPool-1 - Connection is not available, request timed out after 30257ms.
[2024-02-19 13:11:13:946441] ERROR 9648 --- [nio-8080-exec-1] o.h.e.jdbc.spi.SqlExceptionHelper        : 치명적오류: "jjeovi" 롤의 최대 동시 접속수를 초과했습니다
[2024-02-19 13:11:13:946446] ERROR 9648 --- [nio-8080-exec-1] o.a.c.c.C.[.[.[.[dispatcherServlet]      : Servlet.service() for servlet [dispatcherServlet] threw exception
org.postgresql.util.PSQLException: 치명적오류: "jjeovi" 롤의 최대 동시 접속수를 초과했습니다
	at org.postgresql.core.v3.QueryExecutorImpl.receiveErrorResponse(QueryExecutorImpl.java:2675)
	at org.postgresql.core.v3.QueryExecutorImpl.readStartupMessages(QueryExecutorImpl.java:2787)
	at org.postgresql.core.v3.QueryExecutorImpl.<init>(QueryExecutorImpl.java:173)
	at org.postgresql.core.v3.ConnectionFactoryImpl.openConnectionImpl(ConnectionFactoryImpl.java:290)
	at org.postgresql.core.ConnectionFactory.openConnection(ConnectionFactory.java:49)
	at org.postgresql.jdbc.PgConnection.<init>(PgConnection.java:223)
	at org.postgresql.Driver.makeConnection(Driver.java:402)
	at org.postgresql.Driver.connect(Driver.java:261)
	at com.zaxxer.hikari.util.DriverDataSource.getConnection(DriverDataSource.java:138)
	at com.zaxxer.hikari.pool.PoolBase.newConnection(PoolBase.java:364)
	at com.zaxxer.hikari.pool.PoolBase.newPoolEntry(PoolBase.java:206)
	at com.zaxxer.hikari.pool.HikariPool.createPoolEntry(HikariPool.java:476)
	at com.zaxxer.hikari.pool.HikariPool.access$100(HikariPool.java:71)
	at com.zaxxer.hikari.pool.HikariPool$PoolEntryCreator.call(HikariPool.java:726)
	at com.zaxxer.hikari.pool.HikariPool$PoolEntryCreator.call(HikariPool.java:712)
	at java.base/java.util.concurrent.FutureTask.run(FutureTask.java:264)
	at java.base/java.util.concurrent.ThreadPoolExecutor.runWorker(ThreadPoolExecutor.java:1136)
	at java.base/java.util.concurrent.ThreadPoolExecutor$Worker.run(ThreadPoolExecutor.java:635)
	at java.base/java.lang.Thread.run(Thread.java:840)
[2024-02-19 13:11:13:946450] ERROR 9648 --- [nio-8080-exec-1] o.a.c.c.C.[Tomcat].[localhost]           : Exception Processing ErrorPage[errorCode=0, location=/error]
org.springframework.web.util.NestedServletException: Request processing failed; nested exception is org.springframework.dao.DataAccessResourceFailureException: Unable to acquire JDBC Connection; nested exception is org.hibernate.exception.JDBCConnectionException: Unable to acquire JDBC Connection
	at org.springframework.web.servlet.FrameworkServlet.processRequest(FrameworkServlet.java:1014)
	at org.springframework.web.servlet.FrameworkServlet.doGet(FrameworkServlet.java:898)
	at javax.servlet.http.HttpServlet.service(HttpServlet.java:529)
	at org.springframework.web.servlet.FrameworkServlet.service(FrameworkServlet.java:883)
	at javax.servlet.http.HttpServlet.service(HttpServlet.java:623)
	at org.apache.catalina.core.ApplicationFilterChain.internalDoFilter(ApplicationFilterChain.java:209)
	at org.apache.catalina.core.ApplicationFilterChain.doFilter(ApplicationFilterChain.java:153)
	at org.springframework.security.web.FilterChainProxy$VirtualFilterChain.doFilter(FilterChainProxy.java:337)
	at org.springframework.security.web.access.intercept.FilterSecurityInterceptor.invoke(FilterSecurityInterceptor.java:106)
	at org.springframework.security.web.access.intercept.FilterSecurityInterceptor.doFilter(FilterSecurityInterceptor.java:81)
	at org.springframework.security.web.FilterChainProxy$VirtualFilterChain.doFilter(FilterChainProxy.java:346)
	at org.springframework.security.web.access.ExceptionTranslationFilter.doFilter(ExceptionTranslationFilter.java:122)
	at org.springframework.security.web.access.ExceptionTranslationFilter.doFilter(ExceptionTranslationFilter.java:116)
	at org.springframework.security.web.FilterChainProxy$VirtualFilterChain.doFilter(FilterChainProxy.java:346)
	at org.springframework.security.web.session.SessionManagementFilter.doFilter(SessionManagementFilter.java:87)
	at org.springframework.security.web.session.SessionManagementFilter.doFilter(SessionManagementFilter.java:81)
	at org.springframework.security.web.FilterChainProxy$VirtualFilterChain.doFilter(FilterChainProxy.java:346)
	at org.springframework.security.web.authentication.AnonymousAuthenticationFilter.doFilter(AnonymousAuthenticationFilter.java:109)
	at org.springframework.security.web.FilterChainProxy$VirtualFilterChain.doFilter(FilterChainProxy.java:346)
	at org.springframework.security.web.servletapi.SecurityContextHolderAwareRequestFilter.doFilter(SecurityContextHolderAwareRequestFilter.java:149)
	at org.springframework.security.web.FilterChainProxy$VirtualFilterChain.doFilter(FilterChainProxy.java:346)
	at org.springframework.security.web.savedrequest.RequestCacheAwareFilter.doFilter(RequestCacheAwareFilter.java:63)
	at org.springframework.security.web.FilterChainProxy$VirtualFilterChain.doFilter(FilterChainProxy.java:346)
	at org.springframework.web.filter.OncePerRequestFilter.doFilter(OncePerRequestFilter.java:102)
	at org.springframework.security.web.FilterChainProxy$VirtualFilterChain.doFilter(FilterChainProxy.java:346)
	at org.springframework.security.web.authentication.ui.DefaultLoginPageGeneratingFilter.doFilter(DefaultLoginPageGeneratingFilter.java:237)
	at org.springframework.security.web.authentication.ui.DefaultLoginPageGeneratingFilter.doFilter(DefaultLoginPageGeneratingFilter.java:223)
	at org.springframework.security.web.FilterChainProxy$VirtualFilterChain.doFilter(FilterChainProxy.java:346)
	at org.springframework.security.web.authentication.AbstractAuthenticationProcessingFilter.doFilter(AbstractAuthenticationProcessingFilter.java:223)
	at org.springframework.security.web.authentication.AbstractAuthenticationProcessingFilter.doFilter(AbstractAuthenticationProcessingFilter.java:217)
	at org.springframework.security.web.FilterChainProxy$VirtualFilterChain.doFilter(FilterChainProxy.java:346)
	at org.springframework.security.web.authentication.AbstractAuthenticationProcessingFilter.doFilter(AbstractAuthenticationProcessingFilter.java:223)
	at org.springframework.security.web.authentication.AbstractAuthenticationProcessingFilter.doFilter(AbstractAuthenticationProcessingFilter.java:217)
	at org.springframework.security.web.FilterChainProxy$VirtualFilterChain.doFilter(FilterChainProxy.java:346)
	at org.springframework.web.filter.OncePerRequestFilter.doFilter(OncePerRequestFilter.java:102)
	at org.springframework.security.web.FilterChainProxy$VirtualFilterChain.doFilter(FilterChainProxy.java:346)
	at org.springframework.security.web.authentication.logout.LogoutFilter.doFilter(LogoutFilter.java:103)
	at org.springframework.security.web.authentication.logout.LogoutFilter.doFilter(LogoutFilter.java:89)
	at org.springframework.security.web.FilterChainProxy$VirtualFilterChain.doFilter(FilterChainProxy.java:346)
	at org.springframework.web.filter.OncePerRequestFilter.doFilter(OncePerRequestFilter.java:102)
	at org.springframework.security.web.FilterChainProxy$VirtualFilterChain.doFilter(FilterChainProxy.java:346)
	at org.springframework.web.filter.OncePerRequestFilter.doFilter(OncePerRequestFilter.java:102)
	at org.springframework.security.web.FilterChainProxy$VirtualFilterChain.doFilter(FilterChainProxy.java:346)
	at org.springframework.security.web.context.SecurityContextPersistenceFilter.doFilter(SecurityContextPersistenceFilter.java:112)
	at org.springframework.security.web.context.SecurityContextPersistenceFilter.doFilter(SecurityContextPersistenceFilter.java:82)
	at org.springframework.security.web.FilterChainProxy$VirtualFilterChain.doFilter(FilterChainProxy.java:346)
	at org.springframework.web.filter.OncePerRequestFilter.doFilter(OncePerRequestFilter.java:102)
	at org.springframework.security.web.FilterChainProxy$VirtualFilterChain.doFilter(FilterChainProxy.java:346)
	at org.springframework.web.filter.OncePerRequestFilter.doFilter(OncePerRequestFilter.java:102)
	at org.springframework.security.web.FilterChainProxy$VirtualFilterChain.doFilter(FilterChainProxy.java:346)
	at org.springframework.web.filter.OncePerRequestFilter.doFilter(OncePerRequestFilter.java:102)
	at org.springframework.security.web.FilterChainProxy$VirtualFilterChain.doFilter(FilterChainProxy.java:346)
	at org.springframework.web.filter.OncePerRequestFilter.doFilter(OncePerRequestFilter.java:102)
	at org.springframework.security.web.FilterChainProxy$VirtualFilterChain.doFilter(FilterChainProxy.java:346)
	at org.springframework.security.web.FilterChainProxy.doFilterInternal(FilterChainProxy.java:221)
	at org.springframework.security.web.FilterChainProxy.doFilter(FilterChainProxy.java:186)
	at org.springframework.web.filter.DelegatingFilterProxy.invokeDelegate(DelegatingFilterProxy.java:354)
	at org.springframework.web.filter.DelegatingFilterProxy.doFilter(DelegatingFilterProxy.java:267)
	at org.apache.catalina.core.ApplicationFilterChain.internalDoFilter(ApplicationFilterChain.java:178)
	at org.apache.catalina.core.ApplicationFilterChain.doFilter(ApplicationFilterChain.java:153)
	at org.springframework.web.filter.RequestContextFilter.doFilterInternal(RequestContextFilter.java:100)
	at org.springframework.web.filter.OncePerRequestFilter.doFilter(OncePerRequestFilter.java:117)
	at org.apache.catalina.core.ApplicationFilterChain.internalDoFilter(ApplicationFilterChain.java:178)
	at org.apache.catalina.core.ApplicationFilterChain.doFilter(ApplicationFilterChain.java:153)
	at org.springframework.web.filter.OncePerRequestFilter.doFilter(OncePerRequestFilter.java:102)
	at org.apache.catalina.core.ApplicationFilterChain.internalDoFilter(ApplicationFilterChain.java:178)
	at org.apache.catalina.core.ApplicationFilterChain.doFilter(ApplicationFilterChain.java:153)
	at org.springframework.web.filter.OncePerRequestFilter.doFilter(OncePerRequestFilter.java:102)
	at org.apache.catalina.core.ApplicationFilterChain.internalDoFilter(ApplicationFilterChain.java:178)
	at org.apache.catalina.core.ApplicationFilterChain.doFilter(ApplicationFilterChain.java:153)
	at org.apache.catalina.core.ApplicationDispatcher.invoke(ApplicationDispatcher.java:661)
	at org.apache.catalina.core.ApplicationDispatcher.processRequest(ApplicationDispatcher.java:427)
	at org.apache.catalina.core.ApplicationDispatcher.doForward(ApplicationDispatcher.java:357)
	at org.apache.catalina.core.ApplicationDispatcher.forward(ApplicationDispatcher.java:294)
	at org.apache.catalina.core.StandardHostValve.custom(StandardHostValve.java:377)
	at org.apache.catalina.core.StandardHostValve.status(StandardHostValve.java:237)
	at org.apache.catalina.core.StandardHostValve.throwable(StandardHostValve.java:323)
	at org.apache.catalina.core.StandardHostValve.invoke(StandardHostValve.java:164)
	at org.apache.catalina.valves.ErrorReportValve.invoke(ErrorReportValve.java:93)
	at org.apache.catalina.core.StandardEngineValve.invoke(StandardEngineValve.java:74)
	at org.apache.catalina.connector.CoyoteAdapter.service(CoyoteAdapter.java:342)
	at org.apache.coyote.http11.Http11Processor.service(Http11Processor.java:390)
	at org.apache.coyote.AbstractProcessorLight.process(AbstractProcessorLight.java:63)
	at org.apache.coyote.AbstractProtocol$ConnectionHandler.process(AbstractProtocol.java:928)
	at org.apache.tomcat.util.net.NioEndpoint$SocketProcessor.doRun(NioEndpoint.java:1794)
	at org.apache.tomcat.util.net.SocketProcessorBase.run(SocketProcessorBase.java:52)
	at org.apache.tomcat.util.threads.ThreadPoolExecutor.runWorker(ThreadPoolExecutor.java:1191)
	at org.apache.tomcat.util.threads.ThreadPoolExecutor$Worker.run(ThreadPoolExecutor.java:659)
	at org.apache.tomcat.util.threads.TaskThread$WrappingRunnable.run(TaskThread.java:61)
	at java.base/java.lang.Thread.run(Thread.java:840)
Caused by: org.springframework.dao.DataAccessResourceFailureException: Unable to acquire JDBC Connection; nested exception is org.hibernate.exception.JDBCConnectionException: Unable to acquire JDBC Connection
	at org.springframework.orm.jpa.vendor.HibernateJpaDialect.convertHibernateAccessException(HibernateJpaDialect.java:255)
	at org.springframework.orm.jpa.vendor.HibernateJpaDialect.translateExceptionIfPossible(HibernateJpaDialect.java:233)
	at org.springframework.orm.jpa.AbstractEntityManagerFactoryBean.translateExceptionIfPossible(AbstractEntityManagerFactoryBean.java:551)
	at org.springframework.dao.support.ChainedPersistenceExceptionTranslator.translateExceptionIfPossible(ChainedPersistenceExceptionTranslator.java:61)
	at org.springframework.dao.support.DataAccessUtils.translateIfNecessary(DataAccessUtils.java:243)
	at org.springframework.dao.support.PersistenceExceptionTranslationInterceptor.invoke(PersistenceExceptionTranslationInterceptor.java:152)
	at org.springframework.aop.framework.ReflectiveMethodInvocation.proceed(ReflectiveMethodInvocation.java:186)
	at org.springframework.aop.framework.CglibAopProxy$CglibMethodInvocation.proceed(CglibAopProxy.java:762)
	at org.springframework.cache.interceptor.CacheInterceptor.lambda$invoke$0(CacheInterceptor.java:54)
	at org.springframework.cache.interceptor.CacheAspectSupport.invokeOperation(CacheAspectSupport.java:366)
	at org.springframework.cache.interceptor.CacheAspectSupport.execute(CacheAspectSupport.java:420)
	at org.springframework.cache.interceptor.CacheAspectSupport.execute(CacheAspectSupport.java:345)
	at org.springframework.cache.interceptor.CacheInterceptor.invoke(CacheInterceptor.java:64)
	at org.springframework.aop.framework.ReflectiveMethodInvocation.proceed(ReflectiveMethodInvocation.java:186)
	at org.springframework.aop.framework.CglibAopProxy$CglibMethodInvocation.proceed(CglibAopProxy.java:762)
	at org.springframework.aop.framework.CglibAopProxy$DynamicAdvisedInterceptor.intercept(CglibAopProxy.java:707)
	at com.meta.ponkids.domain.system.menu.repository.impl.MenuRepositoryImpl$$EnhancerBySpringCGLIB$$99b7a21f.findLastUpdtDtUserMenuCache(<generated>)
	at java.base/jdk.internal.reflect.NativeMethodAccessorImpl.invoke0(Native Method)
	at java.base/jdk.internal.reflect.NativeMethodAccessorImpl.invoke(NativeMethodAccessorImpl.java:77)
	at java.base/jdk.internal.reflect.DelegatingMethodAccessorImpl.invoke(DelegatingMethodAccessorImpl.java:43)
	at java.base/java.lang.reflect.Method.invoke(Method.java:568)
	at org.springframework.data.repository.core.support.RepositoryMethodInvoker$RepositoryFragmentMethodInvoker.lambda$new$0(RepositoryMethodInvoker.java:289)
	at org.springframework.data.repository.core.support.RepositoryMethodInvoker.doInvoke(RepositoryMethodInvoker.java:137)
	at org.springframework.data.repository.core.support.RepositoryMethodInvoker.invoke(RepositoryMethodInvoker.java:121)
	at org.springframework.data.repository.core.support.RepositoryComposition$RepositoryFragments.invoke(RepositoryComposition.java:530)
	at org.springframework.data.repository.core.support.RepositoryComposition.invoke(RepositoryComposition.java:286)
	at org.springframework.data.repository.core.support.RepositoryFactorySupport$ImplementationMethodExecutionInterceptor.invoke(RepositoryFactorySupport.java:640)
	at org.springframework.aop.framework.ReflectiveMethodInvocation.proceed(ReflectiveMethodInvocation.java:186)
	at org.springframework.data.repository.core.support.QueryExecutorMethodInterceptor.doInvoke(QueryExecutorMethodInterceptor.java:164)
	at org.springframework.data.repository.core.support.QueryExecutorMethodInterceptor.invoke(QueryExecutorMethodInterceptor.java:139)
	at org.springframework.aop.framework.ReflectiveMethodInvocation.proceed(ReflectiveMethodInvocation.java:186)
	at org.springframework.data.projection.DefaultMethodInvokingMethodInterceptor.invoke(DefaultMethodInvokingMethodInterceptor.java:76)
	at org.springframework.aop.framework.ReflectiveMethodInvocation.proceed(ReflectiveMethodInvocation.java:186)
	at org.springframework.transaction.interceptor.TransactionInterceptor$1.proceedWithInvocation(TransactionInterceptor.java:123)
	at org.springframework.transaction.interceptor.TransactionAspectSupport.invokeWithinTransaction(TransactionAspectSupport.java:388)
	at org.springframework.transaction.interceptor.TransactionInterceptor.invoke(TransactionInterceptor.java:119)
	at org.springframework.aop.framework.ReflectiveMethodInvocation.proceed(ReflectiveMethodInvocation.java:186)
	at org.springframework.dao.support.PersistenceExceptionTranslationInterceptor.invoke(PersistenceExceptionTranslationInterceptor.java:137)
	at org.springframework.aop.framework.ReflectiveMethodInvocation.proceed(ReflectiveMethodInvocation.java:186)
	at org.springframework.data.jpa.repository.support.CrudMethodMetadataPostProcessor$CrudMethodMetadataPopulatingMethodInterceptor.invoke(CrudMethodMetadataPostProcessor.java:174)
	at org.springframework.aop.framework.ReflectiveMethodInvocation.proceed(ReflectiveMethodInvocation.java:186)
	at org.springframework.aop.interceptor.ExposeInvocationInterceptor.invoke(ExposeInvocationInterceptor.java:97)
	at org.springframework.aop.framework.ReflectiveMethodInvocation.proceed(ReflectiveMethodInvocation.java:186)
	at org.springframework.aop.framework.JdkDynamicAopProxy.invoke(JdkDynamicAopProxy.java:241)
	at jdk.proxy3/jdk.proxy3.$Proxy184.findLastUpdtDtUserMenuCache(Unknown Source)
	at java.base/jdk.internal.reflect.NativeMethodAccessorImpl.invoke0(Native Method)
	at java.base/jdk.internal.reflect.NativeMethodAccessorImpl.invoke(NativeMethodAccessorImpl.java:77)
	at java.base/jdk.internal.reflect.DelegatingMethodAccessorImpl.invoke(DelegatingMethodAccessorImpl.java:43)
	at java.base/java.lang.reflect.Method.invoke(Method.java:568)
	at org.springframework.aop.support.AopUtils.invokeJoinpointUsingReflection(AopUtils.java:344)
	at org.springframework.aop.framework.ReflectiveMethodInvocation.invokeJoinpoint(ReflectiveMethodInvocation.java:198)
	at org.springframework.aop.framework.ReflectiveMethodInvocation.proceed(ReflectiveMethodInvocation.java:163)
	at org.springframework.cache.interceptor.CacheInterceptor.lambda$invoke$0(CacheInterceptor.java:54)
	at org.springframework.cache.interceptor.CacheAspectSupport.invokeOperation(CacheAspectSupport.java:366)
	at org.springframework.cache.interceptor.CacheAspectSupport.execute(CacheAspectSupport.java:420)
	at org.springframework.cache.interceptor.CacheAspectSupport.execute(CacheAspectSupport.java:345)
	at org.springframework.cache.interceptor.CacheInterceptor.invoke(CacheInterceptor.java:64)
	at org.springframework.aop.framework.ReflectiveMethodInvocation.proceed(ReflectiveMethodInvocation.java:186)
	at org.springframework.aop.framework.JdkDynamicAopProxy.invoke(JdkDynamicAopProxy.java:241)
	at jdk.proxy3/jdk.proxy3.$Proxy184.findLastUpdtDtUserMenuCache(Unknown Source)
	at com.meta.ponkids.domain.system.menu.service.MenuService.getUserMenuList(MenuService.java:159)
	at com.meta.ponkids.domain.system.menu.service.MenuService$$FastClassBySpringCGLIB$$3064e131.invoke(<generated>)
	at org.springframework.cglib.proxy.MethodProxy.invoke(MethodProxy.java:218)
	at org.springframework.aop.framework.CglibAopProxy.invokeMethod(CglibAopProxy.java:386)
	at org.springframework.aop.framework.CglibAopProxy.access$000(CglibAopProxy.java:85)
	at org.springframework.aop.framework.CglibAopProxy$DynamicAdvisedInterceptor.intercept(CglibAopProxy.java:703)
	at com.meta.ponkids.domain.system.menu.service.MenuService$$EnhancerBySpringCGLIB$$c6d85745.getUserMenuList(<generated>)
	at com.meta.ponkids.global.config.interceptor.MenuInterceptor.postHandle(MenuInterceptor.java:34)
	at org.springframework.web.servlet.HandlerExecutionChain.applyPostHandle(HandlerExecutionChain.java:165)
	at org.springframework.web.servlet.DispatcherServlet.doDispatch(DispatcherServlet.java:1079)
	at org.springframework.web.servlet.DispatcherServlet.doService(DispatcherServlet.java:965)
	at org.springframework.web.servlet.FrameworkServlet.processRequest(FrameworkServlet.java:1006)
	... 89 common frames omitted
Caused by: org.hibernate.exception.JDBCConnectionException: Unable to acquire JDBC Connection
	at org.hibernate.exception.internal.SQLExceptionTypeDelegate.convert(SQLExceptionTypeDelegate.java:48)
	at org.hibernate.exception.internal.StandardSQLExceptionConverter.convert(StandardSQLExceptionConverter.java:37)
	at org.hibernate.engine.jdbc.spi.SqlExceptionHelper.convert(SqlExceptionHelper.java:113)
	at org.hibernate.engine.jdbc.spi.SqlExceptionHelper.convert(SqlExceptionHelper.java:99)
	at org.hibernate.resource.jdbc.internal.LogicalConnectionManagedImpl.acquireConnectionIfNeeded(LogicalConnectionManagedImpl.java:111)
	at org.hibernate.resource.jdbc.internal.LogicalConnectionManagedImpl.getPhysicalConnection(LogicalConnectionManagedImpl.java:138)
	at org.hibernate.engine.jdbc.internal.StatementPreparerImpl.connection(StatementPreparerImpl.java:50)
	at org.hibernate.engine.jdbc.internal.StatementPreparerImpl$5.doPrepare(StatementPreparerImpl.java:149)
	at org.hibernate.engine.jdbc.internal.StatementPreparerImpl$StatementPreparationTemplate.prepareStatement(StatementPreparerImpl.java:176)
	at org.hibernate.engine.jdbc.internal.StatementPreparerImpl.prepareQueryStatement(StatementPreparerImpl.java:151)
	at org.hibernate.loader.Loader.prepareQueryStatement(Loader.java:2122)
	at org.hibernate.loader.Loader.executeQueryStatement(Loader.java:2059)
	at org.hibernate.loader.Loader.executeQueryStatement(Loader.java:2037)
	at org.hibernate.loader.Loader.doQuery(Loader.java:956)
	at org.hibernate.loader.Loader.doQueryAndInitializeNonLazyCollections(Loader.java:357)
	at org.hibernate.loader.Loader.doList(Loader.java:2868)
	at org.hibernate.loader.Loader.doList(Loader.java:2850)
	at org.hibernate.loader.Loader.listIgnoreQueryCache(Loader.java:2682)
	at org.hibernate.loader.Loader.list(Loader.java:2677)
	at org.hibernate.loader.hql.QueryLoader.list(QueryLoader.java:540)
	at org.hibernate.hql.internal.ast.QueryTranslatorImpl.list(QueryTranslatorImpl.java:400)
	at org.hibernate.engine.query.spi.HQLQueryPlan.performList(HQLQueryPlan.java:218)
	at org.hibernate.internal.SessionImpl.list(SessionImpl.java:1459)
	at org.hibernate.query.internal.AbstractProducedQuery.doList(AbstractProducedQuery.java:1649)
	at org.hibernate.query.internal.AbstractProducedQuery.list(AbstractProducedQuery.java:1617)
	at org.hibernate.query.internal.AbstractProducedQuery.getSingleResult(AbstractProducedQuery.java:1665)
	at com.querydsl.jpa.impl.AbstractJPAQuery.getSingleResult(AbstractJPAQuery.java:214)
	at com.querydsl.jpa.impl.AbstractJPAQuery.fetchOne(AbstractJPAQuery.java:326)
	at com.querydsl.core.support.FetchableQueryBase.fetchFirst(FetchableQueryBase.java:51)
	at com.meta.ponkids.domain.system.menu.repository.impl.MenuRepositoryImpl.findLastUpdtDtUserMenu(MenuRepositoryImpl.java:346)
	at com.meta.ponkids.domain.system.menu.repository.impl.MenuRepositoryImpl.findLastUpdtDtUserMenuCache(MenuRepositoryImpl.java:352)
	at com.meta.ponkids.domain.system.menu.repository.impl.MenuRepositoryImpl$$FastClassBySpringCGLIB$$892bba9f.invoke(<generated>)
	at org.springframework.cglib.proxy.MethodProxy.invoke(MethodProxy.java:218)
	at org.springframework.aop.framework.CglibAopProxy$CglibMethodInvocation.invokeJoinpoint(CglibAopProxy.java:792)
	at org.springframework.aop.framework.ReflectiveMethodInvocation.proceed(ReflectiveMethodInvocation.java:163)
	at org.springframework.aop.framework.CglibAopProxy$CglibMethodInvocation.proceed(CglibAopProxy.java:762)
	at org.springframework.dao.support.PersistenceExceptionTranslationInterceptor.invoke(PersistenceExceptionTranslationInterceptor.java:137)
	... 155 common frames omitted
Caused by: java.sql.SQLTransientConnectionException: HikariPool-1 - Connection is not available, request timed out after 30257ms.
	at com.zaxxer.hikari.pool.HikariPool.createTimeoutException(HikariPool.java:696)
	at com.zaxxer.hikari.pool.HikariPool.getConnection(HikariPool.java:197)
	at com.zaxxer.hikari.pool.HikariPool.getConnection(HikariPool.java:162)
	at com.zaxxer.hikari.HikariDataSource.getConnection(HikariDataSource.java:128)
	at com.p6spy.engine.spy.P6DataSource.getConnection(P6DataSource.java:300)
	at org.springframework.jdbc.datasource.DelegatingDataSource.getConnection(DelegatingDataSource.java:99)
	at org.hibernate.engine.jdbc.connections.internal.DatasourceConnectionProviderImpl.getConnection(DatasourceConnectionProviderImpl.java:122)
	at org.hibernate.internal.NonContextualJdbcConnectionAccess.obtainConnection(NonContextualJdbcConnectionAccess.java:38)
	at org.hibernate.resource.jdbc.internal.LogicalConnectionManagedImpl.acquireConnectionIfNeeded(LogicalConnectionManagedImpl.java:108)
	... 187 common frames omitted
Caused by: org.postgresql.util.PSQLException: 치명적오류: "jjeovi" 롤의 최대 동시 접속수를 초과했습니다
	at org.postgresql.core.v3.QueryExecutorImpl.receiveErrorResponse(QueryExecutorImpl.java:2675)
	at org.postgresql.core.v3.QueryExecutorImpl.readStartupMessages(QueryExecutorImpl.java:2787)
	at org.postgresql.core.v3.QueryExecutorImpl.<init>(QueryExecutorImpl.java:173)
	at org.postgresql.core.v3.ConnectionFactoryImpl.openConnectionImpl(ConnectionFactoryImpl.java:290)
	at org.postgresql.core.ConnectionFactory.openConnection(ConnectionFactory.java:49)
	at org.postgresql.jdbc.PgConnection.<init>(PgConnection.java:223)
	at org.postgresql.Driver.makeConnection(Driver.java:402)
	at org.postgresql.Driver.connect(Driver.java:261)
	at com.zaxxer.hikari.util.DriverDataSource.getConnection(DriverDataSource.java:138)
	at com.zaxxer.hikari.pool.PoolBase.newConnection(PoolBase.java:364)
	at com.zaxxer.hikari.pool.PoolBase.newPoolEntry(PoolBase.java:206)
	at com.zaxxer.hikari.pool.HikariPool.createPoolEntry(HikariPool.java:476)
	at com.zaxxer.hikari.pool.HikariPool.access$100(HikariPool.java:71)
	at com.zaxxer.hikari.pool.HikariPool$PoolEntryCreator.call(HikariPool.java:726)
	at com.zaxxer.hikari.pool.HikariPool$PoolEntryCreator.call(HikariPool.java:712)
	at java.base/java.util.concurrent.FutureTask.run(FutureTask.java:264)
	at java.base/java.util.concurrent.ThreadPoolExecutor.runWorker(ThreadPoolExecutor.java:1136)
	at java.base/java.util.concurrent.ThreadPoolExecutor$Worker.run(ThreadPoolExecutor.java:635)
	... 1 common frames omitted
[2024-02-19 13:11:43:976563] ERROR 9648 --- [nio-8080-exec-2] o.h.e.jdbc.spi.SqlExceptionHelper        : HikariPool-1 - Connection is not available, request timed out after 30014ms.
[2024-02-19 13:11:43:976567] ERROR 9648 --- [nio-8080-exec-2] o.h.e.jdbc.spi.SqlExceptionHelper        : 치명적오류: "jjeovi" 롤의 최대 동시 접속수를 초과했습니다
[2024-02-19 13:11:43:976571] ERROR 9648 --- [nio-8080-exec-2] o.a.c.c.C.[.[.[.[dispatcherServlet]      : Servlet.service() for servlet [dispatcherServlet] in context with path [] threw exception [Request processing failed; nested exception is org.springframework.dao.DataAccessResourceFailureException: Unable to acquire JDBC Connection; nested exception is org.hibernate.exception.JDBCConnectionException: Unable to acquire JDBC Connection] with root cause
org.postgresql.util.PSQLException: 치명적오류: "jjeovi" 롤의 최대 동시 접속수를 초과했습니다
	at org.postgresql.core.v3.QueryExecutorImpl.receiveErrorResponse(QueryExecutorImpl.java:2675)
	at org.postgresql.core.v3.QueryExecutorImpl.readStartupMessages(QueryExecutorImpl.java:2787)
	at org.postgresql.core.v3.QueryExecutorImpl.<init>(QueryExecutorImpl.java:173)
	at org.postgresql.core.v3.ConnectionFactoryImpl.openConnectionImpl(ConnectionFactoryImpl.java:290)
	at org.postgresql.core.ConnectionFactory.openConnection(ConnectionFactory.java:49)
	at org.postgresql.jdbc.PgConnection.<init>(PgConnection.java:223)
	at org.postgresql.Driver.makeConnection(Driver.java:402)
	at org.postgresql.Driver.connect(Driver.java:261)
	at com.zaxxer.hikari.util.DriverDataSource.getConnection(DriverDataSource.java:138)
	at com.zaxxer.hikari.pool.PoolBase.newConnection(PoolBase.java:364)
	at com.zaxxer.hikari.pool.PoolBase.newPoolEntry(PoolBase.java:206)
	at com.zaxxer.hikari.pool.HikariPool.createPoolEntry(HikariPool.java:476)
	at com.zaxxer.hikari.pool.HikariPool.access$100(HikariPool.java:71)
	at com.zaxxer.hikari.pool.HikariPool$PoolEntryCreator.call(HikariPool.java:726)
	at com.zaxxer.hikari.pool.HikariPool$PoolEntryCreator.call(HikariPool.java:712)
	at java.base/java.util.concurrent.FutureTask.run(FutureTask.java:264)
	at java.base/java.util.concurrent.ThreadPoolExecutor.runWorker(ThreadPoolExecutor.java:1136)
	at java.base/java.util.concurrent.ThreadPoolExecutor$Worker.run(ThreadPoolExecutor.java:635)
	at java.base/java.lang.Thread.run(Thread.java:840)
[2024-02-19 13:12:13:1006581] ERROR 9648 --- [nio-8080-exec-2] o.h.e.jdbc.spi.SqlExceptionHelper        : HikariPool-1 - Connection is not available, request timed out after 30002ms.
[2024-02-19 13:12:13:1006582] ERROR 9648 --- [nio-8080-exec-2] o.h.e.jdbc.spi.SqlExceptionHelper        : 치명적오류: "jjeovi" 롤의 최대 동시 접속수를 초과했습니다
[2024-02-19 13:12:13:1006583] ERROR 9648 --- [nio-8080-exec-2] o.a.c.c.C.[.[.[.[dispatcherServlet]      : Servlet.service() for servlet [dispatcherServlet] threw exception
org.postgresql.util.PSQLException: 치명적오류: "jjeovi" 롤의 최대 동시 접속수를 초과했습니다
	at org.postgresql.core.v3.QueryExecutorImpl.receiveErrorResponse(QueryExecutorImpl.java:2675)
	at org.postgresql.core.v3.QueryExecutorImpl.readStartupMessages(QueryExecutorImpl.java:2787)
	at org.postgresql.core.v3.QueryExecutorImpl.<init>(QueryExecutorImpl.java:173)
	at org.postgresql.core.v3.ConnectionFactoryImpl.openConnectionImpl(ConnectionFactoryImpl.java:290)
	at org.postgresql.core.ConnectionFactory.openConnection(ConnectionFactory.java:49)
	at org.postgresql.jdbc.PgConnection.<init>(PgConnection.java:223)
	at org.postgresql.Driver.makeConnection(Driver.java:402)
	at org.postgresql.Driver.connect(Driver.java:261)
	at com.zaxxer.hikari.util.DriverDataSource.getConnection(DriverDataSource.java:138)
	at com.zaxxer.hikari.pool.PoolBase.newConnection(PoolBase.java:364)
	at com.zaxxer.hikari.pool.PoolBase.newPoolEntry(PoolBase.java:206)
	at com.zaxxer.hikari.pool.HikariPool.createPoolEntry(HikariPool.java:476)
	at com.zaxxer.hikari.pool.HikariPool.access$100(HikariPool.java:71)
	at com.zaxxer.hikari.pool.HikariPool$PoolEntryCreator.call(HikariPool.java:726)
	at com.zaxxer.hikari.pool.HikariPool$PoolEntryCreator.call(HikariPool.java:712)
	at java.base/java.util.concurrent.FutureTask.run(FutureTask.java:264)
	at java.base/java.util.concurrent.ThreadPoolExecutor.runWorker(ThreadPoolExecutor.java:1136)
	at java.base/java.util.concurrent.ThreadPoolExecutor$Worker.run(ThreadPoolExecutor.java:635)
	at java.base/java.lang.Thread.run(Thread.java:840)
[2024-02-19 13:12:13:1006584] ERROR 9648 --- [nio-8080-exec-2] o.a.c.c.C.[Tomcat].[localhost]           : Exception Processing ErrorPage[errorCode=0, location=/error]
org.springframework.web.util.NestedServletException: Request processing failed; nested exception is org.springframework.dao.DataAccessResourceFailureException: Unable to acquire JDBC Connection; nested exception is org.hibernate.exception.JDBCConnectionException: Unable to acquire JDBC Connection
	at org.springframework.web.servlet.FrameworkServlet.processRequest(FrameworkServlet.java:1014)
	at org.springframework.web.servlet.FrameworkServlet.doGet(FrameworkServlet.java:898)
	at javax.servlet.http.HttpServlet.service(HttpServlet.java:529)
	at org.springframework.web.servlet.FrameworkServlet.service(FrameworkServlet.java:883)
	at javax.servlet.http.HttpServlet.service(HttpServlet.java:623)
	at org.apache.catalina.core.ApplicationFilterChain.internalDoFilter(ApplicationFilterChain.java:209)
	at org.apache.catalina.core.ApplicationFilterChain.doFilter(ApplicationFilterChain.java:153)
	at org.springframework.security.web.FilterChainProxy$VirtualFilterChain.doFilter(FilterChainProxy.java:337)
	at org.springframework.security.web.access.intercept.FilterSecurityInterceptor.invoke(FilterSecurityInterceptor.java:106)
	at org.springframework.security.web.access.intercept.FilterSecurityInterceptor.doFilter(FilterSecurityInterceptor.java:81)
	at org.springframework.security.web.FilterChainProxy$VirtualFilterChain.doFilter(FilterChainProxy.java:346)
	at org.springframework.security.web.access.ExceptionTranslationFilter.doFilter(ExceptionTranslationFilter.java:122)
	at org.springframework.security.web.access.ExceptionTranslationFilter.doFilter(ExceptionTranslationFilter.java:116)
	at org.springframework.security.web.FilterChainProxy$VirtualFilterChain.doFilter(FilterChainProxy.java:346)
	at org.springframework.security.web.session.SessionManagementFilter.doFilter(SessionManagementFilter.java:87)
	at org.springframework.security.web.session.SessionManagementFilter.doFilter(SessionManagementFilter.java:81)
	at org.springframework.security.web.FilterChainProxy$VirtualFilterChain.doFilter(FilterChainProxy.java:346)
	at org.springframework.security.web.authentication.AnonymousAuthenticationFilter.doFilter(AnonymousAuthenticationFilter.java:109)
	at org.springframework.security.web.FilterChainProxy$VirtualFilterChain.doFilter(FilterChainProxy.java:346)
	at org.springframework.security.web.servletapi.SecurityContextHolderAwareRequestFilter.doFilter(SecurityContextHolderAwareRequestFilter.java:149)
	at org.springframework.security.web.FilterChainProxy$VirtualFilterChain.doFilter(FilterChainProxy.java:346)
	at org.springframework.security.web.savedrequest.RequestCacheAwareFilter.doFilter(RequestCacheAwareFilter.java:63)
	at org.springframework.security.web.FilterChainProxy$VirtualFilterChain.doFilter(FilterChainProxy.java:346)
	at org.springframework.web.filter.OncePerRequestFilter.doFilter(OncePerRequestFilter.java:102)
	at org.springframework.security.web.FilterChainProxy$VirtualFilterChain.doFilter(FilterChainProxy.java:346)
	at org.springframework.security.web.authentication.ui.DefaultLoginPageGeneratingFilter.doFilter(DefaultLoginPageGeneratingFilter.java:237)
	at org.springframework.security.web.authentication.ui.DefaultLoginPageGeneratingFilter.doFilter(DefaultLoginPageGeneratingFilter.java:223)
	at org.springframework.security.web.FilterChainProxy$VirtualFilterChain.doFilter(FilterChainProxy.java:346)
	at org.springframework.security.web.authentication.AbstractAuthenticationProcessingFilter.doFilter(AbstractAuthenticationProcessingFilter.java:223)
	at org.springframework.security.web.authentication.AbstractAuthenticationProcessingFilter.doFilter(AbstractAuthenticationProcessingFilter.java:217)
	at org.springframework.security.web.FilterChainProxy$VirtualFilterChain.doFilter(FilterChainProxy.java:346)
	at org.springframework.security.web.authentication.AbstractAuthenticationProcessingFilter.doFilter(AbstractAuthenticationProcessingFilter.java:223)
	at org.springframework.security.web.authentication.AbstractAuthenticationProcessingFilter.doFilter(AbstractAuthenticationProcessingFilter.java:217)
	at org.springframework.security.web.FilterChainProxy$VirtualFilterChain.doFilter(FilterChainProxy.java:346)
	at org.springframework.web.filter.OncePerRequestFilter.doFilter(OncePerRequestFilter.java:102)
	at org.springframework.security.web.FilterChainProxy$VirtualFilterChain.doFilter(FilterChainProxy.java:346)
	at org.springframework.security.web.authentication.logout.LogoutFilter.doFilter(LogoutFilter.java:103)
	at org.springframework.security.web.authentication.logout.LogoutFilter.doFilter(LogoutFilter.java:89)
	at org.springframework.security.web.FilterChainProxy$VirtualFilterChain.doFilter(FilterChainProxy.java:346)
	at org.springframework.web.filter.OncePerRequestFilter.doFilter(OncePerRequestFilter.java:102)
	at org.springframework.security.web.FilterChainProxy$VirtualFilterChain.doFilter(FilterChainProxy.java:346)
	at org.springframework.web.filter.OncePerRequestFilter.doFilter(OncePerRequestFilter.java:102)
	at org.springframework.security.web.FilterChainProxy$VirtualFilterChain.doFilter(FilterChainProxy.java:346)
	at org.springframework.security.web.context.SecurityContextPersistenceFilter.doFilter(SecurityContextPersistenceFilter.java:112)
	at org.springframework.security.web.context.SecurityContextPersistenceFilter.doFilter(SecurityContextPersistenceFilter.java:82)
	at org.springframework.security.web.FilterChainProxy$VirtualFilterChain.doFilter(FilterChainProxy.java:346)
	at org.springframework.web.filter.OncePerRequestFilter.doFilter(OncePerRequestFilter.java:102)
	at org.springframework.security.web.FilterChainProxy$VirtualFilterChain.doFilter(FilterChainProxy.java:346)
	at org.springframework.web.filter.OncePerRequestFilter.doFilter(OncePerRequestFilter.java:102)
	at org.springframework.security.web.FilterChainProxy$VirtualFilterChain.doFilter(FilterChainProxy.java:346)
	at org.springframework.web.filter.OncePerRequestFilter.doFilter(OncePerRequestFilter.java:102)
	at org.springframework.security.web.FilterChainProxy$VirtualFilterChain.doFilter(FilterChainProxy.java:346)
	at org.springframework.web.filter.OncePerRequestFilter.doFilter(OncePerRequestFilter.java:102)
	at org.springframework.security.web.FilterChainProxy$VirtualFilterChain.doFilter(FilterChainProxy.java:346)
	at org.springframework.security.web.FilterChainProxy.doFilterInternal(FilterChainProxy.java:221)
	at org.springframework.security.web.FilterChainProxy.doFilter(FilterChainProxy.java:186)
	at org.springframework.web.filter.DelegatingFilterProxy.invokeDelegate(DelegatingFilterProxy.java:354)
	at org.springframework.web.filter.DelegatingFilterProxy.doFilter(DelegatingFilterProxy.java:267)
	at org.apache.catalina.core.ApplicationFilterChain.internalDoFilter(ApplicationFilterChain.java:178)
	at org.apache.catalina.core.ApplicationFilterChain.doFilter(ApplicationFilterChain.java:153)
	at org.springframework.web.filter.RequestContextFilter.doFilterInternal(RequestContextFilter.java:100)
	at org.springframework.web.filter.OncePerRequestFilter.doFilter(OncePerRequestFilter.java:117)
	at org.apache.catalina.core.ApplicationFilterChain.internalDoFilter(ApplicationFilterChain.java:178)
	at org.apache.catalina.core.ApplicationFilterChain.doFilter(ApplicationFilterChain.java:153)
	at org.springframework.web.filter.OncePerRequestFilter.doFilter(OncePerRequestFilter.java:102)
	at org.apache.catalina.core.ApplicationFilterChain.internalDoFilter(ApplicationFilterChain.java:178)
	at org.apache.catalina.core.ApplicationFilterChain.doFilter(ApplicationFilterChain.java:153)
	at org.springframework.web.filter.OncePerRequestFilter.doFilter(OncePerRequestFilter.java:102)
	at org.apache.catalina.core.ApplicationFilterChain.internalDoFilter(ApplicationFilterChain.java:178)
	at org.apache.catalina.core.ApplicationFilterChain.doFilter(ApplicationFilterChain.java:153)
	at org.apache.catalina.core.ApplicationDispatcher.invoke(ApplicationDispatcher.java:661)
	at org.apache.catalina.core.ApplicationDispatcher.processRequest(ApplicationDispatcher.java:427)
	at org.apache.catalina.core.ApplicationDispatcher.doForward(ApplicationDispatcher.java:357)
	at org.apache.catalina.core.ApplicationDispatcher.forward(ApplicationDispatcher.java:294)
	at org.apache.catalina.core.StandardHostValve.custom(StandardHostValve.java:377)
	at org.apache.catalina.core.StandardHostValve.status(StandardHostValve.java:237)
	at org.apache.catalina.core.StandardHostValve.throwable(StandardHostValve.java:323)
	at org.apache.catalina.core.StandardHostValve.invoke(StandardHostValve.java:164)
	at org.apache.catalina.valves.ErrorReportValve.invoke(ErrorReportValve.java:93)
	at org.apache.catalina.core.StandardEngineValve.invoke(StandardEngineValve.java:74)
	at org.apache.catalina.connector.CoyoteAdapter.service(CoyoteAdapter.java:342)
	at org.apache.coyote.http11.Http11Processor.service(Http11Processor.java:390)
	at org.apache.coyote.AbstractProcessorLight.process(AbstractProcessorLight.java:63)
	at org.apache.coyote.AbstractProtocol$ConnectionHandler.process(AbstractProtocol.java:928)
	at org.apache.tomcat.util.net.NioEndpoint$SocketProcessor.doRun(NioEndpoint.java:1794)
	at org.apache.tomcat.util.net.SocketProcessorBase.run(SocketProcessorBase.java:52)
	at org.apache.tomcat.util.threads.ThreadPoolExecutor.runWorker(ThreadPoolExecutor.java:1191)
	at org.apache.tomcat.util.threads.ThreadPoolExecutor$Worker.run(ThreadPoolExecutor.java:659)
	at org.apache.tomcat.util.threads.TaskThread$WrappingRunnable.run(TaskThread.java:61)
	at java.base/java.lang.Thread.run(Thread.java:840)
Caused by: org.springframework.dao.DataAccessResourceFailureException: Unable to acquire JDBC Connection; nested exception is org.hibernate.exception.JDBCConnectionException: Unable to acquire JDBC Connection
	at org.springframework.orm.jpa.vendor.HibernateJpaDialect.convertHibernateAccessException(HibernateJpaDialect.java:255)
	at org.springframework.orm.jpa.vendor.HibernateJpaDialect.translateExceptionIfPossible(HibernateJpaDialect.java:233)
	at org.springframework.orm.jpa.AbstractEntityManagerFactoryBean.translateExceptionIfPossible(AbstractEntityManagerFactoryBean.java:551)
	at org.springframework.dao.support.ChainedPersistenceExceptionTranslator.translateExceptionIfPossible(ChainedPersistenceExceptionTranslator.java:61)
	at org.springframework.dao.support.DataAccessUtils.translateIfNecessary(DataAccessUtils.java:243)
	at org.springframework.dao.support.PersistenceExceptionTranslationInterceptor.invoke(PersistenceExceptionTranslationInterceptor.java:152)
	at org.springframework.aop.framework.ReflectiveMethodInvocation.proceed(ReflectiveMethodInvocation.java:186)
	at org.springframework.aop.framework.CglibAopProxy$CglibMethodInvocation.proceed(CglibAopProxy.java:762)
	at org.springframework.cache.interceptor.CacheInterceptor.lambda$invoke$0(CacheInterceptor.java:54)
	at org.springframework.cache.interceptor.CacheAspectSupport.invokeOperation(CacheAspectSupport.java:366)
	at org.springframework.cache.interceptor.CacheAspectSupport.execute(CacheAspectSupport.java:420)
	at org.springframework.cache.interceptor.CacheAspectSupport.execute(CacheAspectSupport.java:345)
	at org.springframework.cache.interceptor.CacheInterceptor.invoke(CacheInterceptor.java:64)
	at org.springframework.aop.framework.ReflectiveMethodInvocation.proceed(ReflectiveMethodInvocation.java:186)
	at org.springframework.aop.framework.CglibAopProxy$CglibMethodInvocation.proceed(CglibAopProxy.java:762)
	at org.springframework.aop.framework.CglibAopProxy$DynamicAdvisedInterceptor.intercept(CglibAopProxy.java:707)
	at com.meta.ponkids.domain.system.menu.repository.impl.MenuRepositoryImpl$$EnhancerBySpringCGLIB$$99b7a21f.findLastUpdtDtUserMenuCache(<generated>)
	at java.base/jdk.internal.reflect.NativeMethodAccessorImpl.invoke0(Native Method)
	at java.base/jdk.internal.reflect.NativeMethodAccessorImpl.invoke(NativeMethodAccessorImpl.java:77)
	at java.base/jdk.internal.reflect.DelegatingMethodAccessorImpl.invoke(DelegatingMethodAccessorImpl.java:43)
	at java.base/java.lang.reflect.Method.invoke(Method.java:568)
	at org.springframework.data.repository.core.support.RepositoryMethodInvoker$RepositoryFragmentMethodInvoker.lambda$new$0(RepositoryMethodInvoker.java:289)
	at org.springframework.data.repository.core.support.RepositoryMethodInvoker.doInvoke(RepositoryMethodInvoker.java:137)
	at org.springframework.data.repository.core.support.RepositoryMethodInvoker.invoke(RepositoryMethodInvoker.java:121)
	at org.springframework.data.repository.core.support.RepositoryComposition$RepositoryFragments.invoke(RepositoryComposition.java:530)
	at org.springframework.data.repository.core.support.RepositoryComposition.invoke(RepositoryComposition.java:286)
	at org.springframework.data.repository.core.support.RepositoryFactorySupport$ImplementationMethodExecutionInterceptor.invoke(RepositoryFactorySupport.java:640)
	at org.springframework.aop.framework.ReflectiveMethodInvocation.proceed(ReflectiveMethodInvocation.java:186)
	at org.springframework.data.repository.core.support.QueryExecutorMethodInterceptor.doInvoke(QueryExecutorMethodInterceptor.java:164)
	at org.springframework.data.repository.core.support.QueryExecutorMethodInterceptor.invoke(QueryExecutorMethodInterceptor.java:139)
	at org.springframework.aop.framework.ReflectiveMethodInvocation.proceed(ReflectiveMethodInvocation.java:186)
	at org.springframework.data.projection.DefaultMethodInvokingMethodInterceptor.invoke(DefaultMethodInvokingMethodInterceptor.java:76)
	at org.springframework.aop.framework.ReflectiveMethodInvocation.proceed(ReflectiveMethodInvocation.java:186)
	at org.springframework.transaction.interceptor.TransactionInterceptor$1.proceedWithInvocation(TransactionInterceptor.java:123)
	at org.springframework.transaction.interceptor.TransactionAspectSupport.invokeWithinTransaction(TransactionAspectSupport.java:388)
	at org.springframework.transaction.interceptor.TransactionInterceptor.invoke(TransactionInterceptor.java:119)
	at org.springframework.aop.framework.ReflectiveMethodInvocation.proceed(ReflectiveMethodInvocation.java:186)
	at org.springframework.dao.support.PersistenceExceptionTranslationInterceptor.invoke(PersistenceExceptionTranslationInterceptor.java:137)
	at org.springframework.aop.framework.ReflectiveMethodInvocation.proceed(ReflectiveMethodInvocation.java:186)
	at org.springframework.data.jpa.repository.support.CrudMethodMetadataPostProcessor$CrudMethodMetadataPopulatingMethodInterceptor.invoke(CrudMethodMetadataPostProcessor.java:174)
	at org.springframework.aop.framework.ReflectiveMethodInvocation.proceed(ReflectiveMethodInvocation.java:186)
	at org.springframework.aop.interceptor.ExposeInvocationInterceptor.invoke(ExposeInvocationInterceptor.java:97)
	at org.springframework.aop.framework.ReflectiveMethodInvocation.proceed(ReflectiveMethodInvocation.java:186)
	at org.springframework.aop.framework.JdkDynamicAopProxy.invoke(JdkDynamicAopProxy.java:241)
	at jdk.proxy3/jdk.proxy3.$Proxy184.findLastUpdtDtUserMenuCache(Unknown Source)
	at java.base/jdk.internal.reflect.NativeMethodAccessorImpl.invoke0(Native Method)
	at java.base/jdk.internal.reflect.NativeMethodAccessorImpl.invoke(NativeMethodAccessorImpl.java:77)
	at java.base/jdk.internal.reflect.DelegatingMethodAccessorImpl.invoke(DelegatingMethodAccessorImpl.java:43)
	at java.base/java.lang.reflect.Method.invoke(Method.java:568)
	at org.springframework.aop.support.AopUtils.invokeJoinpointUsingReflection(AopUtils.java:344)
	at org.springframework.aop.framework.ReflectiveMethodInvocation.invokeJoinpoint(ReflectiveMethodInvocation.java:198)
	at org.springframework.aop.framework.ReflectiveMethodInvocation.proceed(ReflectiveMethodInvocation.java:163)
	at org.springframework.cache.interceptor.CacheInterceptor.lambda$invoke$0(CacheInterceptor.java:54)
	at org.springframework.cache.interceptor.CacheAspectSupport.invokeOperation(CacheAspectSupport.java:366)
	at org.springframework.cache.interceptor.CacheAspectSupport.execute(CacheAspectSupport.java:420)
	at org.springframework.cache.interceptor.CacheAspectSupport.execute(CacheAspectSupport.java:345)
	at org.springframework.cache.interceptor.CacheInterceptor.invoke(CacheInterceptor.java:64)
	at org.springframework.aop.framework.ReflectiveMethodInvocation.proceed(ReflectiveMethodInvocation.java:186)
	at org.springframework.aop.framework.JdkDynamicAopProxy.invoke(JdkDynamicAopProxy.java:241)
	at jdk.proxy3/jdk.proxy3.$Proxy184.findLastUpdtDtUserMenuCache(Unknown Source)
	at com.meta.ponkids.domain.system.menu.service.MenuService.getUserMenuList(MenuService.java:159)
	at com.meta.ponkids.domain.system.menu.service.MenuService$$FastClassBySpringCGLIB$$3064e131.invoke(<generated>)
	at org.springframework.cglib.proxy.MethodProxy.invoke(MethodProxy.java:218)
	at org.springframework.aop.framework.CglibAopProxy.invokeMethod(CglibAopProxy.java:386)
	at org.springframework.aop.framework.CglibAopProxy.access$000(CglibAopProxy.java:85)
	at org.springframework.aop.framework.CglibAopProxy$DynamicAdvisedInterceptor.intercept(CglibAopProxy.java:703)
	at com.meta.ponkids.domain.system.menu.service.MenuService$$EnhancerBySpringCGLIB$$c6d85745.getUserMenuList(<generated>)
	at com.meta.ponkids.global.config.interceptor.MenuInterceptor.postHandle(MenuInterceptor.java:34)
	at org.springframework.web.servlet.HandlerExecutionChain.applyPostHandle(HandlerExecutionChain.java:165)
	at org.springframework.web.servlet.DispatcherServlet.doDispatch(DispatcherServlet.java:1079)
	at org.springframework.web.servlet.DispatcherServlet.doService(DispatcherServlet.java:965)
	at org.springframework.web.servlet.FrameworkServlet.processRequest(FrameworkServlet.java:1006)
	... 89 common frames omitted
Caused by: org.hibernate.exception.JDBCConnectionException: Unable to acquire JDBC Connection
	at org.hibernate.exception.internal.SQLExceptionTypeDelegate.convert(SQLExceptionTypeDelegate.java:48)
	at org.hibernate.exception.internal.StandardSQLExceptionConverter.convert(StandardSQLExceptionConverter.java:37)
	at org.hibernate.engine.jdbc.spi.SqlExceptionHelper.convert(SqlExceptionHelper.java:113)
	at org.hibernate.engine.jdbc.spi.SqlExceptionHelper.convert(SqlExceptionHelper.java:99)
	at org.hibernate.resource.jdbc.internal.LogicalConnectionManagedImpl.acquireConnectionIfNeeded(LogicalConnectionManagedImpl.java:111)
	at org.hibernate.resource.jdbc.internal.LogicalConnectionManagedImpl.getPhysicalConnection(LogicalConnectionManagedImpl.java:138)
	at org.hibernate.engine.jdbc.internal.StatementPreparerImpl.connection(StatementPreparerImpl.java:50)
	at org.hibernate.engine.jdbc.internal.StatementPreparerImpl$5.doPrepare(StatementPreparerImpl.java:149)
	at org.hibernate.engine.jdbc.internal.StatementPreparerImpl$StatementPreparationTemplate.prepareStatement(StatementPreparerImpl.java:176)
	at org.hibernate.engine.jdbc.internal.StatementPreparerImpl.prepareQueryStatement(StatementPreparerImpl.java:151)
	at org.hibernate.loader.Loader.prepareQueryStatement(Loader.java:2122)
	at org.hibernate.loader.Loader.executeQueryStatement(Loader.java:2059)
	at org.hibernate.loader.Loader.executeQueryStatement(Loader.java:2037)
	at org.hibernate.loader.Loader.doQuery(Loader.java:956)
	at org.hibernate.loader.Loader.doQueryAndInitializeNonLazyCollections(Loader.java:357)
	at org.hibernate.loader.Loader.doList(Loader.java:2868)
	at org.hibernate.loader.Loader.doList(Loader.java:2850)
	at org.hibernate.loader.Loader.listIgnoreQueryCache(Loader.java:2682)
	at org.hibernate.loader.Loader.list(Loader.java:2677)
	at org.hibernate.loader.hql.QueryLoader.list(QueryLoader.java:540)
	at org.hibernate.hql.internal.ast.QueryTranslatorImpl.list(QueryTranslatorImpl.java:400)
	at org.hibernate.engine.query.spi.HQLQueryPlan.performList(HQLQueryPlan.java:218)
	at org.hibernate.internal.SessionImpl.list(SessionImpl.java:1459)
	at org.hibernate.query.internal.AbstractProducedQuery.doList(AbstractProducedQuery.java:1649)
	at org.hibernate.query.internal.AbstractProducedQuery.list(AbstractProducedQuery.java:1617)
	at org.hibernate.query.internal.AbstractProducedQuery.getSingleResult(AbstractProducedQuery.java:1665)
	at com.querydsl.jpa.impl.AbstractJPAQuery.getSingleResult(AbstractJPAQuery.java:214)
	at com.querydsl.jpa.impl.AbstractJPAQuery.fetchOne(AbstractJPAQuery.java:326)
	at com.querydsl.core.support.FetchableQueryBase.fetchFirst(FetchableQueryBase.java:51)
	at com.meta.ponkids.domain.system.menu.repository.impl.MenuRepositoryImpl.findLastUpdtDtUserMenu(MenuRepositoryImpl.java:346)
	at com.meta.ponkids.domain.system.menu.repository.impl.MenuRepositoryImpl.findLastUpdtDtUserMenuCache(MenuRepositoryImpl.java:352)
	at com.meta.ponkids.domain.system.menu.repository.impl.MenuRepositoryImpl$$FastClassBySpringCGLIB$$892bba9f.invoke(<generated>)
	at org.springframework.cglib.proxy.MethodProxy.invoke(MethodProxy.java:218)
	at org.springframework.aop.framework.CglibAopProxy$CglibMethodInvocation.invokeJoinpoint(CglibAopProxy.java:792)
	at org.springframework.aop.framework.ReflectiveMethodInvocation.proceed(ReflectiveMethodInvocation.java:163)
	at org.springframework.aop.framework.CglibAopProxy$CglibMethodInvocation.proceed(CglibAopProxy.java:762)
	at org.springframework.dao.support.PersistenceExceptionTranslationInterceptor.invoke(PersistenceExceptionTranslationInterceptor.java:137)
	... 155 common frames omitted
Caused by: java.sql.SQLTransientConnectionException: HikariPool-1 - Connection is not available, request timed out after 30002ms.
	at com.zaxxer.hikari.pool.HikariPool.createTimeoutException(HikariPool.java:696)
	at com.zaxxer.hikari.pool.HikariPool.getConnection(HikariPool.java:197)
	at com.zaxxer.hikari.pool.HikariPool.getConnection(HikariPool.java:162)
	at com.zaxxer.hikari.HikariDataSource.getConnection(HikariDataSource.java:128)
	at com.p6spy.engine.spy.P6DataSource.getConnection(P6DataSource.java:300)
	at org.springframework.jdbc.datasource.DelegatingDataSource.getConnection(DelegatingDataSource.java:99)
	at org.hibernate.engine.jdbc.connections.internal.DatasourceConnectionProviderImpl.getConnection(DatasourceConnectionProviderImpl.java:122)
	at org.hibernate.internal.NonContextualJdbcConnectionAccess.obtainConnection(NonContextualJdbcConnectionAccess.java:38)
	at org.hibernate.resource.jdbc.internal.LogicalConnectionManagedImpl.acquireConnectionIfNeeded(LogicalConnectionManagedImpl.java:108)
	... 187 common frames omitted
Caused by: org.postgresql.util.PSQLException: 치명적오류: "jjeovi" 롤의 최대 동시 접속수를 초과했습니다
	at org.postgresql.core.v3.QueryExecutorImpl.receiveErrorResponse(QueryExecutorImpl.java:2675)
	at org.postgresql.core.v3.QueryExecutorImpl.readStartupMessages(QueryExecutorImpl.java:2787)
	at org.postgresql.core.v3.QueryExecutorImpl.<init>(QueryExecutorImpl.java:173)
	at org.postgresql.core.v3.ConnectionFactoryImpl.openConnectionImpl(ConnectionFactoryImpl.java:290)
	at org.postgresql.core.ConnectionFactory.openConnection(ConnectionFactory.java:49)
	at org.postgresql.jdbc.PgConnection.<init>(PgConnection.java:223)
	at org.postgresql.Driver.makeConnection(Driver.java:402)
	at org.postgresql.Driver.connect(Driver.java:261)
	at com.zaxxer.hikari.util.DriverDataSource.getConnection(DriverDataSource.java:138)
	at com.zaxxer.hikari.pool.PoolBase.newConnection(PoolBase.java:364)
	at com.zaxxer.hikari.pool.PoolBase.newPoolEntry(PoolBase.java:206)
	at com.zaxxer.hikari.pool.HikariPool.createPoolEntry(HikariPool.java:476)
	at com.zaxxer.hikari.pool.HikariPool.access$100(HikariPool.java:71)
	at com.zaxxer.hikari.pool.HikariPool$PoolEntryCreator.call(HikariPool.java:726)
	at com.zaxxer.hikari.pool.HikariPool$PoolEntryCreator.call(HikariPool.java:712)
	at java.base/java.util.concurrent.FutureTask.run(FutureTask.java:264)
	at java.base/java.util.concurrent.ThreadPoolExecutor.runWorker(ThreadPoolExecutor.java:1136)
	at java.base/java.util.concurrent.ThreadPoolExecutor$Worker.run(ThreadPoolExecutor.java:635)
	... 1 common frames omitted
[2024-02-19 13:12:44:1036737] ERROR 9648 --- [nio-8080-exec-4] o.h.e.jdbc.spi.SqlExceptionHelper        : HikariPool-1 - Connection is not available, request timed out after 30009ms.
[2024-02-19 13:12:44:1036738] ERROR 9648 --- [nio-8080-exec-4] o.h.e.jdbc.spi.SqlExceptionHelper        : 치명적오류: "jjeovi" 롤의 최대 동시 접속수를 초과했습니다
[2024-02-19 13:12:44:1036742] ERROR 9648 --- [nio-8080-exec-4] o.a.c.c.C.[.[.[.[dispatcherServlet]      : Servlet.service() for servlet [dispatcherServlet] threw exception
org.postgresql.util.PSQLException: 치명적오류: "jjeovi" 롤의 최대 동시 접속수를 초과했습니다
	at org.postgresql.core.v3.QueryExecutorImpl.receiveErrorResponse(QueryExecutorImpl.java:2675)
	at org.postgresql.core.v3.QueryExecutorImpl.readStartupMessages(QueryExecutorImpl.java:2787)
	at org.postgresql.core.v3.QueryExecutorImpl.<init>(QueryExecutorImpl.java:173)
	at org.postgresql.core.v3.ConnectionFactoryImpl.openConnectionImpl(ConnectionFactoryImpl.java:290)
	at org.postgresql.core.ConnectionFactory.openConnection(ConnectionFactory.java:49)
	at org.postgresql.jdbc.PgConnection.<init>(PgConnection.java:223)
	at org.postgresql.Driver.makeConnection(Driver.java:402)
	at org.postgresql.Driver.connect(Driver.java:261)
	at com.zaxxer.hikari.util.DriverDataSource.getConnection(DriverDataSource.java:138)
	at com.zaxxer.hikari.pool.PoolBase.newConnection(PoolBase.java:364)
	at com.zaxxer.hikari.pool.PoolBase.newPoolEntry(PoolBase.java:206)
	at com.zaxxer.hikari.pool.HikariPool.createPoolEntry(HikariPool.java:476)
	at com.zaxxer.hikari.pool.HikariPool.access$100(HikariPool.java:71)
	at com.zaxxer.hikari.pool.HikariPool$PoolEntryCreator.call(HikariPool.java:726)
	at com.zaxxer.hikari.pool.HikariPool$PoolEntryCreator.call(HikariPool.java:712)
	at java.base/java.util.concurrent.FutureTask.run(FutureTask.java:264)
	at java.base/java.util.concurrent.ThreadPoolExecutor.runWorker(ThreadPoolExecutor.java:1136)
	at java.base/java.util.concurrent.ThreadPoolExecutor$Worker.run(ThreadPoolExecutor.java:635)
	at java.base/java.lang.Thread.run(Thread.java:840)
[2024-02-19 13:12:44:1036746] ERROR 9648 --- [nio-8080-exec-4] o.a.c.c.C.[Tomcat].[localhost]           : Exception Processing ErrorPage[errorCode=0, location=/error]
org.springframework.web.util.NestedServletException: Request processing failed; nested exception is org.springframework.dao.DataAccessResourceFailureException: Unable to acquire JDBC Connection; nested exception is org.hibernate.exception.JDBCConnectionException: Unable to acquire JDBC Connection
	at org.springframework.web.servlet.FrameworkServlet.processRequest(FrameworkServlet.java:1014)
	at org.springframework.web.servlet.FrameworkServlet.doGet(FrameworkServlet.java:898)
	at javax.servlet.http.HttpServlet.service(HttpServlet.java:529)
	at org.springframework.web.servlet.FrameworkServlet.service(FrameworkServlet.java:883)
	at javax.servlet.http.HttpServlet.service(HttpServlet.java:623)
	at org.apache.catalina.core.ApplicationFilterChain.internalDoFilter(ApplicationFilterChain.java:209)
	at org.apache.catalina.core.ApplicationFilterChain.doFilter(ApplicationFilterChain.java:153)
	at org.springframework.security.web.FilterChainProxy$VirtualFilterChain.doFilter(FilterChainProxy.java:337)
	at org.springframework.security.web.access.intercept.FilterSecurityInterceptor.invoke(FilterSecurityInterceptor.java:106)
	at org.springframework.security.web.access.intercept.FilterSecurityInterceptor.doFilter(FilterSecurityInterceptor.java:81)
	at org.springframework.security.web.FilterChainProxy$VirtualFilterChain.doFilter(FilterChainProxy.java:346)
	at org.springframework.security.web.access.ExceptionTranslationFilter.doFilter(ExceptionTranslationFilter.java:122)
	at org.springframework.security.web.access.ExceptionTranslationFilter.doFilter(ExceptionTranslationFilter.java:116)
	at org.springframework.security.web.FilterChainProxy$VirtualFilterChain.doFilter(FilterChainProxy.java:346)
	at org.springframework.security.web.session.SessionManagementFilter.doFilter(SessionManagementFilter.java:87)
	at org.springframework.security.web.session.SessionManagementFilter.doFilter(SessionManagementFilter.java:81)
	at org.springframework.security.web.FilterChainProxy$VirtualFilterChain.doFilter(FilterChainProxy.java:346)
	at org.springframework.security.web.authentication.AnonymousAuthenticationFilter.doFilter(AnonymousAuthenticationFilter.java:109)
	at org.springframework.security.web.FilterChainProxy$VirtualFilterChain.doFilter(FilterChainProxy.java:346)
	at org.springframework.security.web.servletapi.SecurityContextHolderAwareRequestFilter.doFilter(SecurityContextHolderAwareRequestFilter.java:149)
	at org.springframework.security.web.FilterChainProxy$VirtualFilterChain.doFilter(FilterChainProxy.java:346)
	at org.springframework.security.web.savedrequest.RequestCacheAwareFilter.doFilter(RequestCacheAwareFilter.java:63)
	at org.springframework.security.web.FilterChainProxy$VirtualFilterChain.doFilter(FilterChainProxy.java:346)
	at org.springframework.web.filter.OncePerRequestFilter.doFilter(OncePerRequestFilter.java:102)
	at org.springframework.security.web.FilterChainProxy$VirtualFilterChain.doFilter(FilterChainProxy.java:346)
	at org.springframework.security.web.authentication.ui.DefaultLoginPageGeneratingFilter.doFilter(DefaultLoginPageGeneratingFilter.java:237)
	at org.springframework.security.web.authentication.ui.DefaultLoginPageGeneratingFilter.doFilter(DefaultLoginPageGeneratingFilter.java:223)
	at org.springframework.security.web.FilterChainProxy$VirtualFilterChain.doFilter(FilterChainProxy.java:346)
	at org.springframework.security.web.authentication.AbstractAuthenticationProcessingFilter.doFilter(AbstractAuthenticationProcessingFilter.java:223)
	at org.springframework.security.web.authentication.AbstractAuthenticationProcessingFilter.doFilter(AbstractAuthenticationProcessingFilter.java:217)
	at org.springframework.security.web.FilterChainProxy$VirtualFilterChain.doFilter(FilterChainProxy.java:346)
	at org.springframework.security.web.authentication.AbstractAuthenticationProcessingFilter.doFilter(AbstractAuthenticationProcessingFilter.java:223)
	at org.springframework.security.web.authentication.AbstractAuthenticationProcessingFilter.doFilter(AbstractAuthenticationProcessingFilter.java:217)
	at org.springframework.security.web.FilterChainProxy$VirtualFilterChain.doFilter(FilterChainProxy.java:346)
	at org.springframework.web.filter.OncePerRequestFilter.doFilter(OncePerRequestFilter.java:102)
	at org.springframework.security.web.FilterChainProxy$VirtualFilterChain.doFilter(FilterChainProxy.java:346)
	at org.springframework.security.web.authentication.logout.LogoutFilter.doFilter(LogoutFilter.java:103)
	at org.springframework.security.web.authentication.logout.LogoutFilter.doFilter(LogoutFilter.java:89)
	at org.springframework.security.web.FilterChainProxy$VirtualFilterChain.doFilter(FilterChainProxy.java:346)
	at org.springframework.web.filter.OncePerRequestFilter.doFilter(OncePerRequestFilter.java:102)
	at org.springframework.security.web.FilterChainProxy$VirtualFilterChain.doFilter(FilterChainProxy.java:346)
	at org.springframework.web.filter.OncePerRequestFilter.doFilter(OncePerRequestFilter.java:102)
	at org.springframework.security.web.FilterChainProxy$VirtualFilterChain.doFilter(FilterChainProxy.java:346)
	at org.springframework.security.web.context.SecurityContextPersistenceFilter.doFilter(SecurityContextPersistenceFilter.java:112)
	at org.springframework.security.web.context.SecurityContextPersistenceFilter.doFilter(SecurityContextPersistenceFilter.java:82)
	at org.springframework.security.web.FilterChainProxy$VirtualFilterChain.doFilter(FilterChainProxy.java:346)
	at org.springframework.web.filter.OncePerRequestFilter.doFilter(OncePerRequestFilter.java:102)
	at org.springframework.security.web.FilterChainProxy$VirtualFilterChain.doFilter(FilterChainProxy.java:346)
	at org.springframework.web.filter.OncePerRequestFilter.doFilter(OncePerRequestFilter.java:102)
	at org.springframework.security.web.FilterChainProxy$VirtualFilterChain.doFilter(FilterChainProxy.java:346)
	at org.springframework.web.filter.OncePerRequestFilter.doFilter(OncePerRequestFilter.java:102)
	at org.springframework.security.web.FilterChainProxy$VirtualFilterChain.doFilter(FilterChainProxy.java:346)
	at org.springframework.web.filter.OncePerRequestFilter.doFilter(OncePerRequestFilter.java:102)
	at org.springframework.security.web.FilterChainProxy$VirtualFilterChain.doFilter(FilterChainProxy.java:346)
	at org.springframework.security.web.FilterChainProxy.doFilterInternal(FilterChainProxy.java:221)
	at org.springframework.security.web.FilterChainProxy.doFilter(FilterChainProxy.java:186)
	at org.springframework.web.filter.DelegatingFilterProxy.invokeDelegate(DelegatingFilterProxy.java:354)
	at org.springframework.web.filter.DelegatingFilterProxy.doFilter(DelegatingFilterProxy.java:267)
	at org.apache.catalina.core.ApplicationFilterChain.internalDoFilter(ApplicationFilterChain.java:178)
	at org.apache.catalina.core.ApplicationFilterChain.doFilter(ApplicationFilterChain.java:153)
	at org.springframework.web.filter.RequestContextFilter.doFilterInternal(RequestContextFilter.java:100)
	at org.springframework.web.filter.OncePerRequestFilter.doFilter(OncePerRequestFilter.java:117)
	at org.apache.catalina.core.ApplicationFilterChain.internalDoFilter(ApplicationFilterChain.java:178)
	at org.apache.catalina.core.ApplicationFilterChain.doFilter(ApplicationFilterChain.java:153)
	at org.springframework.web.filter.OncePerRequestFilter.doFilter(OncePerRequestFilter.java:102)
	at org.apache.catalina.core.ApplicationFilterChain.internalDoFilter(ApplicationFilterChain.java:178)
	at org.apache.catalina.core.ApplicationFilterChain.doFilter(ApplicationFilterChain.java:153)
	at org.springframework.web.filter.OncePerRequestFilter.doFilter(OncePerRequestFilter.java:102)
	at org.apache.catalina.core.ApplicationFilterChain.internalDoFilter(ApplicationFilterChain.java:178)
	at org.apache.catalina.core.ApplicationFilterChain.doFilter(ApplicationFilterChain.java:153)
	at org.apache.catalina.core.ApplicationDispatcher.invoke(ApplicationDispatcher.java:661)
	at org.apache.catalina.core.ApplicationDispatcher.processRequest(ApplicationDispatcher.java:427)
	at org.apache.catalina.core.ApplicationDispatcher.doForward(ApplicationDispatcher.java:357)
	at org.apache.catalina.core.ApplicationDispatcher.forward(ApplicationDispatcher.java:294)
	at org.apache.catalina.core.StandardHostValve.custom(StandardHostValve.java:377)
	at org.apache.catalina.core.StandardHostValve.status(StandardHostValve.java:237)
	at org.apache.catalina.core.StandardHostValve.invoke(StandardHostValve.java:166)
	at org.apache.catalina.valves.ErrorReportValve.invoke(ErrorReportValve.java:93)
	at org.apache.catalina.core.StandardEngineValve.invoke(StandardEngineValve.java:74)
	at org.apache.catalina.connector.CoyoteAdapter.service(CoyoteAdapter.java:342)
	at org.apache.coyote.http11.Http11Processor.service(Http11Processor.java:390)
	at org.apache.coyote.AbstractProcessorLight.process(AbstractProcessorLight.java:63)
	at org.apache.coyote.AbstractProtocol$ConnectionHandler.process(AbstractProtocol.java:928)
	at org.apache.tomcat.util.net.NioEndpoint$SocketProcessor.doRun(NioEndpoint.java:1794)
	at org.apache.tomcat.util.net.SocketProcessorBase.run(SocketProcessorBase.java:52)
	at org.apache.tomcat.util.threads.ThreadPoolExecutor.runWorker(ThreadPoolExecutor.java:1191)
	at org.apache.tomcat.util.threads.ThreadPoolExecutor$Worker.run(ThreadPoolExecutor.java:659)
	at org.apache.tomcat.util.threads.TaskThread$WrappingRunnable.run(TaskThread.java:61)
	at java.base/java.lang.Thread.run(Thread.java:840)
Caused by: org.springframework.dao.DataAccessResourceFailureException: Unable to acquire JDBC Connection; nested exception is org.hibernate.exception.JDBCConnectionException: Unable to acquire JDBC Connection
	at org.springframework.orm.jpa.vendor.HibernateJpaDialect.convertHibernateAccessException(HibernateJpaDialect.java:255)
	at org.springframework.orm.jpa.vendor.HibernateJpaDialect.translateExceptionIfPossible(HibernateJpaDialect.java:233)
	at org.springframework.orm.jpa.AbstractEntityManagerFactoryBean.translateExceptionIfPossible(AbstractEntityManagerFactoryBean.java:551)
	at org.springframework.dao.support.ChainedPersistenceExceptionTranslator.translateExceptionIfPossible(ChainedPersistenceExceptionTranslator.java:61)
	at org.springframework.dao.support.DataAccessUtils.translateIfNecessary(DataAccessUtils.java:243)
	at org.springframework.dao.support.PersistenceExceptionTranslationInterceptor.invoke(PersistenceExceptionTranslationInterceptor.java:152)
	at org.springframework.aop.framework.ReflectiveMethodInvocation.proceed(ReflectiveMethodInvocation.java:186)
	at org.springframework.aop.framework.CglibAopProxy$CglibMethodInvocation.proceed(CglibAopProxy.java:762)
	at org.springframework.cache.interceptor.CacheInterceptor.lambda$invoke$0(CacheInterceptor.java:54)
	at org.springframework.cache.interceptor.CacheAspectSupport.invokeOperation(CacheAspectSupport.java:366)
	at org.springframework.cache.interceptor.CacheAspectSupport.execute(CacheAspectSupport.java:420)
	at org.springframework.cache.interceptor.CacheAspectSupport.execute(CacheAspectSupport.java:345)
	at org.springframework.cache.interceptor.CacheInterceptor.invoke(CacheInterceptor.java:64)
	at org.springframework.aop.framework.ReflectiveMethodInvocation.proceed(ReflectiveMethodInvocation.java:186)
	at org.springframework.aop.framework.CglibAopProxy$CglibMethodInvocation.proceed(CglibAopProxy.java:762)
	at org.springframework.aop.framework.CglibAopProxy$DynamicAdvisedInterceptor.intercept(CglibAopProxy.java:707)
	at com.meta.ponkids.domain.system.menu.repository.impl.MenuRepositoryImpl$$EnhancerBySpringCGLIB$$99b7a21f.findLastUpdtDtUserMenuCache(<generated>)
	at java.base/jdk.internal.reflect.NativeMethodAccessorImpl.invoke0(Native Method)
	at java.base/jdk.internal.reflect.NativeMethodAccessorImpl.invoke(NativeMethodAccessorImpl.java:77)
	at java.base/jdk.internal.reflect.DelegatingMethodAccessorImpl.invoke(DelegatingMethodAccessorImpl.java:43)
	at java.base/java.lang.reflect.Method.invoke(Method.java:568)
	at org.springframework.data.repository.core.support.RepositoryMethodInvoker$RepositoryFragmentMethodInvoker.lambda$new$0(RepositoryMethodInvoker.java:289)
	at org.springframework.data.repository.core.support.RepositoryMethodInvoker.doInvoke(RepositoryMethodInvoker.java:137)
	at org.springframework.data.repository.core.support.RepositoryMethodInvoker.invoke(RepositoryMethodInvoker.java:121)
	at org.springframework.data.repository.core.support.RepositoryComposition$RepositoryFragments.invoke(RepositoryComposition.java:530)
	at org.springframework.data.repository.core.support.RepositoryComposition.invoke(RepositoryComposition.java:286)
	at org.springframework.data.repository.core.support.RepositoryFactorySupport$ImplementationMethodExecutionInterceptor.invoke(RepositoryFactorySupport.java:640)
	at org.springframework.aop.framework.ReflectiveMethodInvocation.proceed(ReflectiveMethodInvocation.java:186)
	at org.springframework.data.repository.core.support.QueryExecutorMethodInterceptor.doInvoke(QueryExecutorMethodInterceptor.java:164)
	at org.springframework.data.repository.core.support.QueryExecutorMethodInterceptor.invoke(QueryExecutorMethodInterceptor.java:139)
	at org.springframework.aop.framework.ReflectiveMethodInvocation.proceed(ReflectiveMethodInvocation.java:186)
	at org.springframework.data.projection.DefaultMethodInvokingMethodInterceptor.invoke(DefaultMethodInvokingMethodInterceptor.java:76)
	at org.springframework.aop.framework.ReflectiveMethodInvocation.proceed(ReflectiveMethodInvocation.java:186)
	at org.springframework.transaction.interceptor.TransactionInterceptor$1.proceedWithInvocation(TransactionInterceptor.java:123)
	at org.springframework.transaction.interceptor.TransactionAspectSupport.invokeWithinTransaction(TransactionAspectSupport.java:388)
	at org.springframework.transaction.interceptor.TransactionInterceptor.invoke(TransactionInterceptor.java:119)
	at org.springframework.aop.framework.ReflectiveMethodInvocation.proceed(ReflectiveMethodInvocation.java:186)
	at org.springframework.dao.support.PersistenceExceptionTranslationInterceptor.invoke(PersistenceExceptionTranslationInterceptor.java:137)
	at org.springframework.aop.framework.ReflectiveMethodInvocation.proceed(ReflectiveMethodInvocation.java:186)
	at org.springframework.data.jpa.repository.support.CrudMethodMetadataPostProcessor$CrudMethodMetadataPopulatingMethodInterceptor.invoke(CrudMethodMetadataPostProcessor.java:174)
	at org.springframework.aop.framework.ReflectiveMethodInvocation.proceed(ReflectiveMethodInvocation.java:186)
	at org.springframework.aop.interceptor.ExposeInvocationInterceptor.invoke(ExposeInvocationInterceptor.java:97)
	at org.springframework.aop.framework.ReflectiveMethodInvocation.proceed(ReflectiveMethodInvocation.java:186)
	at org.springframework.aop.framework.JdkDynamicAopProxy.invoke(JdkDynamicAopProxy.java:241)
	at jdk.proxy3/jdk.proxy3.$Proxy184.findLastUpdtDtUserMenuCache(Unknown Source)
	at java.base/jdk.internal.reflect.NativeMethodAccessorImpl.invoke0(Native Method)
	at java.base/jdk.internal.reflect.NativeMethodAccessorImpl.invoke(NativeMethodAccessorImpl.java:77)
	at java.base/jdk.internal.reflect.DelegatingMethodAccessorImpl.invoke(DelegatingMethodAccessorImpl.java:43)
	at java.base/java.lang.reflect.Method.invoke(Method.java:568)
	at org.springframework.aop.support.AopUtils.invokeJoinpointUsingReflection(AopUtils.java:344)
	at org.springframework.aop.framework.ReflectiveMethodInvocation.invokeJoinpoint(ReflectiveMethodInvocation.java:198)
	at org.springframework.aop.framework.ReflectiveMethodInvocation.proceed(ReflectiveMethodInvocation.java:163)
	at org.springframework.cache.interceptor.CacheInterceptor.lambda$invoke$0(CacheInterceptor.java:54)
	at org.springframework.cache.interceptor.CacheAspectSupport.invokeOperation(CacheAspectSupport.java:366)
	at org.springframework.cache.interceptor.CacheAspectSupport.execute(CacheAspectSupport.java:420)
	at org.springframework.cache.interceptor.CacheAspectSupport.execute(CacheAspectSupport.java:345)
	at org.springframework.cache.interceptor.CacheInterceptor.invoke(CacheInterceptor.java:64)
	at org.springframework.aop.framework.ReflectiveMethodInvocation.proceed(ReflectiveMethodInvocation.java:186)
	at org.springframework.aop.framework.JdkDynamicAopProxy.invoke(JdkDynamicAopProxy.java:241)
	at jdk.proxy3/jdk.proxy3.$Proxy184.findLastUpdtDtUserMenuCache(Unknown Source)
	at com.meta.ponkids.domain.system.menu.service.MenuService.getUserMenuList(MenuService.java:159)
	at com.meta.ponkids.domain.system.menu.service.MenuService$$FastClassBySpringCGLIB$$3064e131.invoke(<generated>)
	at org.springframework.cglib.proxy.MethodProxy.invoke(MethodProxy.java:218)
	at org.springframework.aop.framework.CglibAopProxy.invokeMethod(CglibAopProxy.java:386)
	at org.springframework.aop.framework.CglibAopProxy.access$000(CglibAopProxy.java:85)
	at org.springframework.aop.framework.CglibAopProxy$DynamicAdvisedInterceptor.intercept(CglibAopProxy.java:703)
	at com.meta.ponkids.domain.system.menu.service.MenuService$$EnhancerBySpringCGLIB$$c6d85745.getUserMenuList(<generated>)
	at com.meta.ponkids.global.config.interceptor.MenuInterceptor.postHandle(MenuInterceptor.java:34)
	at org.springframework.web.servlet.HandlerExecutionChain.applyPostHandle(HandlerExecutionChain.java:165)
	at org.springframework.web.servlet.DispatcherServlet.doDispatch(DispatcherServlet.java:1079)
	at org.springframework.web.servlet.DispatcherServlet.doService(DispatcherServlet.java:965)
	at org.springframework.web.servlet.FrameworkServlet.processRequest(FrameworkServlet.java:1006)
	... 88 common frames omitted
Caused by: org.hibernate.exception.JDBCConnectionException: Unable to acquire JDBC Connection
	at org.hibernate.exception.internal.SQLExceptionTypeDelegate.convert(SQLExceptionTypeDelegate.java:48)
	at org.hibernate.exception.internal.StandardSQLExceptionConverter.convert(StandardSQLExceptionConverter.java:37)
	at org.hibernate.engine.jdbc.spi.SqlExceptionHelper.convert(SqlExceptionHelper.java:113)
	at org.hibernate.engine.jdbc.spi.SqlExceptionHelper.convert(SqlExceptionHelper.java:99)
	at org.hibernate.resource.jdbc.internal.LogicalConnectionManagedImpl.acquireConnectionIfNeeded(LogicalConnectionManagedImpl.java:111)
	at org.hibernate.resource.jdbc.internal.LogicalConnectionManagedImpl.getPhysicalConnection(LogicalConnectionManagedImpl.java:138)
	at org.hibernate.engine.jdbc.internal.StatementPreparerImpl.connection(StatementPreparerImpl.java:50)
	at org.hibernate.engine.jdbc.internal.StatementPreparerImpl$5.doPrepare(StatementPreparerImpl.java:149)
	at org.hibernate.engine.jdbc.internal.StatementPreparerImpl$StatementPreparationTemplate.prepareStatement(StatementPreparerImpl.java:176)
	at org.hibernate.engine.jdbc.internal.StatementPreparerImpl.prepareQueryStatement(StatementPreparerImpl.java:151)
	at org.hibernate.loader.Loader.prepareQueryStatement(Loader.java:2122)
	at org.hibernate.loader.Loader.executeQueryStatement(Loader.java:2059)
	at org.hibernate.loader.Loader.executeQueryStatement(Loader.java:2037)
	at org.hibernate.loader.Loader.doQuery(Loader.java:956)
	at org.hibernate.loader.Loader.doQueryAndInitializeNonLazyCollections(Loader.java:357)
	at org.hibernate.loader.Loader.doList(Loader.java:2868)
	at org.hibernate.loader.Loader.doList(Loader.java:2850)
	at org.hibernate.loader.Loader.listIgnoreQueryCache(Loader.java:2682)
	at org.hibernate.loader.Loader.list(Loader.java:2677)
	at org.hibernate.loader.hql.QueryLoader.list(QueryLoader.java:540)
	at org.hibernate.hql.internal.ast.QueryTranslatorImpl.list(QueryTranslatorImpl.java:400)
	at org.hibernate.engine.query.spi.HQLQueryPlan.performList(HQLQueryPlan.java:218)
	at org.hibernate.internal.SessionImpl.list(SessionImpl.java:1459)
	at org.hibernate.query.internal.AbstractProducedQuery.doList(AbstractProducedQuery.java:1649)
	at org.hibernate.query.internal.AbstractProducedQuery.list(AbstractProducedQuery.java:1617)
	at org.hibernate.query.internal.AbstractProducedQuery.getSingleResult(AbstractProducedQuery.java:1665)
	at com.querydsl.jpa.impl.AbstractJPAQuery.getSingleResult(AbstractJPAQuery.java:214)
	at com.querydsl.jpa.impl.AbstractJPAQuery.fetchOne(AbstractJPAQuery.java:326)
	at com.querydsl.core.support.FetchableQueryBase.fetchFirst(FetchableQueryBase.java:51)
	at com.meta.ponkids.domain.system.menu.repository.impl.MenuRepositoryImpl.findLastUpdtDtUserMenu(MenuRepositoryImpl.java:346)
	at com.meta.ponkids.domain.system.menu.repository.impl.MenuRepositoryImpl.findLastUpdtDtUserMenuCache(MenuRepositoryImpl.java:352)
	at com.meta.ponkids.domain.system.menu.repository.impl.MenuRepositoryImpl$$FastClassBySpringCGLIB$$892bba9f.invoke(<generated>)
	at org.springframework.cglib.proxy.MethodProxy.invoke(MethodProxy.java:218)
	at org.springframework.aop.framework.CglibAopProxy$CglibMethodInvocation.invokeJoinpoint(CglibAopProxy.java:792)
	at org.springframework.aop.framework.ReflectiveMethodInvocation.proceed(ReflectiveMethodInvocation.java:163)
	at org.springframework.aop.framework.CglibAopProxy$CglibMethodInvocation.proceed(CglibAopProxy.java:762)
	at org.springframework.dao.support.PersistenceExceptionTranslationInterceptor.invoke(PersistenceExceptionTranslationInterceptor.java:137)
	... 154 common frames omitted
Caused by: java.sql.SQLTransientConnectionException: HikariPool-1 - Connection is not available, request timed out after 30009ms.
	at com.zaxxer.hikari.pool.HikariPool.createTimeoutException(HikariPool.java:696)
	at com.zaxxer.hikari.pool.HikariPool.getConnection(HikariPool.java:197)
	at com.zaxxer.hikari.pool.HikariPool.getConnection(HikariPool.java:162)
	at com.zaxxer.hikari.HikariDataSource.getConnection(HikariDataSource.java:128)
	at com.p6spy.engine.spy.P6DataSource.getConnection(P6DataSource.java:300)
	at org.springframework.jdbc.datasource.DelegatingDataSource.getConnection(DelegatingDataSource.java:99)
	at org.hibernate.engine.jdbc.connections.internal.DatasourceConnectionProviderImpl.getConnection(DatasourceConnectionProviderImpl.java:122)
	at org.hibernate.internal.NonContextualJdbcConnectionAccess.obtainConnection(NonContextualJdbcConnectionAccess.java:38)
	at org.hibernate.resource.jdbc.internal.LogicalConnectionManagedImpl.acquireConnectionIfNeeded(LogicalConnectionManagedImpl.java:108)
	... 186 common frames omitted
Caused by: org.postgresql.util.PSQLException: 치명적오류: "jjeovi" 롤의 최대 동시 접속수를 초과했습니다
	at org.postgresql.core.v3.QueryExecutorImpl.receiveErrorResponse(QueryExecutorImpl.java:2675)
	at org.postgresql.core.v3.QueryExecutorImpl.readStartupMessages(QueryExecutorImpl.java:2787)
	at org.postgresql.core.v3.QueryExecutorImpl.<init>(QueryExecutorImpl.java:173)
	at org.postgresql.core.v3.ConnectionFactoryImpl.openConnectionImpl(ConnectionFactoryImpl.java:290)
	at org.postgresql.core.ConnectionFactory.openConnection(ConnectionFactory.java:49)
	at org.postgresql.jdbc.PgConnection.<init>(PgConnection.java:223)
	at org.postgresql.Driver.makeConnection(Driver.java:402)
	at org.postgresql.Driver.connect(Driver.java:261)
	at com.zaxxer.hikari.util.DriverDataSource.getConnection(DriverDataSource.java:138)
	at com.zaxxer.hikari.pool.PoolBase.newConnection(PoolBase.java:364)
	at com.zaxxer.hikari.pool.PoolBase.newPoolEntry(PoolBase.java:206)
	at com.zaxxer.hikari.pool.HikariPool.createPoolEntry(HikariPool.java:476)
	at com.zaxxer.hikari.pool.HikariPool.access$100(HikariPool.java:71)
	at com.zaxxer.hikari.pool.HikariPool$PoolEntryCreator.call(HikariPool.java:726)
	at com.zaxxer.hikari.pool.HikariPool$PoolEntryCreator.call(HikariPool.java:712)
	at java.base/java.util.concurrent.FutureTask.run(FutureTask.java:264)
	at java.base/java.util.concurrent.ThreadPoolExecutor.runWorker(ThreadPoolExecutor.java:1136)
	at java.base/java.util.concurrent.ThreadPoolExecutor$Worker.run(ThreadPoolExecutor.java:635)
	... 1 common frames omitted
[2024-02-19 13:21:52:1584831] ERROR 9648 --- [nio-8080-exec-6] o.h.e.jdbc.spi.SqlExceptionHelper        : HikariPool-1 - Connection is not available, request timed out after 30007ms.
[2024-02-19 13:21:52:1584833] ERROR 9648 --- [nio-8080-exec-6] o.h.e.jdbc.spi.SqlExceptionHelper        : 치명적오류: "jjeovi" 롤의 최대 동시 접속수를 초과했습니다
[2024-02-19 13:21:52:1584836] ERROR 9648 --- [nio-8080-exec-6] o.a.c.c.C.[.[.[.[dispatcherServlet]      : Servlet.service() for servlet [dispatcherServlet] in context with path [] threw exception [Request processing failed; nested exception is org.springframework.dao.DataAccessResourceFailureException: Unable to acquire JDBC Connection; nested exception is org.hibernate.exception.JDBCConnectionException: Unable to acquire JDBC Connection] with root cause
org.postgresql.util.PSQLException: 치명적오류: "jjeovi" 롤의 최대 동시 접속수를 초과했습니다
	at org.postgresql.core.v3.QueryExecutorImpl.receiveErrorResponse(QueryExecutorImpl.java:2675)
	at org.postgresql.core.v3.QueryExecutorImpl.readStartupMessages(QueryExecutorImpl.java:2787)
	at org.postgresql.core.v3.QueryExecutorImpl.<init>(QueryExecutorImpl.java:173)
	at org.postgresql.core.v3.ConnectionFactoryImpl.openConnectionImpl(ConnectionFactoryImpl.java:290)
	at org.postgresql.core.ConnectionFactory.openConnection(ConnectionFactory.java:49)
	at org.postgresql.jdbc.PgConnection.<init>(PgConnection.java:223)
	at org.postgresql.Driver.makeConnection(Driver.java:402)
	at org.postgresql.Driver.connect(Driver.java:261)
	at com.zaxxer.hikari.util.DriverDataSource.getConnection(DriverDataSource.java:138)
	at com.zaxxer.hikari.pool.PoolBase.newConnection(PoolBase.java:364)
	at com.zaxxer.hikari.pool.PoolBase.newPoolEntry(PoolBase.java:206)
	at com.zaxxer.hikari.pool.HikariPool.createPoolEntry(HikariPool.java:476)
	at com.zaxxer.hikari.pool.HikariPool.access$100(HikariPool.java:71)
	at com.zaxxer.hikari.pool.HikariPool$PoolEntryCreator.call(HikariPool.java:726)
	at com.zaxxer.hikari.pool.HikariPool$PoolEntryCreator.call(HikariPool.java:712)
	at java.base/java.util.concurrent.FutureTask.run(FutureTask.java:264)
	at java.base/java.util.concurrent.ThreadPoolExecutor.runWorker(ThreadPoolExecutor.java:1136)
	at java.base/java.util.concurrent.ThreadPoolExecutor$Worker.run(ThreadPoolExecutor.java:635)
	at java.base/java.lang.Thread.run(Thread.java:840)
[2024-02-19 13:22:22:1614854] ERROR 9648 --- [nio-8080-exec-6] o.h.e.jdbc.spi.SqlExceptionHelper        : HikariPool-1 - Connection is not available, request timed out after 30009ms.
[2024-02-19 13:22:22:1614855] ERROR 9648 --- [nio-8080-exec-6] o.h.e.jdbc.spi.SqlExceptionHelper        : 치명적오류: "jjeovi" 롤의 최대 동시 접속수를 초과했습니다
[2024-02-19 13:22:22:1614857] ERROR 9648 --- [nio-8080-exec-6] o.a.c.c.C.[.[.[.[dispatcherServlet]      : Servlet.service() for servlet [dispatcherServlet] threw exception
org.postgresql.util.PSQLException: 치명적오류: "jjeovi" 롤의 최대 동시 접속수를 초과했습니다
	at org.postgresql.core.v3.QueryExecutorImpl.receiveErrorResponse(QueryExecutorImpl.java:2675)
	at org.postgresql.core.v3.QueryExecutorImpl.readStartupMessages(QueryExecutorImpl.java:2787)
	at org.postgresql.core.v3.QueryExecutorImpl.<init>(QueryExecutorImpl.java:173)
	at org.postgresql.core.v3.ConnectionFactoryImpl.openConnectionImpl(ConnectionFactoryImpl.java:290)
	at org.postgresql.core.ConnectionFactory.openConnection(ConnectionFactory.java:49)
	at org.postgresql.jdbc.PgConnection.<init>(PgConnection.java:223)
	at org.postgresql.Driver.makeConnection(Driver.java:402)
	at org.postgresql.Driver.connect(Driver.java:261)
	at com.zaxxer.hikari.util.DriverDataSource.getConnection(DriverDataSource.java:138)
	at com.zaxxer.hikari.pool.PoolBase.newConnection(PoolBase.java:364)
	at com.zaxxer.hikari.pool.PoolBase.newPoolEntry(PoolBase.java:206)
	at com.zaxxer.hikari.pool.HikariPool.createPoolEntry(HikariPool.java:476)
	at com.zaxxer.hikari.pool.HikariPool.access$100(HikariPool.java:71)
	at com.zaxxer.hikari.pool.HikariPool$PoolEntryCreator.call(HikariPool.java:726)
	at com.zaxxer.hikari.pool.HikariPool$PoolEntryCreator.call(HikariPool.java:712)
	at java.base/java.util.concurrent.FutureTask.run(FutureTask.java:264)
	at java.base/java.util.concurrent.ThreadPoolExecutor.runWorker(ThreadPoolExecutor.java:1136)
	at java.base/java.util.concurrent.ThreadPoolExecutor$Worker.run(ThreadPoolExecutor.java:635)
	at java.base/java.lang.Thread.run(Thread.java:840)
[2024-02-19 13:22:22:1614860] ERROR 9648 --- [nio-8080-exec-6] o.a.c.c.C.[Tomcat].[localhost]           : Exception Processing ErrorPage[errorCode=0, location=/error]
org.springframework.web.util.NestedServletException: Request processing failed; nested exception is org.springframework.dao.DataAccessResourceFailureException: Unable to acquire JDBC Connection; nested exception is org.hibernate.exception.JDBCConnectionException: Unable to acquire JDBC Connection
	at org.springframework.web.servlet.FrameworkServlet.processRequest(FrameworkServlet.java:1014)
	at org.springframework.web.servlet.FrameworkServlet.doGet(FrameworkServlet.java:898)
	at javax.servlet.http.HttpServlet.service(HttpServlet.java:529)
	at org.springframework.web.servlet.FrameworkServlet.service(FrameworkServlet.java:883)
	at javax.servlet.http.HttpServlet.service(HttpServlet.java:623)
	at org.apache.catalina.core.ApplicationFilterChain.internalDoFilter(ApplicationFilterChain.java:209)
	at org.apache.catalina.core.ApplicationFilterChain.doFilter(ApplicationFilterChain.java:153)
	at org.springframework.security.web.FilterChainProxy$VirtualFilterChain.doFilter(FilterChainProxy.java:337)
	at org.springframework.security.web.access.intercept.FilterSecurityInterceptor.invoke(FilterSecurityInterceptor.java:106)
	at org.springframework.security.web.access.intercept.FilterSecurityInterceptor.doFilter(FilterSecurityInterceptor.java:81)
	at org.springframework.security.web.FilterChainProxy$VirtualFilterChain.doFilter(FilterChainProxy.java:346)
	at org.springframework.security.web.access.ExceptionTranslationFilter.doFilter(ExceptionTranslationFilter.java:122)
	at org.springframework.security.web.access.ExceptionTranslationFilter.doFilter(ExceptionTranslationFilter.java:116)
	at org.springframework.security.web.FilterChainProxy$VirtualFilterChain.doFilter(FilterChainProxy.java:346)
	at org.springframework.security.web.session.SessionManagementFilter.doFilter(SessionManagementFilter.java:87)
	at org.springframework.security.web.session.SessionManagementFilter.doFilter(SessionManagementFilter.java:81)
	at org.springframework.security.web.FilterChainProxy$VirtualFilterChain.doFilter(FilterChainProxy.java:346)
	at org.springframework.security.web.authentication.AnonymousAuthenticationFilter.doFilter(AnonymousAuthenticationFilter.java:109)
	at org.springframework.security.web.FilterChainProxy$VirtualFilterChain.doFilter(FilterChainProxy.java:346)
	at org.springframework.security.web.servletapi.SecurityContextHolderAwareRequestFilter.doFilter(SecurityContextHolderAwareRequestFilter.java:149)
	at org.springframework.security.web.FilterChainProxy$VirtualFilterChain.doFilter(FilterChainProxy.java:346)
	at org.springframework.security.web.savedrequest.RequestCacheAwareFilter.doFilter(RequestCacheAwareFilter.java:63)
	at org.springframework.security.web.FilterChainProxy$VirtualFilterChain.doFilter(FilterChainProxy.java:346)
	at org.springframework.web.filter.OncePerRequestFilter.doFilter(OncePerRequestFilter.java:102)
	at org.springframework.security.web.FilterChainProxy$VirtualFilterChain.doFilter(FilterChainProxy.java:346)
	at org.springframework.security.web.authentication.ui.DefaultLoginPageGeneratingFilter.doFilter(DefaultLoginPageGeneratingFilter.java:237)
	at org.springframework.security.web.authentication.ui.DefaultLoginPageGeneratingFilter.doFilter(DefaultLoginPageGeneratingFilter.java:223)
	at org.springframework.security.web.FilterChainProxy$VirtualFilterChain.doFilter(FilterChainProxy.java:346)
	at org.springframework.security.web.authentication.AbstractAuthenticationProcessingFilter.doFilter(AbstractAuthenticationProcessingFilter.java:223)
	at org.springframework.security.web.authentication.AbstractAuthenticationProcessingFilter.doFilter(AbstractAuthenticationProcessingFilter.java:217)
	at org.springframework.security.web.FilterChainProxy$VirtualFilterChain.doFilter(FilterChainProxy.java:346)
	at org.springframework.security.web.authentication.AbstractAuthenticationProcessingFilter.doFilter(AbstractAuthenticationProcessingFilter.java:223)
	at org.springframework.security.web.authentication.AbstractAuthenticationProcessingFilter.doFilter(AbstractAuthenticationProcessingFilter.java:217)
	at org.springframework.security.web.FilterChainProxy$VirtualFilterChain.doFilter(FilterChainProxy.java:346)
	at org.springframework.web.filter.OncePerRequestFilter.doFilter(OncePerRequestFilter.java:102)
	at org.springframework.security.web.FilterChainProxy$VirtualFilterChain.doFilter(FilterChainProxy.java:346)
	at org.springframework.security.web.authentication.logout.LogoutFilter.doFilter(LogoutFilter.java:103)
	at org.springframework.security.web.authentication.logout.LogoutFilter.doFilter(LogoutFilter.java:89)
	at org.springframework.security.web.FilterChainProxy$VirtualFilterChain.doFilter(FilterChainProxy.java:346)
	at org.springframework.web.filter.OncePerRequestFilter.doFilter(OncePerRequestFilter.java:102)
	at org.springframework.security.web.FilterChainProxy$VirtualFilterChain.doFilter(FilterChainProxy.java:346)
	at org.springframework.web.filter.OncePerRequestFilter.doFilter(OncePerRequestFilter.java:102)
	at org.springframework.security.web.FilterChainProxy$VirtualFilterChain.doFilter(FilterChainProxy.java:346)
	at org.springframework.security.web.context.SecurityContextPersistenceFilter.doFilter(SecurityContextPersistenceFilter.java:112)
	at org.springframework.security.web.context.SecurityContextPersistenceFilter.doFilter(SecurityContextPersistenceFilter.java:82)
	at org.springframework.security.web.FilterChainProxy$VirtualFilterChain.doFilter(FilterChainProxy.java:346)
	at org.springframework.web.filter.OncePerRequestFilter.doFilter(OncePerRequestFilter.java:102)
	at org.springframework.security.web.FilterChainProxy$VirtualFilterChain.doFilter(FilterChainProxy.java:346)
	at org.springframework.web.filter.OncePerRequestFilter.doFilter(OncePerRequestFilter.java:102)
	at org.springframework.security.web.FilterChainProxy$VirtualFilterChain.doFilter(FilterChainProxy.java:346)
	at org.springframework.web.filter.OncePerRequestFilter.doFilter(OncePerRequestFilter.java:102)
	at org.springframework.security.web.FilterChainProxy$VirtualFilterChain.doFilter(FilterChainProxy.java:346)
	at org.springframework.web.filter.OncePerRequestFilter.doFilter(OncePerRequestFilter.java:102)
	at org.springframework.security.web.FilterChainProxy$VirtualFilterChain.doFilter(FilterChainProxy.java:346)
	at org.springframework.security.web.FilterChainProxy.doFilterInternal(FilterChainProxy.java:221)
	at org.springframework.security.web.FilterChainProxy.doFilter(FilterChainProxy.java:186)
	at org.springframework.web.filter.DelegatingFilterProxy.invokeDelegate(DelegatingFilterProxy.java:354)
	at org.springframework.web.filter.DelegatingFilterProxy.doFilter(DelegatingFilterProxy.java:267)
	at org.apache.catalina.core.ApplicationFilterChain.internalDoFilter(ApplicationFilterChain.java:178)
	at org.apache.catalina.core.ApplicationFilterChain.doFilter(ApplicationFilterChain.java:153)
	at org.springframework.web.filter.RequestContextFilter.doFilterInternal(RequestContextFilter.java:100)
	at org.springframework.web.filter.OncePerRequestFilter.doFilter(OncePerRequestFilter.java:117)
	at org.apache.catalina.core.ApplicationFilterChain.internalDoFilter(ApplicationFilterChain.java:178)
	at org.apache.catalina.core.ApplicationFilterChain.doFilter(ApplicationFilterChain.java:153)
	at org.springframework.web.filter.OncePerRequestFilter.doFilter(OncePerRequestFilter.java:102)
	at org.apache.catalina.core.ApplicationFilterChain.internalDoFilter(ApplicationFilterChain.java:178)
	at org.apache.catalina.core.ApplicationFilterChain.doFilter(ApplicationFilterChain.java:153)
	at org.springframework.web.filter.OncePerRequestFilter.doFilter(OncePerRequestFilter.java:102)
	at org.apache.catalina.core.ApplicationFilterChain.internalDoFilter(ApplicationFilterChain.java:178)
	at org.apache.catalina.core.ApplicationFilterChain.doFilter(ApplicationFilterChain.java:153)
	at org.apache.catalina.core.ApplicationDispatcher.invoke(ApplicationDispatcher.java:661)
	at org.apache.catalina.core.ApplicationDispatcher.processRequest(ApplicationDispatcher.java:427)
	at org.apache.catalina.core.ApplicationDispatcher.doForward(ApplicationDispatcher.java:357)
	at org.apache.catalina.core.ApplicationDispatcher.forward(ApplicationDispatcher.java:294)
	at org.apache.catalina.core.StandardHostValve.custom(StandardHostValve.java:377)
	at org.apache.catalina.core.StandardHostValve.status(StandardHostValve.java:237)
	at org.apache.catalina.core.StandardHostValve.throwable(StandardHostValve.java:323)
	at org.apache.catalina.core.StandardHostValve.invoke(StandardHostValve.java:164)
	at org.apache.catalina.valves.ErrorReportValve.invoke(ErrorReportValve.java:93)
	at org.apache.catalina.core.StandardEngineValve.invoke(StandardEngineValve.java:74)
	at org.apache.catalina.connector.CoyoteAdapter.service(CoyoteAdapter.java:342)
	at org.apache.coyote.http11.Http11Processor.service(Http11Processor.java:390)
	at org.apache.coyote.AbstractProcessorLight.process(AbstractProcessorLight.java:63)
	at org.apache.coyote.AbstractProtocol$ConnectionHandler.process(AbstractProtocol.java:928)
	at org.apache.tomcat.util.net.NioEndpoint$SocketProcessor.doRun(NioEndpoint.java:1794)
	at org.apache.tomcat.util.net.SocketProcessorBase.run(SocketProcessorBase.java:52)
	at org.apache.tomcat.util.threads.ThreadPoolExecutor.runWorker(ThreadPoolExecutor.java:1191)
	at org.apache.tomcat.util.threads.ThreadPoolExecutor$Worker.run(ThreadPoolExecutor.java:659)
	at org.apache.tomcat.util.threads.TaskThread$WrappingRunnable.run(TaskThread.java:61)
	at java.base/java.lang.Thread.run(Thread.java:840)
Caused by: org.springframework.dao.DataAccessResourceFailureException: Unable to acquire JDBC Connection; nested exception is org.hibernate.exception.JDBCConnectionException: Unable to acquire JDBC Connection
	at org.springframework.orm.jpa.vendor.HibernateJpaDialect.convertHibernateAccessException(HibernateJpaDialect.java:255)
	at org.springframework.orm.jpa.vendor.HibernateJpaDialect.translateExceptionIfPossible(HibernateJpaDialect.java:233)
	at org.springframework.orm.jpa.AbstractEntityManagerFactoryBean.translateExceptionIfPossible(AbstractEntityManagerFactoryBean.java:551)
	at org.springframework.dao.support.ChainedPersistenceExceptionTranslator.translateExceptionIfPossible(ChainedPersistenceExceptionTranslator.java:61)
	at org.springframework.dao.support.DataAccessUtils.translateIfNecessary(DataAccessUtils.java:243)
	at org.springframework.dao.support.PersistenceExceptionTranslationInterceptor.invoke(PersistenceExceptionTranslationInterceptor.java:152)
	at org.springframework.aop.framework.ReflectiveMethodInvocation.proceed(ReflectiveMethodInvocation.java:186)
	at org.springframework.aop.framework.CglibAopProxy$CglibMethodInvocation.proceed(CglibAopProxy.java:762)
	at org.springframework.cache.interceptor.CacheInterceptor.lambda$invoke$0(CacheInterceptor.java:54)
	at org.springframework.cache.interceptor.CacheAspectSupport.invokeOperation(CacheAspectSupport.java:366)
	at org.springframework.cache.interceptor.CacheAspectSupport.execute(CacheAspectSupport.java:420)
	at org.springframework.cache.interceptor.CacheAspectSupport.execute(CacheAspectSupport.java:345)
	at org.springframework.cache.interceptor.CacheInterceptor.invoke(CacheInterceptor.java:64)
	at org.springframework.aop.framework.ReflectiveMethodInvocation.proceed(ReflectiveMethodInvocation.java:186)
	at org.springframework.aop.framework.CglibAopProxy$CglibMethodInvocation.proceed(CglibAopProxy.java:762)
	at org.springframework.aop.framework.CglibAopProxy$DynamicAdvisedInterceptor.intercept(CglibAopProxy.java:707)
	at com.meta.ponkids.domain.system.menu.repository.impl.MenuRepositoryImpl$$EnhancerBySpringCGLIB$$99b7a21f.findLastUpdtDtUserMenuCache(<generated>)
	at java.base/jdk.internal.reflect.NativeMethodAccessorImpl.invoke0(Native Method)
	at java.base/jdk.internal.reflect.NativeMethodAccessorImpl.invoke(NativeMethodAccessorImpl.java:77)
	at java.base/jdk.internal.reflect.DelegatingMethodAccessorImpl.invoke(DelegatingMethodAccessorImpl.java:43)
	at java.base/java.lang.reflect.Method.invoke(Method.java:568)
	at org.springframework.data.repository.core.support.RepositoryMethodInvoker$RepositoryFragmentMethodInvoker.lambda$new$0(RepositoryMethodInvoker.java:289)
	at org.springframework.data.repository.core.support.RepositoryMethodInvoker.doInvoke(RepositoryMethodInvoker.java:137)
	at org.springframework.data.repository.core.support.RepositoryMethodInvoker.invoke(RepositoryMethodInvoker.java:121)
	at org.springframework.data.repository.core.support.RepositoryComposition$RepositoryFragments.invoke(RepositoryComposition.java:530)
	at org.springframework.data.repository.core.support.RepositoryComposition.invoke(RepositoryComposition.java:286)
	at org.springframework.data.repository.core.support.RepositoryFactorySupport$ImplementationMethodExecutionInterceptor.invoke(RepositoryFactorySupport.java:640)
	at org.springframework.aop.framework.ReflectiveMethodInvocation.proceed(ReflectiveMethodInvocation.java:186)
	at org.springframework.data.repository.core.support.QueryExecutorMethodInterceptor.doInvoke(QueryExecutorMethodInterceptor.java:164)
	at org.springframework.data.repository.core.support.QueryExecutorMethodInterceptor.invoke(QueryExecutorMethodInterceptor.java:139)
	at org.springframework.aop.framework.ReflectiveMethodInvocation.proceed(ReflectiveMethodInvocation.java:186)
	at org.springframework.data.projection.DefaultMethodInvokingMethodInterceptor.invoke(DefaultMethodInvokingMethodInterceptor.java:76)
	at org.springframework.aop.framework.ReflectiveMethodInvocation.proceed(ReflectiveMethodInvocation.java:186)
	at org.springframework.transaction.interceptor.TransactionInterceptor$1.proceedWithInvocation(TransactionInterceptor.java:123)
	at org.springframework.transaction.interceptor.TransactionAspectSupport.invokeWithinTransaction(TransactionAspectSupport.java:388)
	at org.springframework.transaction.interceptor.TransactionInterceptor.invoke(TransactionInterceptor.java:119)
	at org.springframework.aop.framework.ReflectiveMethodInvocation.proceed(ReflectiveMethodInvocation.java:186)
	at org.springframework.dao.support.PersistenceExceptionTranslationInterceptor.invoke(PersistenceExceptionTranslationInterceptor.java:137)
	at org.springframework.aop.framework.ReflectiveMethodInvocation.proceed(ReflectiveMethodInvocation.java:186)
	at org.springframework.data.jpa.repository.support.CrudMethodMetadataPostProcessor$CrudMethodMetadataPopulatingMethodInterceptor.invoke(CrudMethodMetadataPostProcessor.java:174)
	at org.springframework.aop.framework.ReflectiveMethodInvocation.proceed(ReflectiveMethodInvocation.java:186)
	at org.springframework.aop.interceptor.ExposeInvocationInterceptor.invoke(ExposeInvocationInterceptor.java:97)
	at org.springframework.aop.framework.ReflectiveMethodInvocation.proceed(ReflectiveMethodInvocation.java:186)
	at org.springframework.aop.framework.JdkDynamicAopProxy.invoke(JdkDynamicAopProxy.java:241)
	at jdk.proxy3/jdk.proxy3.$Proxy184.findLastUpdtDtUserMenuCache(Unknown Source)
	at java.base/jdk.internal.reflect.NativeMethodAccessorImpl.invoke0(Native Method)
	at java.base/jdk.internal.reflect.NativeMethodAccessorImpl.invoke(NativeMethodAccessorImpl.java:77)
	at java.base/jdk.internal.reflect.DelegatingMethodAccessorImpl.invoke(DelegatingMethodAccessorImpl.java:43)
	at java.base/java.lang.reflect.Method.invoke(Method.java:568)
	at org.springframework.aop.support.AopUtils.invokeJoinpointUsingReflection(AopUtils.java:344)
	at org.springframework.aop.framework.ReflectiveMethodInvocation.invokeJoinpoint(ReflectiveMethodInvocation.java:198)
	at org.springframework.aop.framework.ReflectiveMethodInvocation.proceed(ReflectiveMethodInvocation.java:163)
	at org.springframework.cache.interceptor.CacheInterceptor.lambda$invoke$0(CacheInterceptor.java:54)
	at org.springframework.cache.interceptor.CacheAspectSupport.invokeOperation(CacheAspectSupport.java:366)
	at org.springframework.cache.interceptor.CacheAspectSupport.execute(CacheAspectSupport.java:420)
	at org.springframework.cache.interceptor.CacheAspectSupport.execute(CacheAspectSupport.java:345)
	at org.springframework.cache.interceptor.CacheInterceptor.invoke(CacheInterceptor.java:64)
	at org.springframework.aop.framework.ReflectiveMethodInvocation.proceed(ReflectiveMethodInvocation.java:186)
	at org.springframework.aop.framework.JdkDynamicAopProxy.invoke(JdkDynamicAopProxy.java:241)
	at jdk.proxy3/jdk.proxy3.$Proxy184.findLastUpdtDtUserMenuCache(Unknown Source)
	at com.meta.ponkids.domain.system.menu.service.MenuService.getUserMenuList(MenuService.java:159)
	at com.meta.ponkids.domain.system.menu.service.MenuService$$FastClassBySpringCGLIB$$3064e131.invoke(<generated>)
	at org.springframework.cglib.proxy.MethodProxy.invoke(MethodProxy.java:218)
	at org.springframework.aop.framework.CglibAopProxy.invokeMethod(CglibAopProxy.java:386)
	at org.springframework.aop.framework.CglibAopProxy.access$000(CglibAopProxy.java:85)
	at org.springframework.aop.framework.CglibAopProxy$DynamicAdvisedInterceptor.intercept(CglibAopProxy.java:703)
	at com.meta.ponkids.domain.system.menu.service.MenuService$$EnhancerBySpringCGLIB$$c6d85745.getUserMenuList(<generated>)
	at com.meta.ponkids.global.config.interceptor.MenuInterceptor.postHandle(MenuInterceptor.java:34)
	at org.springframework.web.servlet.HandlerExecutionChain.applyPostHandle(HandlerExecutionChain.java:165)
	at org.springframework.web.servlet.DispatcherServlet.doDispatch(DispatcherServlet.java:1079)
	at org.springframework.web.servlet.DispatcherServlet.doService(DispatcherServlet.java:965)
	at org.springframework.web.servlet.FrameworkServlet.processRequest(FrameworkServlet.java:1006)
	... 89 common frames omitted
Caused by: org.hibernate.exception.JDBCConnectionException: Unable to acquire JDBC Connection
	at org.hibernate.exception.internal.SQLExceptionTypeDelegate.convert(SQLExceptionTypeDelegate.java:48)
	at org.hibernate.exception.internal.StandardSQLExceptionConverter.convert(StandardSQLExceptionConverter.java:37)
	at org.hibernate.engine.jdbc.spi.SqlExceptionHelper.convert(SqlExceptionHelper.java:113)
	at org.hibernate.engine.jdbc.spi.SqlExceptionHelper.convert(SqlExceptionHelper.java:99)
	at org.hibernate.resource.jdbc.internal.LogicalConnectionManagedImpl.acquireConnectionIfNeeded(LogicalConnectionManagedImpl.java:111)
	at org.hibernate.resource.jdbc.internal.LogicalConnectionManagedImpl.getPhysicalConnection(LogicalConnectionManagedImpl.java:138)
	at org.hibernate.engine.jdbc.internal.StatementPreparerImpl.connection(StatementPreparerImpl.java:50)
	at org.hibernate.engine.jdbc.internal.StatementPreparerImpl$5.doPrepare(StatementPreparerImpl.java:149)
	at org.hibernate.engine.jdbc.internal.StatementPreparerImpl$StatementPreparationTemplate.prepareStatement(StatementPreparerImpl.java:176)
	at org.hibernate.engine.jdbc.internal.StatementPreparerImpl.prepareQueryStatement(StatementPreparerImpl.java:151)
	at org.hibernate.loader.Loader.prepareQueryStatement(Loader.java:2122)
	at org.hibernate.loader.Loader.executeQueryStatement(Loader.java:2059)
	at org.hibernate.loader.Loader.executeQueryStatement(Loader.java:2037)
	at org.hibernate.loader.Loader.doQuery(Loader.java:956)
	at org.hibernate.loader.Loader.doQueryAndInitializeNonLazyCollections(Loader.java:357)
	at org.hibernate.loader.Loader.doList(Loader.java:2868)
	at org.hibernate.loader.Loader.doList(Loader.java:2850)
	at org.hibernate.loader.Loader.listIgnoreQueryCache(Loader.java:2682)
	at org.hibernate.loader.Loader.list(Loader.java:2677)
	at org.hibernate.loader.hql.QueryLoader.list(QueryLoader.java:540)
	at org.hibernate.hql.internal.ast.QueryTranslatorImpl.list(QueryTranslatorImpl.java:400)
	at org.hibernate.engine.query.spi.HQLQueryPlan.performList(HQLQueryPlan.java:218)
	at org.hibernate.internal.SessionImpl.list(SessionImpl.java:1459)
	at org.hibernate.query.internal.AbstractProducedQuery.doList(AbstractProducedQuery.java:1649)
	at org.hibernate.query.internal.AbstractProducedQuery.list(AbstractProducedQuery.java:1617)
	at org.hibernate.query.internal.AbstractProducedQuery.getSingleResult(AbstractProducedQuery.java:1665)
	at com.querydsl.jpa.impl.AbstractJPAQuery.getSingleResult(AbstractJPAQuery.java:214)
	at com.querydsl.jpa.impl.AbstractJPAQuery.fetchOne(AbstractJPAQuery.java:326)
	at com.querydsl.core.support.FetchableQueryBase.fetchFirst(FetchableQueryBase.java:51)
	at com.meta.ponkids.domain.system.menu.repository.impl.MenuRepositoryImpl.findLastUpdtDtUserMenu(MenuRepositoryImpl.java:346)
	at com.meta.ponkids.domain.system.menu.repository.impl.MenuRepositoryImpl.findLastUpdtDtUserMenuCache(MenuRepositoryImpl.java:352)
	at com.meta.ponkids.domain.system.menu.repository.impl.MenuRepositoryImpl$$FastClassBySpringCGLIB$$892bba9f.invoke(<generated>)
	at org.springframework.cglib.proxy.MethodProxy.invoke(MethodProxy.java:218)
	at org.springframework.aop.framework.CglibAopProxy$CglibMethodInvocation.invokeJoinpoint(CglibAopProxy.java:792)
	at org.springframework.aop.framework.ReflectiveMethodInvocation.proceed(ReflectiveMethodInvocation.java:163)
	at org.springframework.aop.framework.CglibAopProxy$CglibMethodInvocation.proceed(CglibAopProxy.java:762)
	at org.springframework.dao.support.PersistenceExceptionTranslationInterceptor.invoke(PersistenceExceptionTranslationInterceptor.java:137)
	... 155 common frames omitted
Caused by: java.sql.SQLTransientConnectionException: HikariPool-1 - Connection is not available, request timed out after 30009ms.
	at com.zaxxer.hikari.pool.HikariPool.createTimeoutException(HikariPool.java:696)
	at com.zaxxer.hikari.pool.HikariPool.getConnection(HikariPool.java:197)
	at com.zaxxer.hikari.pool.HikariPool.getConnection(HikariPool.java:162)
	at com.zaxxer.hikari.HikariDataSource.getConnection(HikariDataSource.java:128)
	at com.p6spy.engine.spy.P6DataSource.getConnection(P6DataSource.java:300)
	at org.springframework.jdbc.datasource.DelegatingDataSource.getConnection(DelegatingDataSource.java:99)
	at org.hibernate.engine.jdbc.connections.internal.DatasourceConnectionProviderImpl.getConnection(DatasourceConnectionProviderImpl.java:122)
	at org.hibernate.internal.NonContextualJdbcConnectionAccess.obtainConnection(NonContextualJdbcConnectionAccess.java:38)
	at org.hibernate.resource.jdbc.internal.LogicalConnectionManagedImpl.acquireConnectionIfNeeded(LogicalConnectionManagedImpl.java:108)
	... 187 common frames omitted
Caused by: org.postgresql.util.PSQLException: 치명적오류: "jjeovi" 롤의 최대 동시 접속수를 초과했습니다
	at org.postgresql.core.v3.QueryExecutorImpl.receiveErrorResponse(QueryExecutorImpl.java:2675)
	at org.postgresql.core.v3.QueryExecutorImpl.readStartupMessages(QueryExecutorImpl.java:2787)
	at org.postgresql.core.v3.QueryExecutorImpl.<init>(QueryExecutorImpl.java:173)
	at org.postgresql.core.v3.ConnectionFactoryImpl.openConnectionImpl(ConnectionFactoryImpl.java:290)
	at org.postgresql.core.ConnectionFactory.openConnection(ConnectionFactory.java:49)
	at org.postgresql.jdbc.PgConnection.<init>(PgConnection.java:223)
	at org.postgresql.Driver.makeConnection(Driver.java:402)
	at org.postgresql.Driver.connect(Driver.java:261)
	at com.zaxxer.hikari.util.DriverDataSource.getConnection(DriverDataSource.java:138)
	at com.zaxxer.hikari.pool.PoolBase.newConnection(PoolBase.java:364)
	at com.zaxxer.hikari.pool.PoolBase.newPoolEntry(PoolBase.java:206)
	at com.zaxxer.hikari.pool.HikariPool.createPoolEntry(HikariPool.java:476)
	at com.zaxxer.hikari.pool.HikariPool.access$100(HikariPool.java:71)
	at com.zaxxer.hikari.pool.HikariPool$PoolEntryCreator.call(HikariPool.java:726)
	at com.zaxxer.hikari.pool.HikariPool$PoolEntryCreator.call(HikariPool.java:712)
	at java.base/java.util.concurrent.FutureTask.run(FutureTask.java:264)
	at java.base/java.util.concurrent.ThreadPoolExecutor.runWorker(ThreadPoolExecutor.java:1136)
	at java.base/java.util.concurrent.ThreadPoolExecutor$Worker.run(ThreadPoolExecutor.java:635)
	... 1 common frames omitted
[2024-02-19 15:05:07:1047724] ERROR 33736 --- [nio-8080-exec-1] o.h.e.jdbc.spi.SqlExceptionHelper        : HikariPool-1 - Connection is not available, request timed out after 30011ms.
[2024-02-19 15:05:07:1047727] ERROR 33736 --- [nio-8080-exec-1] o.h.e.jdbc.spi.SqlExceptionHelper        : The connection attempt failed.
[2024-02-19 15:05:07:1047758] ERROR 33736 --- [nio-8080-exec-1] o.a.c.c.C.[.[.[.[dispatcherServlet]      : Servlet.service() for servlet [dispatcherServlet] in context with path [] threw exception [Request processing failed; nested exception is org.springframework.dao.DataAccessResourceFailureException: Unable to acquire JDBC Connection; nested exception is org.hibernate.exception.JDBCConnectionException: Unable to acquire JDBC Connection] with root cause
java.net.UnknownHostException: db.jjeovi.gabia.io
	at java.base/sun.nio.ch.NioSocketImpl.connect(NioSocketImpl.java:572)
	at java.base/java.net.SocksSocketImpl.connect(SocksSocketImpl.java:327)
	at java.base/java.net.Socket.connect(Socket.java:633)
	at org.postgresql.core.PGStream.createSocket(PGStream.java:241)
	at org.postgresql.core.PGStream.<init>(PGStream.java:98)
	at org.postgresql.core.v3.ConnectionFactoryImpl.tryConnect(ConnectionFactoryImpl.java:109)
	at org.postgresql.core.v3.ConnectionFactoryImpl.openConnectionImpl(ConnectionFactoryImpl.java:235)
	at org.postgresql.core.ConnectionFactory.openConnection(ConnectionFactory.java:49)
	at org.postgresql.jdbc.PgConnection.<init>(PgConnection.java:223)
	at org.postgresql.Driver.makeConnection(Driver.java:402)
	at org.postgresql.Driver.connect(Driver.java:261)
	at com.zaxxer.hikari.util.DriverDataSource.getConnection(DriverDataSource.java:138)
	at com.zaxxer.hikari.pool.PoolBase.newConnection(PoolBase.java:364)
	at com.zaxxer.hikari.pool.PoolBase.newPoolEntry(PoolBase.java:206)
	at com.zaxxer.hikari.pool.HikariPool.createPoolEntry(HikariPool.java:476)
	at com.zaxxer.hikari.pool.HikariPool.access$100(HikariPool.java:71)
	at com.zaxxer.hikari.pool.HikariPool$PoolEntryCreator.call(HikariPool.java:726)
	at com.zaxxer.hikari.pool.HikariPool$PoolEntryCreator.call(HikariPool.java:712)
	at java.base/java.util.concurrent.FutureTask.run(FutureTask.java:264)
	at java.base/java.util.concurrent.ThreadPoolExecutor.runWorker(ThreadPoolExecutor.java:1136)
	at java.base/java.util.concurrent.ThreadPoolExecutor$Worker.run(ThreadPoolExecutor.java:635)
	at java.base/java.lang.Thread.run(Thread.java:840)
[2024-02-19 15:05:09:1049519] ERROR 33736 --- [nio-8080-exec-2] o.h.e.jdbc.spi.SqlExceptionHelper        : HikariPool-1 - Connection is not available, request timed out after 30015ms.
[2024-02-19 15:05:09:1049520] ERROR 33736 --- [nio-8080-exec-2] o.h.e.jdbc.spi.SqlExceptionHelper        : The connection attempt failed.
[2024-02-19 15:05:09:1049523] ERROR 33736 --- [nio-8080-exec-2] o.a.c.c.C.[.[.[.[dispatcherServlet]      : Servlet.service() for servlet [dispatcherServlet] in context with path [] threw exception [Request processing failed; nested exception is org.springframework.dao.DataAccessResourceFailureException: Unable to acquire JDBC Connection; nested exception is org.hibernate.exception.JDBCConnectionException: Unable to acquire JDBC Connection] with root cause
java.net.UnknownHostException: db.jjeovi.gabia.io
	at java.base/sun.nio.ch.NioSocketImpl.connect(NioSocketImpl.java:572)
	at java.base/java.net.SocksSocketImpl.connect(SocksSocketImpl.java:327)
	at java.base/java.net.Socket.connect(Socket.java:633)
	at org.postgresql.core.PGStream.createSocket(PGStream.java:241)
	at org.postgresql.core.PGStream.<init>(PGStream.java:98)
	at org.postgresql.core.v3.ConnectionFactoryImpl.tryConnect(ConnectionFactoryImpl.java:109)
	at org.postgresql.core.v3.ConnectionFactoryImpl.openConnectionImpl(ConnectionFactoryImpl.java:235)
	at org.postgresql.core.ConnectionFactory.openConnection(ConnectionFactory.java:49)
	at org.postgresql.jdbc.PgConnection.<init>(PgConnection.java:223)
	at org.postgresql.Driver.makeConnection(Driver.java:402)
	at org.postgresql.Driver.connect(Driver.java:261)
	at com.zaxxer.hikari.util.DriverDataSource.getConnection(DriverDataSource.java:138)
	at com.zaxxer.hikari.pool.PoolBase.newConnection(PoolBase.java:364)
	at com.zaxxer.hikari.pool.PoolBase.newPoolEntry(PoolBase.java:206)
	at com.zaxxer.hikari.pool.HikariPool.createPoolEntry(HikariPool.java:476)
	at com.zaxxer.hikari.pool.HikariPool.access$100(HikariPool.java:71)
	at com.zaxxer.hikari.pool.HikariPool$PoolEntryCreator.call(HikariPool.java:726)
	at com.zaxxer.hikari.pool.HikariPool$PoolEntryCreator.call(HikariPool.java:712)
	at java.base/java.util.concurrent.FutureTask.run(FutureTask.java:264)
	at java.base/java.util.concurrent.ThreadPoolExecutor.runWorker(ThreadPoolExecutor.java:1136)
	at java.base/java.util.concurrent.ThreadPoolExecutor$Worker.run(ThreadPoolExecutor.java:635)
	at java.base/java.lang.Thread.run(Thread.java:840)
[2024-02-19 15:05:11:1051640] ERROR 33736 --- [nio-8080-exec-3] o.h.e.jdbc.spi.SqlExceptionHelper        : HikariPool-1 - Connection is not available, request timed out after 30002ms.
[2024-02-19 15:05:11:1051641] ERROR 33736 --- [nio-8080-exec-3] o.h.e.jdbc.spi.SqlExceptionHelper        : 치명적오류: "jjeovi" 롤의 최대 동시 접속수를 초과했습니다
[2024-02-19 15:05:11:1051647] ERROR 33736 --- [nio-8080-exec-3] o.a.c.c.C.[.[.[.[dispatcherServlet]      : Servlet.service() for servlet [dispatcherServlet] in context with path [] threw exception [Request processing failed; nested exception is org.springframework.dao.DataAccessResourceFailureException: Unable to acquire JDBC Connection; nested exception is org.hibernate.exception.JDBCConnectionException: Unable to acquire JDBC Connection] with root cause
org.postgresql.util.PSQLException: 치명적오류: "jjeovi" 롤의 최대 동시 접속수를 초과했습니다
	at org.postgresql.core.v3.QueryExecutorImpl.receiveErrorResponse(QueryExecutorImpl.java:2675)
	at org.postgresql.core.v3.QueryExecutorImpl.readStartupMessages(QueryExecutorImpl.java:2787)
	at org.postgresql.core.v3.QueryExecutorImpl.<init>(QueryExecutorImpl.java:173)
	at org.postgresql.core.v3.ConnectionFactoryImpl.openConnectionImpl(ConnectionFactoryImpl.java:290)
	at org.postgresql.core.ConnectionFactory.openConnection(ConnectionFactory.java:49)
	at org.postgresql.jdbc.PgConnection.<init>(PgConnection.java:223)
	at org.postgresql.Driver.makeConnection(Driver.java:402)
	at org.postgresql.Driver.connect(Driver.java:261)
	at com.zaxxer.hikari.util.DriverDataSource.getConnection(DriverDataSource.java:138)
	at com.zaxxer.hikari.pool.PoolBase.newConnection(PoolBase.java:364)
	at com.zaxxer.hikari.pool.PoolBase.newPoolEntry(PoolBase.java:206)
	at com.zaxxer.hikari.pool.HikariPool.createPoolEntry(HikariPool.java:476)
	at com.zaxxer.hikari.pool.HikariPool.access$100(HikariPool.java:71)
	at com.zaxxer.hikari.pool.HikariPool$PoolEntryCreator.call(HikariPool.java:726)
	at com.zaxxer.hikari.pool.HikariPool$PoolEntryCreator.call(HikariPool.java:712)
	at java.base/java.util.concurrent.FutureTask.run(FutureTask.java:264)
	at java.base/java.util.concurrent.ThreadPoolExecutor.runWorker(ThreadPoolExecutor.java:1136)
	at java.base/java.util.concurrent.ThreadPoolExecutor$Worker.run(ThreadPoolExecutor.java:635)
	at java.base/java.lang.Thread.run(Thread.java:840)
[2024-02-19 15:05:12:1052844] ERROR 33736 --- [nio-8080-exec-4] o.h.e.jdbc.spi.SqlExceptionHelper        : HikariPool-1 - Connection is not available, request timed out after 30009ms.
[2024-02-19 15:05:12:1052845] ERROR 33736 --- [nio-8080-exec-4] o.h.e.jdbc.spi.SqlExceptionHelper        : 치명적오류: "jjeovi" 롤의 최대 동시 접속수를 초과했습니다
[2024-02-19 15:05:12:1052849] ERROR 33736 --- [nio-8080-exec-4] o.a.c.c.C.[.[.[.[dispatcherServlet]      : Servlet.service() for servlet [dispatcherServlet] in context with path [] threw exception [Request processing failed; nested exception is org.springframework.dao.DataAccessResourceFailureException: Unable to acquire JDBC Connection; nested exception is org.hibernate.exception.JDBCConnectionException: Unable to acquire JDBC Connection] with root cause
org.postgresql.util.PSQLException: 치명적오류: "jjeovi" 롤의 최대 동시 접속수를 초과했습니다
	at org.postgresql.core.v3.QueryExecutorImpl.receiveErrorResponse(QueryExecutorImpl.java:2675)
	at org.postgresql.core.v3.QueryExecutorImpl.readStartupMessages(QueryExecutorImpl.java:2787)
	at org.postgresql.core.v3.QueryExecutorImpl.<init>(QueryExecutorImpl.java:173)
	at org.postgresql.core.v3.ConnectionFactoryImpl.openConnectionImpl(ConnectionFactoryImpl.java:290)
	at org.postgresql.core.ConnectionFactory.openConnection(ConnectionFactory.java:49)
	at org.postgresql.jdbc.PgConnection.<init>(PgConnection.java:223)
	at org.postgresql.Driver.makeConnection(Driver.java:402)
	at org.postgresql.Driver.connect(Driver.java:261)
	at com.zaxxer.hikari.util.DriverDataSource.getConnection(DriverDataSource.java:138)
	at com.zaxxer.hikari.pool.PoolBase.newConnection(PoolBase.java:364)
	at com.zaxxer.hikari.pool.PoolBase.newPoolEntry(PoolBase.java:206)
	at com.zaxxer.hikari.pool.HikariPool.createPoolEntry(HikariPool.java:476)
	at com.zaxxer.hikari.pool.HikariPool.access$100(HikariPool.java:71)
	at com.zaxxer.hikari.pool.HikariPool$PoolEntryCreator.call(HikariPool.java:726)
	at com.zaxxer.hikari.pool.HikariPool$PoolEntryCreator.call(HikariPool.java:712)
	at java.base/java.util.concurrent.FutureTask.run(FutureTask.java:264)
	at java.base/java.util.concurrent.ThreadPoolExecutor.runWorker(ThreadPoolExecutor.java:1136)
	at java.base/java.util.concurrent.ThreadPoolExecutor$Worker.run(ThreadPoolExecutor.java:635)
	at java.base/java.lang.Thread.run(Thread.java:840)
[2024-02-19 15:05:14:1055089] ERROR 33736 --- [nio-8080-exec-5] o.h.e.jdbc.spi.SqlExceptionHelper        : HikariPool-1 - Connection is not available, request timed out after 30014ms.
[2024-02-19 15:05:14:1055090] ERROR 33736 --- [nio-8080-exec-5] o.h.e.jdbc.spi.SqlExceptionHelper        : 치명적오류: "jjeovi" 롤의 최대 동시 접속수를 초과했습니다
[2024-02-19 15:05:14:1055092] ERROR 33736 --- [nio-8080-exec-5] o.a.c.c.C.[.[.[.[dispatcherServlet]      : Servlet.service() for servlet [dispatcherServlet] in context with path [] threw exception [Request processing failed; nested exception is org.springframework.dao.DataAccessResourceFailureException: Unable to acquire JDBC Connection; nested exception is org.hibernate.exception.JDBCConnectionException: Unable to acquire JDBC Connection] with root cause
org.postgresql.util.PSQLException: 치명적오류: "jjeovi" 롤의 최대 동시 접속수를 초과했습니다
	at org.postgresql.core.v3.QueryExecutorImpl.receiveErrorResponse(QueryExecutorImpl.java:2675)
	at org.postgresql.core.v3.QueryExecutorImpl.readStartupMessages(QueryExecutorImpl.java:2787)
	at org.postgresql.core.v3.QueryExecutorImpl.<init>(QueryExecutorImpl.java:173)
	at org.postgresql.core.v3.ConnectionFactoryImpl.openConnectionImpl(ConnectionFactoryImpl.java:290)
	at org.postgresql.core.ConnectionFactory.openConnection(ConnectionFactory.java:49)
	at org.postgresql.jdbc.PgConnection.<init>(PgConnection.java:223)
	at org.postgresql.Driver.makeConnection(Driver.java:402)
	at org.postgresql.Driver.connect(Driver.java:261)
	at com.zaxxer.hikari.util.DriverDataSource.getConnection(DriverDataSource.java:138)
	at com.zaxxer.hikari.pool.PoolBase.newConnection(PoolBase.java:364)
	at com.zaxxer.hikari.pool.PoolBase.newPoolEntry(PoolBase.java:206)
	at com.zaxxer.hikari.pool.HikariPool.createPoolEntry(HikariPool.java:476)
	at com.zaxxer.hikari.pool.HikariPool.access$100(HikariPool.java:71)
	at com.zaxxer.hikari.pool.HikariPool$PoolEntryCreator.call(HikariPool.java:726)
	at com.zaxxer.hikari.pool.HikariPool$PoolEntryCreator.call(HikariPool.java:712)
	at java.base/java.util.concurrent.FutureTask.run(FutureTask.java:264)
	at java.base/java.util.concurrent.ThreadPoolExecutor.runWorker(ThreadPoolExecutor.java:1136)
	at java.base/java.util.concurrent.ThreadPoolExecutor$Worker.run(ThreadPoolExecutor.java:635)
	at java.base/java.lang.Thread.run(Thread.java:840)
[2024-02-19 15:05:37:1077857] ERROR 33736 --- [nio-8080-exec-1] o.h.e.jdbc.spi.SqlExceptionHelper        : HikariPool-1 - Connection is not available, request timed out after 30002ms.
[2024-02-19 15:05:37:1077859] ERROR 33736 --- [nio-8080-exec-1] o.h.e.jdbc.spi.SqlExceptionHelper        : 치명적오류: "jjeovi" 롤의 최대 동시 접속수를 초과했습니다
[2024-02-19 15:05:37:1077866] ERROR 33736 --- [nio-8080-exec-1] o.a.c.c.C.[.[.[.[dispatcherServlet]      : Servlet.service() for servlet [dispatcherServlet] threw exception
org.postgresql.util.PSQLException: 치명적오류: "jjeovi" 롤의 최대 동시 접속수를 초과했습니다
	at org.postgresql.core.v3.QueryExecutorImpl.receiveErrorResponse(QueryExecutorImpl.java:2675)
	at org.postgresql.core.v3.QueryExecutorImpl.readStartupMessages(QueryExecutorImpl.java:2787)
	at org.postgresql.core.v3.QueryExecutorImpl.<init>(QueryExecutorImpl.java:173)
	at org.postgresql.core.v3.ConnectionFactoryImpl.openConnectionImpl(ConnectionFactoryImpl.java:290)
	at org.postgresql.core.ConnectionFactory.openConnection(ConnectionFactory.java:49)
	at org.postgresql.jdbc.PgConnection.<init>(PgConnection.java:223)
	at org.postgresql.Driver.makeConnection(Driver.java:402)
	at org.postgresql.Driver.connect(Driver.java:261)
	at com.zaxxer.hikari.util.DriverDataSource.getConnection(DriverDataSource.java:138)
	at com.zaxxer.hikari.pool.PoolBase.newConnection(PoolBase.java:364)
	at com.zaxxer.hikari.pool.PoolBase.newPoolEntry(PoolBase.java:206)
	at com.zaxxer.hikari.pool.HikariPool.createPoolEntry(HikariPool.java:476)
	at com.zaxxer.hikari.pool.HikariPool.access$100(HikariPool.java:71)
	at com.zaxxer.hikari.pool.HikariPool$PoolEntryCreator.call(HikariPool.java:726)
	at com.zaxxer.hikari.pool.HikariPool$PoolEntryCreator.call(HikariPool.java:712)
	at java.base/java.util.concurrent.FutureTask.run(FutureTask.java:264)
	at java.base/java.util.concurrent.ThreadPoolExecutor.runWorker(ThreadPoolExecutor.java:1136)
	at java.base/java.util.concurrent.ThreadPoolExecutor$Worker.run(ThreadPoolExecutor.java:635)
	at java.base/java.lang.Thread.run(Thread.java:840)
[2024-02-19 15:05:37:1077873] ERROR 33736 --- [nio-8080-exec-1] o.a.c.c.C.[Tomcat].[localhost]           : Exception Processing ErrorPage[errorCode=0, location=/error]
org.springframework.web.util.NestedServletException: Request processing failed; nested exception is org.springframework.dao.DataAccessResourceFailureException: Unable to acquire JDBC Connection; nested exception is org.hibernate.exception.JDBCConnectionException: Unable to acquire JDBC Connection
	at org.springframework.web.servlet.FrameworkServlet.processRequest(FrameworkServlet.java:1014)
	at org.springframework.web.servlet.FrameworkServlet.doGet(FrameworkServlet.java:898)
	at javax.servlet.http.HttpServlet.service(HttpServlet.java:529)
	at org.springframework.web.servlet.FrameworkServlet.service(FrameworkServlet.java:883)
	at javax.servlet.http.HttpServlet.service(HttpServlet.java:623)
	at org.apache.catalina.core.ApplicationFilterChain.internalDoFilter(ApplicationFilterChain.java:209)
	at org.apache.catalina.core.ApplicationFilterChain.doFilter(ApplicationFilterChain.java:153)
	at org.springframework.security.web.FilterChainProxy$VirtualFilterChain.doFilter(FilterChainProxy.java:337)
	at org.springframework.security.web.access.intercept.FilterSecurityInterceptor.invoke(FilterSecurityInterceptor.java:106)
	at org.springframework.security.web.access.intercept.FilterSecurityInterceptor.doFilter(FilterSecurityInterceptor.java:81)
	at org.springframework.security.web.FilterChainProxy$VirtualFilterChain.doFilter(FilterChainProxy.java:346)
	at org.springframework.security.web.access.ExceptionTranslationFilter.doFilter(ExceptionTranslationFilter.java:122)
	at org.springframework.security.web.access.ExceptionTranslationFilter.doFilter(ExceptionTranslationFilter.java:116)
	at org.springframework.security.web.FilterChainProxy$VirtualFilterChain.doFilter(FilterChainProxy.java:346)
	at org.springframework.security.web.session.SessionManagementFilter.doFilter(SessionManagementFilter.java:87)
	at org.springframework.security.web.session.SessionManagementFilter.doFilter(SessionManagementFilter.java:81)
	at org.springframework.security.web.FilterChainProxy$VirtualFilterChain.doFilter(FilterChainProxy.java:346)
	at org.springframework.security.web.authentication.AnonymousAuthenticationFilter.doFilter(AnonymousAuthenticationFilter.java:109)
	at org.springframework.security.web.FilterChainProxy$VirtualFilterChain.doFilter(FilterChainProxy.java:346)
	at org.springframework.security.web.servletapi.SecurityContextHolderAwareRequestFilter.doFilter(SecurityContextHolderAwareRequestFilter.java:149)
	at org.springframework.security.web.FilterChainProxy$VirtualFilterChain.doFilter(FilterChainProxy.java:346)
	at org.springframework.security.web.savedrequest.RequestCacheAwareFilter.doFilter(RequestCacheAwareFilter.java:63)
	at org.springframework.security.web.FilterChainProxy$VirtualFilterChain.doFilter(FilterChainProxy.java:346)
	at org.springframework.web.filter.OncePerRequestFilter.doFilter(OncePerRequestFilter.java:102)
	at org.springframework.security.web.FilterChainProxy$VirtualFilterChain.doFilter(FilterChainProxy.java:346)
	at org.springframework.security.web.authentication.ui.DefaultLoginPageGeneratingFilter.doFilter(DefaultLoginPageGeneratingFilter.java:237)
	at org.springframework.security.web.authentication.ui.DefaultLoginPageGeneratingFilter.doFilter(DefaultLoginPageGeneratingFilter.java:223)
	at org.springframework.security.web.FilterChainProxy$VirtualFilterChain.doFilter(FilterChainProxy.java:346)
	at org.springframework.security.web.authentication.AbstractAuthenticationProcessingFilter.doFilter(AbstractAuthenticationProcessingFilter.java:223)
	at org.springframework.security.web.authentication.AbstractAuthenticationProcessingFilter.doFilter(AbstractAuthenticationProcessingFilter.java:217)
	at org.springframework.security.web.FilterChainProxy$VirtualFilterChain.doFilter(FilterChainProxy.java:346)
	at org.springframework.security.web.authentication.AbstractAuthenticationProcessingFilter.doFilter(AbstractAuthenticationProcessingFilter.java:223)
	at org.springframework.security.web.authentication.AbstractAuthenticationProcessingFilter.doFilter(AbstractAuthenticationProcessingFilter.java:217)
	at org.springframework.security.web.FilterChainProxy$VirtualFilterChain.doFilter(FilterChainProxy.java:346)
	at org.springframework.web.filter.OncePerRequestFilter.doFilter(OncePerRequestFilter.java:102)
	at org.springframework.security.web.FilterChainProxy$VirtualFilterChain.doFilter(FilterChainProxy.java:346)
	at org.springframework.security.web.authentication.logout.LogoutFilter.doFilter(LogoutFilter.java:103)
	at org.springframework.security.web.authentication.logout.LogoutFilter.doFilter(LogoutFilter.java:89)
	at org.springframework.security.web.FilterChainProxy$VirtualFilterChain.doFilter(FilterChainProxy.java:346)
	at org.springframework.web.filter.OncePerRequestFilter.doFilter(OncePerRequestFilter.java:102)
	at org.springframework.security.web.FilterChainProxy$VirtualFilterChain.doFilter(FilterChainProxy.java:346)
	at org.springframework.web.filter.OncePerRequestFilter.doFilter(OncePerRequestFilter.java:102)
	at org.springframework.security.web.FilterChainProxy$VirtualFilterChain.doFilter(FilterChainProxy.java:346)
	at org.springframework.security.web.context.SecurityContextPersistenceFilter.doFilter(SecurityContextPersistenceFilter.java:112)
	at org.springframework.security.web.context.SecurityContextPersistenceFilter.doFilter(SecurityContextPersistenceFilter.java:82)
	at org.springframework.security.web.FilterChainProxy$VirtualFilterChain.doFilter(FilterChainProxy.java:346)
	at org.springframework.web.filter.OncePerRequestFilter.doFilter(OncePerRequestFilter.java:102)
	at org.springframework.security.web.FilterChainProxy$VirtualFilterChain.doFilter(FilterChainProxy.java:346)
	at org.springframework.web.filter.OncePerRequestFilter.doFilter(OncePerRequestFilter.java:102)
	at org.springframework.security.web.FilterChainProxy$VirtualFilterChain.doFilter(FilterChainProxy.java:346)
	at org.springframework.web.filter.OncePerRequestFilter.doFilter(OncePerRequestFilter.java:102)
	at org.springframework.security.web.FilterChainProxy$VirtualFilterChain.doFilter(FilterChainProxy.java:346)
	at org.springframework.web.filter.OncePerRequestFilter.doFilter(OncePerRequestFilter.java:102)
	at org.springframework.security.web.FilterChainProxy$VirtualFilterChain.doFilter(FilterChainProxy.java:346)
	at org.springframework.security.web.FilterChainProxy.doFilterInternal(FilterChainProxy.java:221)
	at org.springframework.security.web.FilterChainProxy.doFilter(FilterChainProxy.java:186)
	at org.springframework.web.filter.DelegatingFilterProxy.invokeDelegate(DelegatingFilterProxy.java:354)
	at org.springframework.web.filter.DelegatingFilterProxy.doFilter(DelegatingFilterProxy.java:267)
	at org.apache.catalina.core.ApplicationFilterChain.internalDoFilter(ApplicationFilterChain.java:178)
	at org.apache.catalina.core.ApplicationFilterChain.doFilter(ApplicationFilterChain.java:153)
	at org.springframework.web.filter.RequestContextFilter.doFilterInternal(RequestContextFilter.java:100)
	at org.springframework.web.filter.OncePerRequestFilter.doFilter(OncePerRequestFilter.java:117)
	at org.apache.catalina.core.ApplicationFilterChain.internalDoFilter(ApplicationFilterChain.java:178)
	at org.apache.catalina.core.ApplicationFilterChain.doFilter(ApplicationFilterChain.java:153)
	at org.springframework.web.filter.OncePerRequestFilter.doFilter(OncePerRequestFilter.java:102)
	at org.apache.catalina.core.ApplicationFilterChain.internalDoFilter(ApplicationFilterChain.java:178)
	at org.apache.catalina.core.ApplicationFilterChain.doFilter(ApplicationFilterChain.java:153)
	at org.springframework.web.filter.OncePerRequestFilter.doFilter(OncePerRequestFilter.java:102)
	at org.apache.catalina.core.ApplicationFilterChain.internalDoFilter(ApplicationFilterChain.java:178)
	at org.apache.catalina.core.ApplicationFilterChain.doFilter(ApplicationFilterChain.java:153)
	at org.apache.catalina.core.ApplicationDispatcher.invoke(ApplicationDispatcher.java:661)
	at org.apache.catalina.core.ApplicationDispatcher.processRequest(ApplicationDispatcher.java:427)
	at org.apache.catalina.core.ApplicationDispatcher.doForward(ApplicationDispatcher.java:357)
	at org.apache.catalina.core.ApplicationDispatcher.forward(ApplicationDispatcher.java:294)
	at org.apache.catalina.core.StandardHostValve.custom(StandardHostValve.java:377)
	at org.apache.catalina.core.StandardHostValve.status(StandardHostValve.java:237)
	at org.apache.catalina.core.StandardHostValve.throwable(StandardHostValve.java:323)
	at org.apache.catalina.core.StandardHostValve.invoke(StandardHostValve.java:164)
	at org.apache.catalina.valves.ErrorReportValve.invoke(ErrorReportValve.java:93)
	at org.apache.catalina.core.StandardEngineValve.invoke(StandardEngineValve.java:74)
	at org.apache.catalina.connector.CoyoteAdapter.service(CoyoteAdapter.java:342)
	at org.apache.coyote.http11.Http11Processor.service(Http11Processor.java:390)
	at org.apache.coyote.AbstractProcessorLight.process(AbstractProcessorLight.java:63)
	at org.apache.coyote.AbstractProtocol$ConnectionHandler.process(AbstractProtocol.java:928)
	at org.apache.tomcat.util.net.NioEndpoint$SocketProcessor.doRun(NioEndpoint.java:1794)
	at org.apache.tomcat.util.net.SocketProcessorBase.run(SocketProcessorBase.java:52)
	at org.apache.tomcat.util.threads.ThreadPoolExecutor.runWorker(ThreadPoolExecutor.java:1191)
	at org.apache.tomcat.util.threads.ThreadPoolExecutor$Worker.run(ThreadPoolExecutor.java:659)
	at org.apache.tomcat.util.threads.TaskThread$WrappingRunnable.run(TaskThread.java:61)
	at java.base/java.lang.Thread.run(Thread.java:840)
Caused by: org.springframework.dao.DataAccessResourceFailureException: Unable to acquire JDBC Connection; nested exception is org.hibernate.exception.JDBCConnectionException: Unable to acquire JDBC Connection
	at org.springframework.orm.jpa.vendor.HibernateJpaDialect.convertHibernateAccessException(HibernateJpaDialect.java:255)
	at org.springframework.orm.jpa.vendor.HibernateJpaDialect.translateExceptionIfPossible(HibernateJpaDialect.java:233)
	at org.springframework.orm.jpa.AbstractEntityManagerFactoryBean.translateExceptionIfPossible(AbstractEntityManagerFactoryBean.java:551)
	at org.springframework.dao.support.ChainedPersistenceExceptionTranslator.translateExceptionIfPossible(ChainedPersistenceExceptionTranslator.java:61)
	at org.springframework.dao.support.DataAccessUtils.translateIfNecessary(DataAccessUtils.java:243)
	at org.springframework.dao.support.PersistenceExceptionTranslationInterceptor.invoke(PersistenceExceptionTranslationInterceptor.java:152)
	at org.springframework.aop.framework.ReflectiveMethodInvocation.proceed(ReflectiveMethodInvocation.java:186)
	at org.springframework.aop.framework.CglibAopProxy$CglibMethodInvocation.proceed(CglibAopProxy.java:762)
	at org.springframework.cache.interceptor.CacheInterceptor.lambda$invoke$0(CacheInterceptor.java:54)
	at org.springframework.cache.interceptor.CacheAspectSupport.invokeOperation(CacheAspectSupport.java:366)
	at org.springframework.cache.interceptor.CacheAspectSupport.execute(CacheAspectSupport.java:420)
	at org.springframework.cache.interceptor.CacheAspectSupport.execute(CacheAspectSupport.java:345)
	at org.springframework.cache.interceptor.CacheInterceptor.invoke(CacheInterceptor.java:64)
	at org.springframework.aop.framework.ReflectiveMethodInvocation.proceed(ReflectiveMethodInvocation.java:186)
	at org.springframework.aop.framework.CglibAopProxy$CglibMethodInvocation.proceed(CglibAopProxy.java:762)
	at org.springframework.aop.framework.CglibAopProxy$DynamicAdvisedInterceptor.intercept(CglibAopProxy.java:707)
	at com.meta.ponkids.domain.system.menu.repository.impl.MenuRepositoryImpl$$EnhancerBySpringCGLIB$$e2bee604.findLastUpdtDtUserMenuCache(<generated>)
	at java.base/jdk.internal.reflect.NativeMethodAccessorImpl.invoke0(Native Method)
	at java.base/jdk.internal.reflect.NativeMethodAccessorImpl.invoke(NativeMethodAccessorImpl.java:77)
	at java.base/jdk.internal.reflect.DelegatingMethodAccessorImpl.invoke(DelegatingMethodAccessorImpl.java:43)
	at java.base/java.lang.reflect.Method.invoke(Method.java:568)
	at org.springframework.data.repository.core.support.RepositoryMethodInvoker$RepositoryFragmentMethodInvoker.lambda$new$0(RepositoryMethodInvoker.java:289)
	at org.springframework.data.repository.core.support.RepositoryMethodInvoker.doInvoke(RepositoryMethodInvoker.java:137)
	at org.springframework.data.repository.core.support.RepositoryMethodInvoker.invoke(RepositoryMethodInvoker.java:121)
	at org.springframework.data.repository.core.support.RepositoryComposition$RepositoryFragments.invoke(RepositoryComposition.java:530)
	at org.springframework.data.repository.core.support.RepositoryComposition.invoke(RepositoryComposition.java:286)
	at org.springframework.data.repository.core.support.RepositoryFactorySupport$ImplementationMethodExecutionInterceptor.invoke(RepositoryFactorySupport.java:640)
	at org.springframework.aop.framework.ReflectiveMethodInvocation.proceed(ReflectiveMethodInvocation.java:186)
	at org.springframework.data.repository.core.support.QueryExecutorMethodInterceptor.doInvoke(QueryExecutorMethodInterceptor.java:164)
	at org.springframework.data.repository.core.support.QueryExecutorMethodInterceptor.invoke(QueryExecutorMethodInterceptor.java:139)
	at org.springframework.aop.framework.ReflectiveMethodInvocation.proceed(ReflectiveMethodInvocation.java:186)
	at org.springframework.data.projection.DefaultMethodInvokingMethodInterceptor.invoke(DefaultMethodInvokingMethodInterceptor.java:76)
	at org.springframework.aop.framework.ReflectiveMethodInvocation.proceed(ReflectiveMethodInvocation.java:186)
	at org.springframework.transaction.interceptor.TransactionInterceptor$1.proceedWithInvocation(TransactionInterceptor.java:123)
	at org.springframework.transaction.interceptor.TransactionAspectSupport.invokeWithinTransaction(TransactionAspectSupport.java:388)
	at org.springframework.transaction.interceptor.TransactionInterceptor.invoke(TransactionInterceptor.java:119)
	at org.springframework.aop.framework.ReflectiveMethodInvocation.proceed(ReflectiveMethodInvocation.java:186)
	at org.springframework.dao.support.PersistenceExceptionTranslationInterceptor.invoke(PersistenceExceptionTranslationInterceptor.java:137)
	at org.springframework.aop.framework.ReflectiveMethodInvocation.proceed(ReflectiveMethodInvocation.java:186)
	at org.springframework.data.jpa.repository.support.CrudMethodMetadataPostProcessor$CrudMethodMetadataPopulatingMethodInterceptor.invoke(CrudMethodMetadataPostProcessor.java:174)
	at org.springframework.aop.framework.ReflectiveMethodInvocation.proceed(ReflectiveMethodInvocation.java:186)
	at org.springframework.aop.interceptor.ExposeInvocationInterceptor.invoke(ExposeInvocationInterceptor.java:97)
	at org.springframework.aop.framework.ReflectiveMethodInvocation.proceed(ReflectiveMethodInvocation.java:186)
	at org.springframework.aop.framework.JdkDynamicAopProxy.invoke(JdkDynamicAopProxy.java:241)
	at jdk.proxy3/jdk.proxy3.$Proxy184.findLastUpdtDtUserMenuCache(Unknown Source)
	at java.base/jdk.internal.reflect.NativeMethodAccessorImpl.invoke0(Native Method)
	at java.base/jdk.internal.reflect.NativeMethodAccessorImpl.invoke(NativeMethodAccessorImpl.java:77)
	at java.base/jdk.internal.reflect.DelegatingMethodAccessorImpl.invoke(DelegatingMethodAccessorImpl.java:43)
	at java.base/java.lang.reflect.Method.invoke(Method.java:568)
	at org.springframework.aop.support.AopUtils.invokeJoinpointUsingReflection(AopUtils.java:344)
	at org.springframework.aop.framework.ReflectiveMethodInvocation.invokeJoinpoint(ReflectiveMethodInvocation.java:198)
	at org.springframework.aop.framework.ReflectiveMethodInvocation.proceed(ReflectiveMethodInvocation.java:163)
	at org.springframework.cache.interceptor.CacheInterceptor.lambda$invoke$0(CacheInterceptor.java:54)
	at org.springframework.cache.interceptor.CacheAspectSupport.invokeOperation(CacheAspectSupport.java:366)
	at org.springframework.cache.interceptor.CacheAspectSupport.execute(CacheAspectSupport.java:420)
	at org.springframework.cache.interceptor.CacheAspectSupport.execute(CacheAspectSupport.java:345)
	at org.springframework.cache.interceptor.CacheInterceptor.invoke(CacheInterceptor.java:64)
	at org.springframework.aop.framework.ReflectiveMethodInvocation.proceed(ReflectiveMethodInvocation.java:186)
	at org.springframework.aop.framework.JdkDynamicAopProxy.invoke(JdkDynamicAopProxy.java:241)
	at jdk.proxy3/jdk.proxy3.$Proxy184.findLastUpdtDtUserMenuCache(Unknown Source)
	at com.meta.ponkids.domain.system.menu.service.MenuService.getUserMenuList(MenuService.java:159)
	at com.meta.ponkids.domain.system.menu.service.MenuService$$FastClassBySpringCGLIB$$3064e131.invoke(<generated>)
	at org.springframework.cglib.proxy.MethodProxy.invoke(MethodProxy.java:218)
	at org.springframework.aop.framework.CglibAopProxy.invokeMethod(CglibAopProxy.java:386)
	at org.springframework.aop.framework.CglibAopProxy.access$000(CglibAopProxy.java:85)
	at org.springframework.aop.framework.CglibAopProxy$DynamicAdvisedInterceptor.intercept(CglibAopProxy.java:703)
	at com.meta.ponkids.domain.system.menu.service.MenuService$$EnhancerBySpringCGLIB$$a6e85268.getUserMenuList(<generated>)
	at com.meta.ponkids.global.config.interceptor.MenuInterceptor.postHandle(MenuInterceptor.java:34)
	at org.springframework.web.servlet.HandlerExecutionChain.applyPostHandle(HandlerExecutionChain.java:165)
	at org.springframework.web.servlet.DispatcherServlet.doDispatch(DispatcherServlet.java:1079)
	at org.springframework.web.servlet.DispatcherServlet.doService(DispatcherServlet.java:965)
	at org.springframework.web.servlet.FrameworkServlet.processRequest(FrameworkServlet.java:1006)
	... 89 common frames omitted
Caused by: org.hibernate.exception.JDBCConnectionException: Unable to acquire JDBC Connection
	at org.hibernate.exception.internal.SQLExceptionTypeDelegate.convert(SQLExceptionTypeDelegate.java:48)
	at org.hibernate.exception.internal.StandardSQLExceptionConverter.convert(StandardSQLExceptionConverter.java:37)
	at org.hibernate.engine.jdbc.spi.SqlExceptionHelper.convert(SqlExceptionHelper.java:113)
	at org.hibernate.engine.jdbc.spi.SqlExceptionHelper.convert(SqlExceptionHelper.java:99)
	at org.hibernate.resource.jdbc.internal.LogicalConnectionManagedImpl.acquireConnectionIfNeeded(LogicalConnectionManagedImpl.java:111)
	at org.hibernate.resource.jdbc.internal.LogicalConnectionManagedImpl.getPhysicalConnection(LogicalConnectionManagedImpl.java:138)
	at org.hibernate.engine.jdbc.internal.StatementPreparerImpl.connection(StatementPreparerImpl.java:50)
	at org.hibernate.engine.jdbc.internal.StatementPreparerImpl$5.doPrepare(StatementPreparerImpl.java:149)
	at org.hibernate.engine.jdbc.internal.StatementPreparerImpl$StatementPreparationTemplate.prepareStatement(StatementPreparerImpl.java:176)
	at org.hibernate.engine.jdbc.internal.StatementPreparerImpl.prepareQueryStatement(StatementPreparerImpl.java:151)
	at org.hibernate.loader.Loader.prepareQueryStatement(Loader.java:2122)
	at org.hibernate.loader.Loader.executeQueryStatement(Loader.java:2059)
	at org.hibernate.loader.Loader.executeQueryStatement(Loader.java:2037)
	at org.hibernate.loader.Loader.doQuery(Loader.java:956)
	at org.hibernate.loader.Loader.doQueryAndInitializeNonLazyCollections(Loader.java:357)
	at org.hibernate.loader.Loader.doList(Loader.java:2868)
	at org.hibernate.loader.Loader.doList(Loader.java:2850)
	at org.hibernate.loader.Loader.listIgnoreQueryCache(Loader.java:2682)
	at org.hibernate.loader.Loader.list(Loader.java:2677)
	at org.hibernate.loader.hql.QueryLoader.list(QueryLoader.java:540)
	at org.hibernate.hql.internal.ast.QueryTranslatorImpl.list(QueryTranslatorImpl.java:400)
	at org.hibernate.engine.query.spi.HQLQueryPlan.performList(HQLQueryPlan.java:218)
	at org.hibernate.internal.SessionImpl.list(SessionImpl.java:1459)
	at org.hibernate.query.internal.AbstractProducedQuery.doList(AbstractProducedQuery.java:1649)
	at org.hibernate.query.internal.AbstractProducedQuery.list(AbstractProducedQuery.java:1617)
	at org.hibernate.query.internal.AbstractProducedQuery.getSingleResult(AbstractProducedQuery.java:1665)
	at com.querydsl.jpa.impl.AbstractJPAQuery.getSingleResult(AbstractJPAQuery.java:214)
	at com.querydsl.jpa.impl.AbstractJPAQuery.fetchOne(AbstractJPAQuery.java:326)
	at com.querydsl.core.support.FetchableQueryBase.fetchFirst(FetchableQueryBase.java:51)
	at com.meta.ponkids.domain.system.menu.repository.impl.MenuRepositoryImpl.findLastUpdtDtUserMenu(MenuRepositoryImpl.java:346)
	at com.meta.ponkids.domain.system.menu.repository.impl.MenuRepositoryImpl.findLastUpdtDtUserMenuCache(MenuRepositoryImpl.java:352)
	at com.meta.ponkids.domain.system.menu.repository.impl.MenuRepositoryImpl$$FastClassBySpringCGLIB$$892bba9f.invoke(<generated>)
	at org.springframework.cglib.proxy.MethodProxy.invoke(MethodProxy.java:218)
	at org.springframework.aop.framework.CglibAopProxy$CglibMethodInvocation.invokeJoinpoint(CglibAopProxy.java:792)
	at org.springframework.aop.framework.ReflectiveMethodInvocation.proceed(ReflectiveMethodInvocation.java:163)
	at org.springframework.aop.framework.CglibAopProxy$CglibMethodInvocation.proceed(CglibAopProxy.java:762)
	at org.springframework.dao.support.PersistenceExceptionTranslationInterceptor.invoke(PersistenceExceptionTranslationInterceptor.java:137)
	... 155 common frames omitted
Caused by: java.sql.SQLTransientConnectionException: HikariPool-1 - Connection is not available, request timed out after 30002ms.
	at com.zaxxer.hikari.pool.HikariPool.createTimeoutException(HikariPool.java:696)
	at com.zaxxer.hikari.pool.HikariPool.getConnection(HikariPool.java:197)
	at com.zaxxer.hikari.pool.HikariPool.getConnection(HikariPool.java:162)
	at com.zaxxer.hikari.HikariDataSource.getConnection(HikariDataSource.java:128)
	at com.p6spy.engine.spy.P6DataSource.getConnection(P6DataSource.java:300)
	at org.springframework.jdbc.datasource.DelegatingDataSource.getConnection(DelegatingDataSource.java:99)
	at org.hibernate.engine.jdbc.connections.internal.DatasourceConnectionProviderImpl.getConnection(DatasourceConnectionProviderImpl.java:122)
	at org.hibernate.internal.NonContextualJdbcConnectionAccess.obtainConnection(NonContextualJdbcConnectionAccess.java:38)
	at org.hibernate.resource.jdbc.internal.LogicalConnectionManagedImpl.acquireConnectionIfNeeded(LogicalConnectionManagedImpl.java:108)
	... 187 common frames omitted
Caused by: org.postgresql.util.PSQLException: 치명적오류: "jjeovi" 롤의 최대 동시 접속수를 초과했습니다
	at org.postgresql.core.v3.QueryExecutorImpl.receiveErrorResponse(QueryExecutorImpl.java:2675)
	at org.postgresql.core.v3.QueryExecutorImpl.readStartupMessages(QueryExecutorImpl.java:2787)
	at org.postgresql.core.v3.QueryExecutorImpl.<init>(QueryExecutorImpl.java:173)
	at org.postgresql.core.v3.ConnectionFactoryImpl.openConnectionImpl(ConnectionFactoryImpl.java:290)
	at org.postgresql.core.ConnectionFactory.openConnection(ConnectionFactory.java:49)
	at org.postgresql.jdbc.PgConnection.<init>(PgConnection.java:223)
	at org.postgresql.Driver.makeConnection(Driver.java:402)
	at org.postgresql.Driver.connect(Driver.java:261)
	at com.zaxxer.hikari.util.DriverDataSource.getConnection(DriverDataSource.java:138)
	at com.zaxxer.hikari.pool.PoolBase.newConnection(PoolBase.java:364)
	at com.zaxxer.hikari.pool.PoolBase.newPoolEntry(PoolBase.java:206)
	at com.zaxxer.hikari.pool.HikariPool.createPoolEntry(HikariPool.java:476)
	at com.zaxxer.hikari.pool.HikariPool.access$100(HikariPool.java:71)
	at com.zaxxer.hikari.pool.HikariPool$PoolEntryCreator.call(HikariPool.java:726)
	at com.zaxxer.hikari.pool.HikariPool$PoolEntryCreator.call(HikariPool.java:712)
	at java.base/java.util.concurrent.FutureTask.run(FutureTask.java:264)
	at java.base/java.util.concurrent.ThreadPoolExecutor.runWorker(ThreadPoolExecutor.java:1136)
	at java.base/java.util.concurrent.ThreadPoolExecutor$Worker.run(ThreadPoolExecutor.java:635)
	... 1 common frames omitted
[2024-02-19 15:05:39:1079535] ERROR 33736 --- [nio-8080-exec-2] o.h.e.jdbc.spi.SqlExceptionHelper        : HikariPool-1 - Connection is not available, request timed out after 30003ms.
[2024-02-19 15:05:39:1079537] ERROR 33736 --- [nio-8080-exec-2] o.h.e.jdbc.spi.SqlExceptionHelper        : 치명적오류: "jjeovi" 롤의 최대 동시 접속수를 초과했습니다
[2024-02-19 15:05:39:1079541] ERROR 33736 --- [nio-8080-exec-2] o.a.c.c.C.[.[.[.[dispatcherServlet]      : Servlet.service() for servlet [dispatcherServlet] threw exception
org.postgresql.util.PSQLException: 치명적오류: "jjeovi" 롤의 최대 동시 접속수를 초과했습니다
	at org.postgresql.core.v3.QueryExecutorImpl.receiveErrorResponse(QueryExecutorImpl.java:2675)
	at org.postgresql.core.v3.QueryExecutorImpl.readStartupMessages(QueryExecutorImpl.java:2787)
	at org.postgresql.core.v3.QueryExecutorImpl.<init>(QueryExecutorImpl.java:173)
	at org.postgresql.core.v3.ConnectionFactoryImpl.openConnectionImpl(ConnectionFactoryImpl.java:290)
	at org.postgresql.core.ConnectionFactory.openConnection(ConnectionFactory.java:49)
	at org.postgresql.jdbc.PgConnection.<init>(PgConnection.java:223)
	at org.postgresql.Driver.makeConnection(Driver.java:402)
	at org.postgresql.Driver.connect(Driver.java:261)
	at com.zaxxer.hikari.util.DriverDataSource.getConnection(DriverDataSource.java:138)
	at com.zaxxer.hikari.pool.PoolBase.newConnection(PoolBase.java:364)
	at com.zaxxer.hikari.pool.PoolBase.newPoolEntry(PoolBase.java:206)
	at com.zaxxer.hikari.pool.HikariPool.createPoolEntry(HikariPool.java:476)
	at com.zaxxer.hikari.pool.HikariPool.access$100(HikariPool.java:71)
	at com.zaxxer.hikari.pool.HikariPool$PoolEntryCreator.call(HikariPool.java:726)
	at com.zaxxer.hikari.pool.HikariPool$PoolEntryCreator.call(HikariPool.java:712)
	at java.base/java.util.concurrent.FutureTask.run(FutureTask.java:264)
	at java.base/java.util.concurrent.ThreadPoolExecutor.runWorker(ThreadPoolExecutor.java:1136)
	at java.base/java.util.concurrent.ThreadPoolExecutor$Worker.run(ThreadPoolExecutor.java:635)
	at java.base/java.lang.Thread.run(Thread.java:840)
[2024-02-19 15:05:39:1079545] ERROR 33736 --- [nio-8080-exec-2] o.a.c.c.C.[Tomcat].[localhost]           : Exception Processing ErrorPage[errorCode=0, location=/error]
org.springframework.web.util.NestedServletException: Request processing failed; nested exception is org.springframework.dao.DataAccessResourceFailureException: Unable to acquire JDBC Connection; nested exception is org.hibernate.exception.JDBCConnectionException: Unable to acquire JDBC Connection
	at org.springframework.web.servlet.FrameworkServlet.processRequest(FrameworkServlet.java:1014)
	at org.springframework.web.servlet.FrameworkServlet.doGet(FrameworkServlet.java:898)
	at javax.servlet.http.HttpServlet.service(HttpServlet.java:529)
	at org.springframework.web.servlet.FrameworkServlet.service(FrameworkServlet.java:883)
	at javax.servlet.http.HttpServlet.service(HttpServlet.java:623)
	at org.apache.catalina.core.ApplicationFilterChain.internalDoFilter(ApplicationFilterChain.java:209)
	at org.apache.catalina.core.ApplicationFilterChain.doFilter(ApplicationFilterChain.java:153)
	at org.springframework.security.web.FilterChainProxy$VirtualFilterChain.doFilter(FilterChainProxy.java:337)
	at org.springframework.security.web.access.intercept.FilterSecurityInterceptor.invoke(FilterSecurityInterceptor.java:106)
	at org.springframework.security.web.access.intercept.FilterSecurityInterceptor.doFilter(FilterSecurityInterceptor.java:81)
	at org.springframework.security.web.FilterChainProxy$VirtualFilterChain.doFilter(FilterChainProxy.java:346)
	at org.springframework.security.web.access.ExceptionTranslationFilter.doFilter(ExceptionTranslationFilter.java:122)
	at org.springframework.security.web.access.ExceptionTranslationFilter.doFilter(ExceptionTranslationFilter.java:116)
	at org.springframework.security.web.FilterChainProxy$VirtualFilterChain.doFilter(FilterChainProxy.java:346)
	at org.springframework.security.web.session.SessionManagementFilter.doFilter(SessionManagementFilter.java:87)
	at org.springframework.security.web.session.SessionManagementFilter.doFilter(SessionManagementFilter.java:81)
	at org.springframework.security.web.FilterChainProxy$VirtualFilterChain.doFilter(FilterChainProxy.java:346)
	at org.springframework.security.web.authentication.AnonymousAuthenticationFilter.doFilter(AnonymousAuthenticationFilter.java:109)
	at org.springframework.security.web.FilterChainProxy$VirtualFilterChain.doFilter(FilterChainProxy.java:346)
	at org.springframework.security.web.servletapi.SecurityContextHolderAwareRequestFilter.doFilter(SecurityContextHolderAwareRequestFilter.java:149)
	at org.springframework.security.web.FilterChainProxy$VirtualFilterChain.doFilter(FilterChainProxy.java:346)
	at org.springframework.security.web.savedrequest.RequestCacheAwareFilter.doFilter(RequestCacheAwareFilter.java:63)
	at org.springframework.security.web.FilterChainProxy$VirtualFilterChain.doFilter(FilterChainProxy.java:346)
	at org.springframework.web.filter.OncePerRequestFilter.doFilter(OncePerRequestFilter.java:102)
	at org.springframework.security.web.FilterChainProxy$VirtualFilterChain.doFilter(FilterChainProxy.java:346)
	at org.springframework.security.web.authentication.ui.DefaultLoginPageGeneratingFilter.doFilter(DefaultLoginPageGeneratingFilter.java:237)
	at org.springframework.security.web.authentication.ui.DefaultLoginPageGeneratingFilter.doFilter(DefaultLoginPageGeneratingFilter.java:223)
	at org.springframework.security.web.FilterChainProxy$VirtualFilterChain.doFilter(FilterChainProxy.java:346)
	at org.springframework.security.web.authentication.AbstractAuthenticationProcessingFilter.doFilter(AbstractAuthenticationProcessingFilter.java:223)
	at org.springframework.security.web.authentication.AbstractAuthenticationProcessingFilter.doFilter(AbstractAuthenticationProcessingFilter.java:217)
	at org.springframework.security.web.FilterChainProxy$VirtualFilterChain.doFilter(FilterChainProxy.java:346)
	at org.springframework.security.web.authentication.AbstractAuthenticationProcessingFilter.doFilter(AbstractAuthenticationProcessingFilter.java:223)
	at org.springframework.security.web.authentication.AbstractAuthenticationProcessingFilter.doFilter(AbstractAuthenticationProcessingFilter.java:217)
	at org.springframework.security.web.FilterChainProxy$VirtualFilterChain.doFilter(FilterChainProxy.java:346)
	at org.springframework.web.filter.OncePerRequestFilter.doFilter(OncePerRequestFilter.java:102)
	at org.springframework.security.web.FilterChainProxy$VirtualFilterChain.doFilter(FilterChainProxy.java:346)
	at org.springframework.security.web.authentication.logout.LogoutFilter.doFilter(LogoutFilter.java:103)
	at org.springframework.security.web.authentication.logout.LogoutFilter.doFilter(LogoutFilter.java:89)
	at org.springframework.security.web.FilterChainProxy$VirtualFilterChain.doFilter(FilterChainProxy.java:346)
	at org.springframework.web.filter.OncePerRequestFilter.doFilter(OncePerRequestFilter.java:102)
	at org.springframework.security.web.FilterChainProxy$VirtualFilterChain.doFilter(FilterChainProxy.java:346)
	at org.springframework.web.filter.OncePerRequestFilter.doFilter(OncePerRequestFilter.java:102)
	at org.springframework.security.web.FilterChainProxy$VirtualFilterChain.doFilter(FilterChainProxy.java:346)
	at org.springframework.security.web.context.SecurityContextPersistenceFilter.doFilter(SecurityContextPersistenceFilter.java:112)
	at org.springframework.security.web.context.SecurityContextPersistenceFilter.doFilter(SecurityContextPersistenceFilter.java:82)
	at org.springframework.security.web.FilterChainProxy$VirtualFilterChain.doFilter(FilterChainProxy.java:346)
	at org.springframework.web.filter.OncePerRequestFilter.doFilter(OncePerRequestFilter.java:102)
	at org.springframework.security.web.FilterChainProxy$VirtualFilterChain.doFilter(FilterChainProxy.java:346)
	at org.springframework.web.filter.OncePerRequestFilter.doFilter(OncePerRequestFilter.java:102)
	at org.springframework.security.web.FilterChainProxy$VirtualFilterChain.doFilter(FilterChainProxy.java:346)
	at org.springframework.web.filter.OncePerRequestFilter.doFilter(OncePerRequestFilter.java:102)
	at org.springframework.security.web.FilterChainProxy$VirtualFilterChain.doFilter(FilterChainProxy.java:346)
	at org.springframework.web.filter.OncePerRequestFilter.doFilter(OncePerRequestFilter.java:102)
	at org.springframework.security.web.FilterChainProxy$VirtualFilterChain.doFilter(FilterChainProxy.java:346)
	at org.springframework.security.web.FilterChainProxy.doFilterInternal(FilterChainProxy.java:221)
	at org.springframework.security.web.FilterChainProxy.doFilter(FilterChainProxy.java:186)
	at org.springframework.web.filter.DelegatingFilterProxy.invokeDelegate(DelegatingFilterProxy.java:354)
	at org.springframework.web.filter.DelegatingFilterProxy.doFilter(DelegatingFilterProxy.java:267)
	at org.apache.catalina.core.ApplicationFilterChain.internalDoFilter(ApplicationFilterChain.java:178)
	at org.apache.catalina.core.ApplicationFilterChain.doFilter(ApplicationFilterChain.java:153)
	at org.springframework.web.filter.RequestContextFilter.doFilterInternal(RequestContextFilter.java:100)
	at org.springframework.web.filter.OncePerRequestFilter.doFilter(OncePerRequestFilter.java:117)
	at org.apache.catalina.core.ApplicationFilterChain.internalDoFilter(ApplicationFilterChain.java:178)
	at org.apache.catalina.core.ApplicationFilterChain.doFilter(ApplicationFilterChain.java:153)
	at org.springframework.web.filter.OncePerRequestFilter.doFilter(OncePerRequestFilter.java:102)
	at org.apache.catalina.core.ApplicationFilterChain.internalDoFilter(ApplicationFilterChain.java:178)
	at org.apache.catalina.core.ApplicationFilterChain.doFilter(ApplicationFilterChain.java:153)
	at org.springframework.web.filter.OncePerRequestFilter.doFilter(OncePerRequestFilter.java:102)
	at org.apache.catalina.core.ApplicationFilterChain.internalDoFilter(ApplicationFilterChain.java:178)
	at org.apache.catalina.core.ApplicationFilterChain.doFilter(ApplicationFilterChain.java:153)
	at org.apache.catalina.core.ApplicationDispatcher.invoke(ApplicationDispatcher.java:661)
	at org.apache.catalina.core.ApplicationDispatcher.processRequest(ApplicationDispatcher.java:427)
	at org.apache.catalina.core.ApplicationDispatcher.doForward(ApplicationDispatcher.java:357)
	at org.apache.catalina.core.ApplicationDispatcher.forward(ApplicationDispatcher.java:294)
	at org.apache.catalina.core.StandardHostValve.custom(StandardHostValve.java:377)
	at org.apache.catalina.core.StandardHostValve.status(StandardHostValve.java:237)
	at org.apache.catalina.core.StandardHostValve.throwable(StandardHostValve.java:323)
	at org.apache.catalina.core.StandardHostValve.invoke(StandardHostValve.java:164)
	at org.apache.catalina.valves.ErrorReportValve.invoke(ErrorReportValve.java:93)
	at org.apache.catalina.core.StandardEngineValve.invoke(StandardEngineValve.java:74)
	at org.apache.catalina.connector.CoyoteAdapter.service(CoyoteAdapter.java:342)
	at org.apache.coyote.http11.Http11Processor.service(Http11Processor.java:390)
	at org.apache.coyote.AbstractProcessorLight.process(AbstractProcessorLight.java:63)
	at org.apache.coyote.AbstractProtocol$ConnectionHandler.process(AbstractProtocol.java:928)
	at org.apache.tomcat.util.net.NioEndpoint$SocketProcessor.doRun(NioEndpoint.java:1794)
	at org.apache.tomcat.util.net.SocketProcessorBase.run(SocketProcessorBase.java:52)
	at org.apache.tomcat.util.threads.ThreadPoolExecutor.runWorker(ThreadPoolExecutor.java:1191)
	at org.apache.tomcat.util.threads.ThreadPoolExecutor$Worker.run(ThreadPoolExecutor.java:659)
	at org.apache.tomcat.util.threads.TaskThread$WrappingRunnable.run(TaskThread.java:61)
	at java.base/java.lang.Thread.run(Thread.java:840)
Caused by: org.springframework.dao.DataAccessResourceFailureException: Unable to acquire JDBC Connection; nested exception is org.hibernate.exception.JDBCConnectionException: Unable to acquire JDBC Connection
	at org.springframework.orm.jpa.vendor.HibernateJpaDialect.convertHibernateAccessException(HibernateJpaDialect.java:255)
	at org.springframework.orm.jpa.vendor.HibernateJpaDialect.translateExceptionIfPossible(HibernateJpaDialect.java:233)
	at org.springframework.orm.jpa.AbstractEntityManagerFactoryBean.translateExceptionIfPossible(AbstractEntityManagerFactoryBean.java:551)
	at org.springframework.dao.support.ChainedPersistenceExceptionTranslator.translateExceptionIfPossible(ChainedPersistenceExceptionTranslator.java:61)
	at org.springframework.dao.support.DataAccessUtils.translateIfNecessary(DataAccessUtils.java:243)
	at org.springframework.dao.support.PersistenceExceptionTranslationInterceptor.invoke(PersistenceExceptionTranslationInterceptor.java:152)
	at org.springframework.aop.framework.ReflectiveMethodInvocation.proceed(ReflectiveMethodInvocation.java:186)
	at org.springframework.aop.framework.CglibAopProxy$CglibMethodInvocation.proceed(CglibAopProxy.java:762)
	at org.springframework.cache.interceptor.CacheInterceptor.lambda$invoke$0(CacheInterceptor.java:54)
	at org.springframework.cache.interceptor.CacheAspectSupport.invokeOperation(CacheAspectSupport.java:366)
	at org.springframework.cache.interceptor.CacheAspectSupport.execute(CacheAspectSupport.java:420)
	at org.springframework.cache.interceptor.CacheAspectSupport.execute(CacheAspectSupport.java:345)
	at org.springframework.cache.interceptor.CacheInterceptor.invoke(CacheInterceptor.java:64)
	at org.springframework.aop.framework.ReflectiveMethodInvocation.proceed(ReflectiveMethodInvocation.java:186)
	at org.springframework.aop.framework.CglibAopProxy$CglibMethodInvocation.proceed(CglibAopProxy.java:762)
	at org.springframework.aop.framework.CglibAopProxy$DynamicAdvisedInterceptor.intercept(CglibAopProxy.java:707)
	at com.meta.ponkids.domain.system.menu.repository.impl.MenuRepositoryImpl$$EnhancerBySpringCGLIB$$e2bee604.findLastUpdtDtUserMenuCache(<generated>)
	at java.base/jdk.internal.reflect.NativeMethodAccessorImpl.invoke0(Native Method)
	at java.base/jdk.internal.reflect.NativeMethodAccessorImpl.invoke(NativeMethodAccessorImpl.java:77)
	at java.base/jdk.internal.reflect.DelegatingMethodAccessorImpl.invoke(DelegatingMethodAccessorImpl.java:43)
	at java.base/java.lang.reflect.Method.invoke(Method.java:568)
	at org.springframework.data.repository.core.support.RepositoryMethodInvoker$RepositoryFragmentMethodInvoker.lambda$new$0(RepositoryMethodInvoker.java:289)
	at org.springframework.data.repository.core.support.RepositoryMethodInvoker.doInvoke(RepositoryMethodInvoker.java:137)
	at org.springframework.data.repository.core.support.RepositoryMethodInvoker.invoke(RepositoryMethodInvoker.java:121)
	at org.springframework.data.repository.core.support.RepositoryComposition$RepositoryFragments.invoke(RepositoryComposition.java:530)
	at org.springframework.data.repository.core.support.RepositoryComposition.invoke(RepositoryComposition.java:286)
	at org.springframework.data.repository.core.support.RepositoryFactorySupport$ImplementationMethodExecutionInterceptor.invoke(RepositoryFactorySupport.java:640)
	at org.springframework.aop.framework.ReflectiveMethodInvocation.proceed(ReflectiveMethodInvocation.java:186)
	at org.springframework.data.repository.core.support.QueryExecutorMethodInterceptor.doInvoke(QueryExecutorMethodInterceptor.java:164)
	at org.springframework.data.repository.core.support.QueryExecutorMethodInterceptor.invoke(QueryExecutorMethodInterceptor.java:139)
	at org.springframework.aop.framework.ReflectiveMethodInvocation.proceed(ReflectiveMethodInvocation.java:186)
	at org.springframework.data.projection.DefaultMethodInvokingMethodInterceptor.invoke(DefaultMethodInvokingMethodInterceptor.java:76)
	at org.springframework.aop.framework.ReflectiveMethodInvocation.proceed(ReflectiveMethodInvocation.java:186)
	at org.springframework.transaction.interceptor.TransactionInterceptor$1.proceedWithInvocation(TransactionInterceptor.java:123)
	at org.springframework.transaction.interceptor.TransactionAspectSupport.invokeWithinTransaction(TransactionAspectSupport.java:388)
	at org.springframework.transaction.interceptor.TransactionInterceptor.invoke(TransactionInterceptor.java:119)
	at org.springframework.aop.framework.ReflectiveMethodInvocation.proceed(ReflectiveMethodInvocation.java:186)
	at org.springframework.dao.support.PersistenceExceptionTranslationInterceptor.invoke(PersistenceExceptionTranslationInterceptor.java:137)
	at org.springframework.aop.framework.ReflectiveMethodInvocation.proceed(ReflectiveMethodInvocation.java:186)
	at org.springframework.data.jpa.repository.support.CrudMethodMetadataPostProcessor$CrudMethodMetadataPopulatingMethodInterceptor.invoke(CrudMethodMetadataPostProcessor.java:174)
	at org.springframework.aop.framework.ReflectiveMethodInvocation.proceed(ReflectiveMethodInvocation.java:186)
	at org.springframework.aop.interceptor.ExposeInvocationInterceptor.invoke(ExposeInvocationInterceptor.java:97)
	at org.springframework.aop.framework.ReflectiveMethodInvocation.proceed(ReflectiveMethodInvocation.java:186)
	at org.springframework.aop.framework.JdkDynamicAopProxy.invoke(JdkDynamicAopProxy.java:241)
	at jdk.proxy3/jdk.proxy3.$Proxy184.findLastUpdtDtUserMenuCache(Unknown Source)
	at java.base/jdk.internal.reflect.NativeMethodAccessorImpl.invoke0(Native Method)
	at java.base/jdk.internal.reflect.NativeMethodAccessorImpl.invoke(NativeMethodAccessorImpl.java:77)
	at java.base/jdk.internal.reflect.DelegatingMethodAccessorImpl.invoke(DelegatingMethodAccessorImpl.java:43)
	at java.base/java.lang.reflect.Method.invoke(Method.java:568)
	at org.springframework.aop.support.AopUtils.invokeJoinpointUsingReflection(AopUtils.java:344)
	at org.springframework.aop.framework.ReflectiveMethodInvocation.invokeJoinpoint(ReflectiveMethodInvocation.java:198)
	at org.springframework.aop.framework.ReflectiveMethodInvocation.proceed(ReflectiveMethodInvocation.java:163)
	at org.springframework.cache.interceptor.CacheInterceptor.lambda$invoke$0(CacheInterceptor.java:54)
	at org.springframework.cache.interceptor.CacheAspectSupport.invokeOperation(CacheAspectSupport.java:366)
	at org.springframework.cache.interceptor.CacheAspectSupport.execute(CacheAspectSupport.java:420)
	at org.springframework.cache.interceptor.CacheAspectSupport.execute(CacheAspectSupport.java:345)
	at org.springframework.cache.interceptor.CacheInterceptor.invoke(CacheInterceptor.java:64)
	at org.springframework.aop.framework.ReflectiveMethodInvocation.proceed(ReflectiveMethodInvocation.java:186)
	at org.springframework.aop.framework.JdkDynamicAopProxy.invoke(JdkDynamicAopProxy.java:241)
	at jdk.proxy3/jdk.proxy3.$Proxy184.findLastUpdtDtUserMenuCache(Unknown Source)
	at com.meta.ponkids.domain.system.menu.service.MenuService.getUserMenuList(MenuService.java:159)
	at com.meta.ponkids.domain.system.menu.service.MenuService$$FastClassBySpringCGLIB$$3064e131.invoke(<generated>)
	at org.springframework.cglib.proxy.MethodProxy.invoke(MethodProxy.java:218)
	at org.springframework.aop.framework.CglibAopProxy.invokeMethod(CglibAopProxy.java:386)
	at org.springframework.aop.framework.CglibAopProxy.access$000(CglibAopProxy.java:85)
	at org.springframework.aop.framework.CglibAopProxy$DynamicAdvisedInterceptor.intercept(CglibAopProxy.java:703)
	at com.meta.ponkids.domain.system.menu.service.MenuService$$EnhancerBySpringCGLIB$$a6e85268.getUserMenuList(<generated>)
	at com.meta.ponkids.global.config.interceptor.MenuInterceptor.postHandle(MenuInterceptor.java:34)
	at org.springframework.web.servlet.HandlerExecutionChain.applyPostHandle(HandlerExecutionChain.java:165)
	at org.springframework.web.servlet.DispatcherServlet.doDispatch(DispatcherServlet.java:1079)
	at org.springframework.web.servlet.DispatcherServlet.doService(DispatcherServlet.java:965)
	at org.springframework.web.servlet.FrameworkServlet.processRequest(FrameworkServlet.java:1006)
	... 89 common frames omitted
Caused by: org.hibernate.exception.JDBCConnectionException: Unable to acquire JDBC Connection
	at org.hibernate.exception.internal.SQLExceptionTypeDelegate.convert(SQLExceptionTypeDelegate.java:48)
	at org.hibernate.exception.internal.StandardSQLExceptionConverter.convert(StandardSQLExceptionConverter.java:37)
	at org.hibernate.engine.jdbc.spi.SqlExceptionHelper.convert(SqlExceptionHelper.java:113)
	at org.hibernate.engine.jdbc.spi.SqlExceptionHelper.convert(SqlExceptionHelper.java:99)
	at org.hibernate.resource.jdbc.internal.LogicalConnectionManagedImpl.acquireConnectionIfNeeded(LogicalConnectionManagedImpl.java:111)
	at org.hibernate.resource.jdbc.internal.LogicalConnectionManagedImpl.getPhysicalConnection(LogicalConnectionManagedImpl.java:138)
	at org.hibernate.engine.jdbc.internal.StatementPreparerImpl.connection(StatementPreparerImpl.java:50)
	at org.hibernate.engine.jdbc.internal.StatementPreparerImpl$5.doPrepare(StatementPreparerImpl.java:149)
	at org.hibernate.engine.jdbc.internal.StatementPreparerImpl$StatementPreparationTemplate.prepareStatement(StatementPreparerImpl.java:176)
	at org.hibernate.engine.jdbc.internal.StatementPreparerImpl.prepareQueryStatement(StatementPreparerImpl.java:151)
	at org.hibernate.loader.Loader.prepareQueryStatement(Loader.java:2122)
	at org.hibernate.loader.Loader.executeQueryStatement(Loader.java:2059)
	at org.hibernate.loader.Loader.executeQueryStatement(Loader.java:2037)
	at org.hibernate.loader.Loader.doQuery(Loader.java:956)
	at org.hibernate.loader.Loader.doQueryAndInitializeNonLazyCollections(Loader.java:357)
	at org.hibernate.loader.Loader.doList(Loader.java:2868)
	at org.hibernate.loader.Loader.doList(Loader.java:2850)
	at org.hibernate.loader.Loader.listIgnoreQueryCache(Loader.java:2682)
	at org.hibernate.loader.Loader.list(Loader.java:2677)
	at org.hibernate.loader.hql.QueryLoader.list(QueryLoader.java:540)
	at org.hibernate.hql.internal.ast.QueryTranslatorImpl.list(QueryTranslatorImpl.java:400)
	at org.hibernate.engine.query.spi.HQLQueryPlan.performList(HQLQueryPlan.java:218)
	at org.hibernate.internal.SessionImpl.list(SessionImpl.java:1459)
	at org.hibernate.query.internal.AbstractProducedQuery.doList(AbstractProducedQuery.java:1649)
	at org.hibernate.query.internal.AbstractProducedQuery.list(AbstractProducedQuery.java:1617)
	at org.hibernate.query.internal.AbstractProducedQuery.getSingleResult(AbstractProducedQuery.java:1665)
	at com.querydsl.jpa.impl.AbstractJPAQuery.getSingleResult(AbstractJPAQuery.java:214)
	at com.querydsl.jpa.impl.AbstractJPAQuery.fetchOne(AbstractJPAQuery.java:326)
	at com.querydsl.core.support.FetchableQueryBase.fetchFirst(FetchableQueryBase.java:51)
	at com.meta.ponkids.domain.system.menu.repository.impl.MenuRepositoryImpl.findLastUpdtDtUserMenu(MenuRepositoryImpl.java:346)
	at com.meta.ponkids.domain.system.menu.repository.impl.MenuRepositoryImpl.findLastUpdtDtUserMenuCache(MenuRepositoryImpl.java:352)
	at com.meta.ponkids.domain.system.menu.repository.impl.MenuRepositoryImpl$$FastClassBySpringCGLIB$$892bba9f.invoke(<generated>)
	at org.springframework.cglib.proxy.MethodProxy.invoke(MethodProxy.java:218)
	at org.springframework.aop.framework.CglibAopProxy$CglibMethodInvocation.invokeJoinpoint(CglibAopProxy.java:792)
	at org.springframework.aop.framework.ReflectiveMethodInvocation.proceed(ReflectiveMethodInvocation.java:163)
	at org.springframework.aop.framework.CglibAopProxy$CglibMethodInvocation.proceed(CglibAopProxy.java:762)
	at org.springframework.dao.support.PersistenceExceptionTranslationInterceptor.invoke(PersistenceExceptionTranslationInterceptor.java:137)
	... 155 common frames omitted
Caused by: java.sql.SQLTransientConnectionException: HikariPool-1 - Connection is not available, request timed out after 30003ms.
	at com.zaxxer.hikari.pool.HikariPool.createTimeoutException(HikariPool.java:696)
	at com.zaxxer.hikari.pool.HikariPool.getConnection(HikariPool.java:197)
	at com.zaxxer.hikari.pool.HikariPool.getConnection(HikariPool.java:162)
	at com.zaxxer.hikari.HikariDataSource.getConnection(HikariDataSource.java:128)
	at com.p6spy.engine.spy.P6DataSource.getConnection(P6DataSource.java:300)
	at org.springframework.jdbc.datasource.DelegatingDataSource.getConnection(DelegatingDataSource.java:99)
	at org.hibernate.engine.jdbc.connections.internal.DatasourceConnectionProviderImpl.getConnection(DatasourceConnectionProviderImpl.java:122)
	at org.hibernate.internal.NonContextualJdbcConnectionAccess.obtainConnection(NonContextualJdbcConnectionAccess.java:38)
	at org.hibernate.resource.jdbc.internal.LogicalConnectionManagedImpl.acquireConnectionIfNeeded(LogicalConnectionManagedImpl.java:108)
	... 187 common frames omitted
Caused by: org.postgresql.util.PSQLException: 치명적오류: "jjeovi" 롤의 최대 동시 접속수를 초과했습니다
	at org.postgresql.core.v3.QueryExecutorImpl.receiveErrorResponse(QueryExecutorImpl.java:2675)
	at org.postgresql.core.v3.QueryExecutorImpl.readStartupMessages(QueryExecutorImpl.java:2787)
	at org.postgresql.core.v3.QueryExecutorImpl.<init>(QueryExecutorImpl.java:173)
	at org.postgresql.core.v3.ConnectionFactoryImpl.openConnectionImpl(ConnectionFactoryImpl.java:290)
	at org.postgresql.core.ConnectionFactory.openConnection(ConnectionFactory.java:49)
	at org.postgresql.jdbc.PgConnection.<init>(PgConnection.java:223)
	at org.postgresql.Driver.makeConnection(Driver.java:402)
	at org.postgresql.Driver.connect(Driver.java:261)
	at com.zaxxer.hikari.util.DriverDataSource.getConnection(DriverDataSource.java:138)
	at com.zaxxer.hikari.pool.PoolBase.newConnection(PoolBase.java:364)
	at com.zaxxer.hikari.pool.PoolBase.newPoolEntry(PoolBase.java:206)
	at com.zaxxer.hikari.pool.HikariPool.createPoolEntry(HikariPool.java:476)
	at com.zaxxer.hikari.pool.HikariPool.access$100(HikariPool.java:71)
	at com.zaxxer.hikari.pool.HikariPool$PoolEntryCreator.call(HikariPool.java:726)
	at com.zaxxer.hikari.pool.HikariPool$PoolEntryCreator.call(HikariPool.java:712)
	at java.base/java.util.concurrent.FutureTask.run(FutureTask.java:264)
	at java.base/java.util.concurrent.ThreadPoolExecutor.runWorker(ThreadPoolExecutor.java:1136)
	at java.base/java.util.concurrent.ThreadPoolExecutor$Worker.run(ThreadPoolExecutor.java:635)
	... 1 common frames omitted
[2024-02-19 15:05:41:1081662] ERROR 33736 --- [nio-8080-exec-3] o.h.e.jdbc.spi.SqlExceptionHelper        : HikariPool-1 - Connection is not available, request timed out after 30001ms.
[2024-02-19 15:05:41:1081663] ERROR 33736 --- [nio-8080-exec-3] o.h.e.jdbc.spi.SqlExceptionHelper        : 치명적오류: "jjeovi" 롤의 최대 동시 접속수를 초과했습니다
[2024-02-19 15:05:41:1081668] ERROR 33736 --- [nio-8080-exec-3] o.a.c.c.C.[.[.[.[dispatcherServlet]      : Servlet.service() for servlet [dispatcherServlet] threw exception
org.postgresql.util.PSQLException: 치명적오류: "jjeovi" 롤의 최대 동시 접속수를 초과했습니다
	at org.postgresql.core.v3.QueryExecutorImpl.receiveErrorResponse(QueryExecutorImpl.java:2675)
	at org.postgresql.core.v3.QueryExecutorImpl.readStartupMessages(QueryExecutorImpl.java:2787)
	at org.postgresql.core.v3.QueryExecutorImpl.<init>(QueryExecutorImpl.java:173)
	at org.postgresql.core.v3.ConnectionFactoryImpl.openConnectionImpl(ConnectionFactoryImpl.java:290)
	at org.postgresql.core.ConnectionFactory.openConnection(ConnectionFactory.java:49)
	at org.postgresql.jdbc.PgConnection.<init>(PgConnection.java:223)
	at org.postgresql.Driver.makeConnection(Driver.java:402)
	at org.postgresql.Driver.connect(Driver.java:261)
	at com.zaxxer.hikari.util.DriverDataSource.getConnection(DriverDataSource.java:138)
	at com.zaxxer.hikari.pool.PoolBase.newConnection(PoolBase.java:364)
	at com.zaxxer.hikari.pool.PoolBase.newPoolEntry(PoolBase.java:206)
	at com.zaxxer.hikari.pool.HikariPool.createPoolEntry(HikariPool.java:476)
	at com.zaxxer.hikari.pool.HikariPool.access$100(HikariPool.java:71)
	at com.zaxxer.hikari.pool.HikariPool$PoolEntryCreator.call(HikariPool.java:726)
	at com.zaxxer.hikari.pool.HikariPool$PoolEntryCreator.call(HikariPool.java:712)
	at java.base/java.util.concurrent.FutureTask.run(FutureTask.java:264)
	at java.base/java.util.concurrent.ThreadPoolExecutor.runWorker(ThreadPoolExecutor.java:1136)
	at java.base/java.util.concurrent.ThreadPoolExecutor$Worker.run(ThreadPoolExecutor.java:635)
	at java.base/java.lang.Thread.run(Thread.java:840)
[2024-02-19 15:05:41:1081671] ERROR 33736 --- [nio-8080-exec-3] o.a.c.c.C.[Tomcat].[localhost]           : Exception Processing ErrorPage[errorCode=0, location=/error]
org.springframework.web.util.NestedServletException: Request processing failed; nested exception is org.springframework.dao.DataAccessResourceFailureException: Unable to acquire JDBC Connection; nested exception is org.hibernate.exception.JDBCConnectionException: Unable to acquire JDBC Connection
	at org.springframework.web.servlet.FrameworkServlet.processRequest(FrameworkServlet.java:1014)
	at org.springframework.web.servlet.FrameworkServlet.doGet(FrameworkServlet.java:898)
	at javax.servlet.http.HttpServlet.service(HttpServlet.java:529)
	at org.springframework.web.servlet.FrameworkServlet.service(FrameworkServlet.java:883)
	at javax.servlet.http.HttpServlet.service(HttpServlet.java:623)
	at org.apache.catalina.core.ApplicationFilterChain.internalDoFilter(ApplicationFilterChain.java:209)
	at org.apache.catalina.core.ApplicationFilterChain.doFilter(ApplicationFilterChain.java:153)
	at org.springframework.security.web.FilterChainProxy$VirtualFilterChain.doFilter(FilterChainProxy.java:337)
	at org.springframework.security.web.access.intercept.FilterSecurityInterceptor.invoke(FilterSecurityInterceptor.java:106)
	at org.springframework.security.web.access.intercept.FilterSecurityInterceptor.doFilter(FilterSecurityInterceptor.java:81)
	at org.springframework.security.web.FilterChainProxy$VirtualFilterChain.doFilter(FilterChainProxy.java:346)
	at org.springframework.security.web.access.ExceptionTranslationFilter.doFilter(ExceptionTranslationFilter.java:122)
	at org.springframework.security.web.access.ExceptionTranslationFilter.doFilter(ExceptionTranslationFilter.java:116)
	at org.springframework.security.web.FilterChainProxy$VirtualFilterChain.doFilter(FilterChainProxy.java:346)
	at org.springframework.security.web.session.SessionManagementFilter.doFilter(SessionManagementFilter.java:87)
	at org.springframework.security.web.session.SessionManagementFilter.doFilter(SessionManagementFilter.java:81)
	at org.springframework.security.web.FilterChainProxy$VirtualFilterChain.doFilter(FilterChainProxy.java:346)
	at org.springframework.security.web.authentication.AnonymousAuthenticationFilter.doFilter(AnonymousAuthenticationFilter.java:109)
	at org.springframework.security.web.FilterChainProxy$VirtualFilterChain.doFilter(FilterChainProxy.java:346)
	at org.springframework.security.web.servletapi.SecurityContextHolderAwareRequestFilter.doFilter(SecurityContextHolderAwareRequestFilter.java:149)
	at org.springframework.security.web.FilterChainProxy$VirtualFilterChain.doFilter(FilterChainProxy.java:346)
	at org.springframework.security.web.savedrequest.RequestCacheAwareFilter.doFilter(RequestCacheAwareFilter.java:63)
	at org.springframework.security.web.FilterChainProxy$VirtualFilterChain.doFilter(FilterChainProxy.java:346)
	at org.springframework.web.filter.OncePerRequestFilter.doFilter(OncePerRequestFilter.java:102)
	at org.springframework.security.web.FilterChainProxy$VirtualFilterChain.doFilter(FilterChainProxy.java:346)
	at org.springframework.security.web.authentication.ui.DefaultLoginPageGeneratingFilter.doFilter(DefaultLoginPageGeneratingFilter.java:237)
	at org.springframework.security.web.authentication.ui.DefaultLoginPageGeneratingFilter.doFilter(DefaultLoginPageGeneratingFilter.java:223)
	at org.springframework.security.web.FilterChainProxy$VirtualFilterChain.doFilter(FilterChainProxy.java:346)
	at org.springframework.security.web.authentication.AbstractAuthenticationProcessingFilter.doFilter(AbstractAuthenticationProcessingFilter.java:223)
	at org.springframework.security.web.authentication.AbstractAuthenticationProcessingFilter.doFilter(AbstractAuthenticationProcessingFilter.java:217)
	at org.springframework.security.web.FilterChainProxy$VirtualFilterChain.doFilter(FilterChainProxy.java:346)
	at org.springframework.security.web.authentication.AbstractAuthenticationProcessingFilter.doFilter(AbstractAuthenticationProcessingFilter.java:223)
	at org.springframework.security.web.authentication.AbstractAuthenticationProcessingFilter.doFilter(AbstractAuthenticationProcessingFilter.java:217)
	at org.springframework.security.web.FilterChainProxy$VirtualFilterChain.doFilter(FilterChainProxy.java:346)
	at org.springframework.web.filter.OncePerRequestFilter.doFilter(OncePerRequestFilter.java:102)
	at org.springframework.security.web.FilterChainProxy$VirtualFilterChain.doFilter(FilterChainProxy.java:346)
	at org.springframework.security.web.authentication.logout.LogoutFilter.doFilter(LogoutFilter.java:103)
	at org.springframework.security.web.authentication.logout.LogoutFilter.doFilter(LogoutFilter.java:89)
	at org.springframework.security.web.FilterChainProxy$VirtualFilterChain.doFilter(FilterChainProxy.java:346)
	at org.springframework.web.filter.OncePerRequestFilter.doFilter(OncePerRequestFilter.java:102)
	at org.springframework.security.web.FilterChainProxy$VirtualFilterChain.doFilter(FilterChainProxy.java:346)
	at org.springframework.web.filter.OncePerRequestFilter.doFilter(OncePerRequestFilter.java:102)
	at org.springframework.security.web.FilterChainProxy$VirtualFilterChain.doFilter(FilterChainProxy.java:346)
	at org.springframework.security.web.context.SecurityContextPersistenceFilter.doFilter(SecurityContextPersistenceFilter.java:112)
	at org.springframework.security.web.context.SecurityContextPersistenceFilter.doFilter(SecurityContextPersistenceFilter.java:82)
	at org.springframework.security.web.FilterChainProxy$VirtualFilterChain.doFilter(FilterChainProxy.java:346)
	at org.springframework.web.filter.OncePerRequestFilter.doFilter(OncePerRequestFilter.java:102)
	at org.springframework.security.web.FilterChainProxy$VirtualFilterChain.doFilter(FilterChainProxy.java:346)
	at org.springframework.web.filter.OncePerRequestFilter.doFilter(OncePerRequestFilter.java:102)
	at org.springframework.security.web.FilterChainProxy$VirtualFilterChain.doFilter(FilterChainProxy.java:346)
	at org.springframework.web.filter.OncePerRequestFilter.doFilter(OncePerRequestFilter.java:102)
	at org.springframework.security.web.FilterChainProxy$VirtualFilterChain.doFilter(FilterChainProxy.java:346)
	at org.springframework.web.filter.OncePerRequestFilter.doFilter(OncePerRequestFilter.java:102)
	at org.springframework.security.web.FilterChainProxy$VirtualFilterChain.doFilter(FilterChainProxy.java:346)
	at org.springframework.security.web.FilterChainProxy.doFilterInternal(FilterChainProxy.java:221)
	at org.springframework.security.web.FilterChainProxy.doFilter(FilterChainProxy.java:186)
	at org.springframework.web.filter.DelegatingFilterProxy.invokeDelegate(DelegatingFilterProxy.java:354)
	at org.springframework.web.filter.DelegatingFilterProxy.doFilter(DelegatingFilterProxy.java:267)
	at org.apache.catalina.core.ApplicationFilterChain.internalDoFilter(ApplicationFilterChain.java:178)
	at org.apache.catalina.core.ApplicationFilterChain.doFilter(ApplicationFilterChain.java:153)
	at org.springframework.web.filter.RequestContextFilter.doFilterInternal(RequestContextFilter.java:100)
	at org.springframework.web.filter.OncePerRequestFilter.doFilter(OncePerRequestFilter.java:117)
	at org.apache.catalina.core.ApplicationFilterChain.internalDoFilter(ApplicationFilterChain.java:178)
	at org.apache.catalina.core.ApplicationFilterChain.doFilter(ApplicationFilterChain.java:153)
	at org.springframework.web.filter.OncePerRequestFilter.doFilter(OncePerRequestFilter.java:102)
	at org.apache.catalina.core.ApplicationFilterChain.internalDoFilter(ApplicationFilterChain.java:178)
	at org.apache.catalina.core.ApplicationFilterChain.doFilter(ApplicationFilterChain.java:153)
	at org.springframework.web.filter.OncePerRequestFilter.doFilter(OncePerRequestFilter.java:102)
	at org.apache.catalina.core.ApplicationFilterChain.internalDoFilter(ApplicationFilterChain.java:178)
	at org.apache.catalina.core.ApplicationFilterChain.doFilter(ApplicationFilterChain.java:153)
	at org.apache.catalina.core.ApplicationDispatcher.invoke(ApplicationDispatcher.java:661)
	at org.apache.catalina.core.ApplicationDispatcher.processRequest(ApplicationDispatcher.java:427)
	at org.apache.catalina.core.ApplicationDispatcher.doForward(ApplicationDispatcher.java:357)
	at org.apache.catalina.core.ApplicationDispatcher.forward(ApplicationDispatcher.java:294)
	at org.apache.catalina.core.StandardHostValve.custom(StandardHostValve.java:377)
	at org.apache.catalina.core.StandardHostValve.status(StandardHostValve.java:237)
	at org.apache.catalina.core.StandardHostValve.throwable(StandardHostValve.java:323)
	at org.apache.catalina.core.StandardHostValve.invoke(StandardHostValve.java:164)
	at org.apache.catalina.valves.ErrorReportValve.invoke(ErrorReportValve.java:93)
	at org.apache.catalina.core.StandardEngineValve.invoke(StandardEngineValve.java:74)
	at org.apache.catalina.connector.CoyoteAdapter.service(CoyoteAdapter.java:342)
	at org.apache.coyote.http11.Http11Processor.service(Http11Processor.java:390)
	at org.apache.coyote.AbstractProcessorLight.process(AbstractProcessorLight.java:63)
	at org.apache.coyote.AbstractProtocol$ConnectionHandler.process(AbstractProtocol.java:928)
	at org.apache.tomcat.util.net.NioEndpoint$SocketProcessor.doRun(NioEndpoint.java:1794)
	at org.apache.tomcat.util.net.SocketProcessorBase.run(SocketProcessorBase.java:52)
	at org.apache.tomcat.util.threads.ThreadPoolExecutor.runWorker(ThreadPoolExecutor.java:1191)
	at org.apache.tomcat.util.threads.ThreadPoolExecutor$Worker.run(ThreadPoolExecutor.java:659)
	at org.apache.tomcat.util.threads.TaskThread$WrappingRunnable.run(TaskThread.java:61)
	at java.base/java.lang.Thread.run(Thread.java:840)
Caused by: org.springframework.dao.DataAccessResourceFailureException: Unable to acquire JDBC Connection; nested exception is org.hibernate.exception.JDBCConnectionException: Unable to acquire JDBC Connection
	at org.springframework.orm.jpa.vendor.HibernateJpaDialect.convertHibernateAccessException(HibernateJpaDialect.java:255)
	at org.springframework.orm.jpa.vendor.HibernateJpaDialect.translateExceptionIfPossible(HibernateJpaDialect.java:233)
	at org.springframework.orm.jpa.AbstractEntityManagerFactoryBean.translateExceptionIfPossible(AbstractEntityManagerFactoryBean.java:551)
	at org.springframework.dao.support.ChainedPersistenceExceptionTranslator.translateExceptionIfPossible(ChainedPersistenceExceptionTranslator.java:61)
	at org.springframework.dao.support.DataAccessUtils.translateIfNecessary(DataAccessUtils.java:243)
	at org.springframework.dao.support.PersistenceExceptionTranslationInterceptor.invoke(PersistenceExceptionTranslationInterceptor.java:152)
	at org.springframework.aop.framework.ReflectiveMethodInvocation.proceed(ReflectiveMethodInvocation.java:186)
	at org.springframework.aop.framework.CglibAopProxy$CglibMethodInvocation.proceed(CglibAopProxy.java:762)
	at org.springframework.cache.interceptor.CacheInterceptor.lambda$invoke$0(CacheInterceptor.java:54)
	at org.springframework.cache.interceptor.CacheAspectSupport.invokeOperation(CacheAspectSupport.java:366)
	at org.springframework.cache.interceptor.CacheAspectSupport.execute(CacheAspectSupport.java:420)
	at org.springframework.cache.interceptor.CacheAspectSupport.execute(CacheAspectSupport.java:345)
	at org.springframework.cache.interceptor.CacheInterceptor.invoke(CacheInterceptor.java:64)
	at org.springframework.aop.framework.ReflectiveMethodInvocation.proceed(ReflectiveMethodInvocation.java:186)
	at org.springframework.aop.framework.CglibAopProxy$CglibMethodInvocation.proceed(CglibAopProxy.java:762)
	at org.springframework.aop.framework.CglibAopProxy$DynamicAdvisedInterceptor.intercept(CglibAopProxy.java:707)
	at com.meta.ponkids.domain.system.menu.repository.impl.MenuRepositoryImpl$$EnhancerBySpringCGLIB$$e2bee604.findLastUpdtDtUserMenuCache(<generated>)
	at java.base/jdk.internal.reflect.NativeMethodAccessorImpl.invoke0(Native Method)
	at java.base/jdk.internal.reflect.NativeMethodAccessorImpl.invoke(NativeMethodAccessorImpl.java:77)
	at java.base/jdk.internal.reflect.DelegatingMethodAccessorImpl.invoke(DelegatingMethodAccessorImpl.java:43)
	at java.base/java.lang.reflect.Method.invoke(Method.java:568)
	at org.springframework.data.repository.core.support.RepositoryMethodInvoker$RepositoryFragmentMethodInvoker.lambda$new$0(RepositoryMethodInvoker.java:289)
	at org.springframework.data.repository.core.support.RepositoryMethodInvoker.doInvoke(RepositoryMethodInvoker.java:137)
	at org.springframework.data.repository.core.support.RepositoryMethodInvoker.invoke(RepositoryMethodInvoker.java:121)
	at org.springframework.data.repository.core.support.RepositoryComposition$RepositoryFragments.invoke(RepositoryComposition.java:530)
	at org.springframework.data.repository.core.support.RepositoryComposition.invoke(RepositoryComposition.java:286)
	at org.springframework.data.repository.core.support.RepositoryFactorySupport$ImplementationMethodExecutionInterceptor.invoke(RepositoryFactorySupport.java:640)
	at org.springframework.aop.framework.ReflectiveMethodInvocation.proceed(ReflectiveMethodInvocation.java:186)
	at org.springframework.data.repository.core.support.QueryExecutorMethodInterceptor.doInvoke(QueryExecutorMethodInterceptor.java:164)
	at org.springframework.data.repository.core.support.QueryExecutorMethodInterceptor.invoke(QueryExecutorMethodInterceptor.java:139)
	at org.springframework.aop.framework.ReflectiveMethodInvocation.proceed(ReflectiveMethodInvocation.java:186)
	at org.springframework.data.projection.DefaultMethodInvokingMethodInterceptor.invoke(DefaultMethodInvokingMethodInterceptor.java:76)
	at org.springframework.aop.framework.ReflectiveMethodInvocation.proceed(ReflectiveMethodInvocation.java:186)
	at org.springframework.transaction.interceptor.TransactionInterceptor$1.proceedWithInvocation(TransactionInterceptor.java:123)
	at org.springframework.transaction.interceptor.TransactionAspectSupport.invokeWithinTransaction(TransactionAspectSupport.java:388)
	at org.springframework.transaction.interceptor.TransactionInterceptor.invoke(TransactionInterceptor.java:119)
	at org.springframework.aop.framework.ReflectiveMethodInvocation.proceed(ReflectiveMethodInvocation.java:186)
	at org.springframework.dao.support.PersistenceExceptionTranslationInterceptor.invoke(PersistenceExceptionTranslationInterceptor.java:137)
	at org.springframework.aop.framework.ReflectiveMethodInvocation.proceed(ReflectiveMethodInvocation.java:186)
	at org.springframework.data.jpa.repository.support.CrudMethodMetadataPostProcessor$CrudMethodMetadataPopulatingMethodInterceptor.invoke(CrudMethodMetadataPostProcessor.java:174)
	at org.springframework.aop.framework.ReflectiveMethodInvocation.proceed(ReflectiveMethodInvocation.java:186)
	at org.springframework.aop.interceptor.ExposeInvocationInterceptor.invoke(ExposeInvocationInterceptor.java:97)
	at org.springframework.aop.framework.ReflectiveMethodInvocation.proceed(ReflectiveMethodInvocation.java:186)
	at org.springframework.aop.framework.JdkDynamicAopProxy.invoke(JdkDynamicAopProxy.java:241)
	at jdk.proxy3/jdk.proxy3.$Proxy184.findLastUpdtDtUserMenuCache(Unknown Source)
	at java.base/jdk.internal.reflect.NativeMethodAccessorImpl.invoke0(Native Method)
	at java.base/jdk.internal.reflect.NativeMethodAccessorImpl.invoke(NativeMethodAccessorImpl.java:77)
	at java.base/jdk.internal.reflect.DelegatingMethodAccessorImpl.invoke(DelegatingMethodAccessorImpl.java:43)
	at java.base/java.lang.reflect.Method.invoke(Method.java:568)
	at org.springframework.aop.support.AopUtils.invokeJoinpointUsingReflection(AopUtils.java:344)
	at org.springframework.aop.framework.ReflectiveMethodInvocation.invokeJoinpoint(ReflectiveMethodInvocation.java:198)
	at org.springframework.aop.framework.ReflectiveMethodInvocation.proceed(ReflectiveMethodInvocation.java:163)
	at org.springframework.cache.interceptor.CacheInterceptor.lambda$invoke$0(CacheInterceptor.java:54)
	at org.springframework.cache.interceptor.CacheAspectSupport.invokeOperation(CacheAspectSupport.java:366)
	at org.springframework.cache.interceptor.CacheAspectSupport.execute(CacheAspectSupport.java:420)
	at org.springframework.cache.interceptor.CacheAspectSupport.execute(CacheAspectSupport.java:345)
	at org.springframework.cache.interceptor.CacheInterceptor.invoke(CacheInterceptor.java:64)
	at org.springframework.aop.framework.ReflectiveMethodInvocation.proceed(ReflectiveMethodInvocation.java:186)
	at org.springframework.aop.framework.JdkDynamicAopProxy.invoke(JdkDynamicAopProxy.java:241)
	at jdk.proxy3/jdk.proxy3.$Proxy184.findLastUpdtDtUserMenuCache(Unknown Source)
	at com.meta.ponkids.domain.system.menu.service.MenuService.getUserMenuList(MenuService.java:159)
	at com.meta.ponkids.domain.system.menu.service.MenuService$$FastClassBySpringCGLIB$$3064e131.invoke(<generated>)
	at org.springframework.cglib.proxy.MethodProxy.invoke(MethodProxy.java:218)
	at org.springframework.aop.framework.CglibAopProxy.invokeMethod(CglibAopProxy.java:386)
	at org.springframework.aop.framework.CglibAopProxy.access$000(CglibAopProxy.java:85)
	at org.springframework.aop.framework.CglibAopProxy$DynamicAdvisedInterceptor.intercept(CglibAopProxy.java:703)
	at com.meta.ponkids.domain.system.menu.service.MenuService$$EnhancerBySpringCGLIB$$a6e85268.getUserMenuList(<generated>)
	at com.meta.ponkids.global.config.interceptor.MenuInterceptor.postHandle(MenuInterceptor.java:34)
	at org.springframework.web.servlet.HandlerExecutionChain.applyPostHandle(HandlerExecutionChain.java:165)
	at org.springframework.web.servlet.DispatcherServlet.doDispatch(DispatcherServlet.java:1079)
	at org.springframework.web.servlet.DispatcherServlet.doService(DispatcherServlet.java:965)
	at org.springframework.web.servlet.FrameworkServlet.processRequest(FrameworkServlet.java:1006)
	... 89 common frames omitted
Caused by: org.hibernate.exception.JDBCConnectionException: Unable to acquire JDBC Connection
	at org.hibernate.exception.internal.SQLExceptionTypeDelegate.convert(SQLExceptionTypeDelegate.java:48)
	at org.hibernate.exception.internal.StandardSQLExceptionConverter.convert(StandardSQLExceptionConverter.java:37)
	at org.hibernate.engine.jdbc.spi.SqlExceptionHelper.convert(SqlExceptionHelper.java:113)
	at org.hibernate.engine.jdbc.spi.SqlExceptionHelper.convert(SqlExceptionHelper.java:99)
	at org.hibernate.resource.jdbc.internal.LogicalConnectionManagedImpl.acquireConnectionIfNeeded(LogicalConnectionManagedImpl.java:111)
	at org.hibernate.resource.jdbc.internal.LogicalConnectionManagedImpl.getPhysicalConnection(LogicalConnectionManagedImpl.java:138)
	at org.hibernate.engine.jdbc.internal.StatementPreparerImpl.connection(StatementPreparerImpl.java:50)
	at org.hibernate.engine.jdbc.internal.StatementPreparerImpl$5.doPrepare(StatementPreparerImpl.java:149)
	at org.hibernate.engine.jdbc.internal.StatementPreparerImpl$StatementPreparationTemplate.prepareStatement(StatementPreparerImpl.java:176)
	at org.hibernate.engine.jdbc.internal.StatementPreparerImpl.prepareQueryStatement(StatementPreparerImpl.java:151)
	at org.hibernate.loader.Loader.prepareQueryStatement(Loader.java:2122)
	at org.hibernate.loader.Loader.executeQueryStatement(Loader.java:2059)
	at org.hibernate.loader.Loader.executeQueryStatement(Loader.java:2037)
	at org.hibernate.loader.Loader.doQuery(Loader.java:956)
	at org.hibernate.loader.Loader.doQueryAndInitializeNonLazyCollections(Loader.java:357)
	at org.hibernate.loader.Loader.doList(Loader.java:2868)
	at org.hibernate.loader.Loader.doList(Loader.java:2850)
	at org.hibernate.loader.Loader.listIgnoreQueryCache(Loader.java:2682)
	at org.hibernate.loader.Loader.list(Loader.java:2677)
	at org.hibernate.loader.hql.QueryLoader.list(QueryLoader.java:540)
	at org.hibernate.hql.internal.ast.QueryTranslatorImpl.list(QueryTranslatorImpl.java:400)
	at org.hibernate.engine.query.spi.HQLQueryPlan.performList(HQLQueryPlan.java:218)
	at org.hibernate.internal.SessionImpl.list(SessionImpl.java:1459)
	at org.hibernate.query.internal.AbstractProducedQuery.doList(AbstractProducedQuery.java:1649)
	at org.hibernate.query.internal.AbstractProducedQuery.list(AbstractProducedQuery.java:1617)
	at org.hibernate.query.internal.AbstractProducedQuery.getSingleResult(AbstractProducedQuery.java:1665)
	at com.querydsl.jpa.impl.AbstractJPAQuery.getSingleResult(AbstractJPAQuery.java:214)
	at com.querydsl.jpa.impl.AbstractJPAQuery.fetchOne(AbstractJPAQuery.java:326)
	at com.querydsl.core.support.FetchableQueryBase.fetchFirst(FetchableQueryBase.java:51)
	at com.meta.ponkids.domain.system.menu.repository.impl.MenuRepositoryImpl.findLastUpdtDtUserMenu(MenuRepositoryImpl.java:346)
	at com.meta.ponkids.domain.system.menu.repository.impl.MenuRepositoryImpl.findLastUpdtDtUserMenuCache(MenuRepositoryImpl.java:352)
	at com.meta.ponkids.domain.system.menu.repository.impl.MenuRepositoryImpl$$FastClassBySpringCGLIB$$892bba9f.invoke(<generated>)
	at org.springframework.cglib.proxy.MethodProxy.invoke(MethodProxy.java:218)
	at org.springframework.aop.framework.CglibAopProxy$CglibMethodInvocation.invokeJoinpoint(CglibAopProxy.java:792)
	at org.springframework.aop.framework.ReflectiveMethodInvocation.proceed(ReflectiveMethodInvocation.java:163)
	at org.springframework.aop.framework.CglibAopProxy$CglibMethodInvocation.proceed(CglibAopProxy.java:762)
	at org.springframework.dao.support.PersistenceExceptionTranslationInterceptor.invoke(PersistenceExceptionTranslationInterceptor.java:137)
	... 155 common frames omitted
Caused by: java.sql.SQLTransientConnectionException: HikariPool-1 - Connection is not available, request timed out after 30001ms.
	at com.zaxxer.hikari.pool.HikariPool.createTimeoutException(HikariPool.java:696)
	at com.zaxxer.hikari.pool.HikariPool.getConnection(HikariPool.java:197)
	at com.zaxxer.hikari.pool.HikariPool.getConnection(HikariPool.java:162)
	at com.zaxxer.hikari.HikariDataSource.getConnection(HikariDataSource.java:128)
	at com.p6spy.engine.spy.P6DataSource.getConnection(P6DataSource.java:300)
	at org.springframework.jdbc.datasource.DelegatingDataSource.getConnection(DelegatingDataSource.java:99)
	at org.hibernate.engine.jdbc.connections.internal.DatasourceConnectionProviderImpl.getConnection(DatasourceConnectionProviderImpl.java:122)
	at org.hibernate.internal.NonContextualJdbcConnectionAccess.obtainConnection(NonContextualJdbcConnectionAccess.java:38)
	at org.hibernate.resource.jdbc.internal.LogicalConnectionManagedImpl.acquireConnectionIfNeeded(LogicalConnectionManagedImpl.java:108)
	... 187 common frames omitted
Caused by: org.postgresql.util.PSQLException: 치명적오류: "jjeovi" 롤의 최대 동시 접속수를 초과했습니다
	at org.postgresql.core.v3.QueryExecutorImpl.receiveErrorResponse(QueryExecutorImpl.java:2675)
	at org.postgresql.core.v3.QueryExecutorImpl.readStartupMessages(QueryExecutorImpl.java:2787)
	at org.postgresql.core.v3.QueryExecutorImpl.<init>(QueryExecutorImpl.java:173)
	at org.postgresql.core.v3.ConnectionFactoryImpl.openConnectionImpl(ConnectionFactoryImpl.java:290)
	at org.postgresql.core.ConnectionFactory.openConnection(ConnectionFactory.java:49)
	at org.postgresql.jdbc.PgConnection.<init>(PgConnection.java:223)
	at org.postgresql.Driver.makeConnection(Driver.java:402)
	at org.postgresql.Driver.connect(Driver.java:261)
	at com.zaxxer.hikari.util.DriverDataSource.getConnection(DriverDataSource.java:138)
	at com.zaxxer.hikari.pool.PoolBase.newConnection(PoolBase.java:364)
	at com.zaxxer.hikari.pool.PoolBase.newPoolEntry(PoolBase.java:206)
	at com.zaxxer.hikari.pool.HikariPool.createPoolEntry(HikariPool.java:476)
	at com.zaxxer.hikari.pool.HikariPool.access$100(HikariPool.java:71)
	at com.zaxxer.hikari.pool.HikariPool$PoolEntryCreator.call(HikariPool.java:726)
	at com.zaxxer.hikari.pool.HikariPool$PoolEntryCreator.call(HikariPool.java:712)
	at java.base/java.util.concurrent.FutureTask.run(FutureTask.java:264)
	at java.base/java.util.concurrent.ThreadPoolExecutor.runWorker(ThreadPoolExecutor.java:1136)
	at java.base/java.util.concurrent.ThreadPoolExecutor$Worker.run(ThreadPoolExecutor.java:635)
	... 1 common frames omitted
[2024-02-19 15:05:42:1082865] ERROR 33736 --- [nio-8080-exec-4] o.h.e.jdbc.spi.SqlExceptionHelper        : HikariPool-1 - Connection is not available, request timed out after 30005ms.
[2024-02-19 15:05:42:1082866] ERROR 33736 --- [nio-8080-exec-4] o.h.e.jdbc.spi.SqlExceptionHelper        : 치명적오류: "jjeovi" 롤의 최대 동시 접속수를 초과했습니다
[2024-02-19 15:05:42:1082869] ERROR 33736 --- [nio-8080-exec-4] o.a.c.c.C.[.[.[.[dispatcherServlet]      : Servlet.service() for servlet [dispatcherServlet] threw exception
org.postgresql.util.PSQLException: 치명적오류: "jjeovi" 롤의 최대 동시 접속수를 초과했습니다
	at org.postgresql.core.v3.QueryExecutorImpl.receiveErrorResponse(QueryExecutorImpl.java:2675)
	at org.postgresql.core.v3.QueryExecutorImpl.readStartupMessages(QueryExecutorImpl.java:2787)
	at org.postgresql.core.v3.QueryExecutorImpl.<init>(QueryExecutorImpl.java:173)
	at org.postgresql.core.v3.ConnectionFactoryImpl.openConnectionImpl(ConnectionFactoryImpl.java:290)
	at org.postgresql.core.ConnectionFactory.openConnection(ConnectionFactory.java:49)
	at org.postgresql.jdbc.PgConnection.<init>(PgConnection.java:223)
	at org.postgresql.Driver.makeConnection(Driver.java:402)
	at org.postgresql.Driver.connect(Driver.java:261)
	at com.zaxxer.hikari.util.DriverDataSource.getConnection(DriverDataSource.java:138)
	at com.zaxxer.hikari.pool.PoolBase.newConnection(PoolBase.java:364)
	at com.zaxxer.hikari.pool.PoolBase.newPoolEntry(PoolBase.java:206)
	at com.zaxxer.hikari.pool.HikariPool.createPoolEntry(HikariPool.java:476)
	at com.zaxxer.hikari.pool.HikariPool.access$100(HikariPool.java:71)
	at com.zaxxer.hikari.pool.HikariPool$PoolEntryCreator.call(HikariPool.java:726)
	at com.zaxxer.hikari.pool.HikariPool$PoolEntryCreator.call(HikariPool.java:712)
	at java.base/java.util.concurrent.FutureTask.run(FutureTask.java:264)
	at java.base/java.util.concurrent.ThreadPoolExecutor.runWorker(ThreadPoolExecutor.java:1136)
	at java.base/java.util.concurrent.ThreadPoolExecutor$Worker.run(ThreadPoolExecutor.java:635)
	at java.base/java.lang.Thread.run(Thread.java:840)
[2024-02-19 15:05:42:1082873] ERROR 33736 --- [nio-8080-exec-4] o.a.c.c.C.[Tomcat].[localhost]           : Exception Processing ErrorPage[errorCode=0, location=/error]
org.springframework.web.util.NestedServletException: Request processing failed; nested exception is org.springframework.dao.DataAccessResourceFailureException: Unable to acquire JDBC Connection; nested exception is org.hibernate.exception.JDBCConnectionException: Unable to acquire JDBC Connection
	at org.springframework.web.servlet.FrameworkServlet.processRequest(FrameworkServlet.java:1014)
	at org.springframework.web.servlet.FrameworkServlet.doGet(FrameworkServlet.java:898)
	at javax.servlet.http.HttpServlet.service(HttpServlet.java:529)
	at org.springframework.web.servlet.FrameworkServlet.service(FrameworkServlet.java:883)
	at javax.servlet.http.HttpServlet.service(HttpServlet.java:623)
	at org.apache.catalina.core.ApplicationFilterChain.internalDoFilter(ApplicationFilterChain.java:209)
	at org.apache.catalina.core.ApplicationFilterChain.doFilter(ApplicationFilterChain.java:153)
	at org.springframework.security.web.FilterChainProxy$VirtualFilterChain.doFilter(FilterChainProxy.java:337)
	at org.springframework.security.web.access.intercept.FilterSecurityInterceptor.invoke(FilterSecurityInterceptor.java:106)
	at org.springframework.security.web.access.intercept.FilterSecurityInterceptor.doFilter(FilterSecurityInterceptor.java:81)
	at org.springframework.security.web.FilterChainProxy$VirtualFilterChain.doFilter(FilterChainProxy.java:346)
	at org.springframework.security.web.access.ExceptionTranslationFilter.doFilter(ExceptionTranslationFilter.java:122)
	at org.springframework.security.web.access.ExceptionTranslationFilter.doFilter(ExceptionTranslationFilter.java:116)
	at org.springframework.security.web.FilterChainProxy$VirtualFilterChain.doFilter(FilterChainProxy.java:346)
	at org.springframework.security.web.session.SessionManagementFilter.doFilter(SessionManagementFilter.java:87)
	at org.springframework.security.web.session.SessionManagementFilter.doFilter(SessionManagementFilter.java:81)
	at org.springframework.security.web.FilterChainProxy$VirtualFilterChain.doFilter(FilterChainProxy.java:346)
	at org.springframework.security.web.authentication.AnonymousAuthenticationFilter.doFilter(AnonymousAuthenticationFilter.java:109)
	at org.springframework.security.web.FilterChainProxy$VirtualFilterChain.doFilter(FilterChainProxy.java:346)
	at org.springframework.security.web.servletapi.SecurityContextHolderAwareRequestFilter.doFilter(SecurityContextHolderAwareRequestFilter.java:149)
	at org.springframework.security.web.FilterChainProxy$VirtualFilterChain.doFilter(FilterChainProxy.java:346)
	at org.springframework.security.web.savedrequest.RequestCacheAwareFilter.doFilter(RequestCacheAwareFilter.java:63)
	at org.springframework.security.web.FilterChainProxy$VirtualFilterChain.doFilter(FilterChainProxy.java:346)
	at org.springframework.web.filter.OncePerRequestFilter.doFilter(OncePerRequestFilter.java:102)
	at org.springframework.security.web.FilterChainProxy$VirtualFilterChain.doFilter(FilterChainProxy.java:346)
	at org.springframework.security.web.authentication.ui.DefaultLoginPageGeneratingFilter.doFilter(DefaultLoginPageGeneratingFilter.java:237)
	at org.springframework.security.web.authentication.ui.DefaultLoginPageGeneratingFilter.doFilter(DefaultLoginPageGeneratingFilter.java:223)
	at org.springframework.security.web.FilterChainProxy$VirtualFilterChain.doFilter(FilterChainProxy.java:346)
	at org.springframework.security.web.authentication.AbstractAuthenticationProcessingFilter.doFilter(AbstractAuthenticationProcessingFilter.java:223)
	at org.springframework.security.web.authentication.AbstractAuthenticationProcessingFilter.doFilter(AbstractAuthenticationProcessingFilter.java:217)
	at org.springframework.security.web.FilterChainProxy$VirtualFilterChain.doFilter(FilterChainProxy.java:346)
	at org.springframework.security.web.authentication.AbstractAuthenticationProcessingFilter.doFilter(AbstractAuthenticationProcessingFilter.java:223)
	at org.springframework.security.web.authentication.AbstractAuthenticationProcessingFilter.doFilter(AbstractAuthenticationProcessingFilter.java:217)
	at org.springframework.security.web.FilterChainProxy$VirtualFilterChain.doFilter(FilterChainProxy.java:346)
	at org.springframework.web.filter.OncePerRequestFilter.doFilter(OncePerRequestFilter.java:102)
	at org.springframework.security.web.FilterChainProxy$VirtualFilterChain.doFilter(FilterChainProxy.java:346)
	at org.springframework.security.web.authentication.logout.LogoutFilter.doFilter(LogoutFilter.java:103)
	at org.springframework.security.web.authentication.logout.LogoutFilter.doFilter(LogoutFilter.java:89)
	at org.springframework.security.web.FilterChainProxy$VirtualFilterChain.doFilter(FilterChainProxy.java:346)
	at org.springframework.web.filter.OncePerRequestFilter.doFilter(OncePerRequestFilter.java:102)
	at org.springframework.security.web.FilterChainProxy$VirtualFilterChain.doFilter(FilterChainProxy.java:346)
	at org.springframework.web.filter.OncePerRequestFilter.doFilter(OncePerRequestFilter.java:102)
	at org.springframework.security.web.FilterChainProxy$VirtualFilterChain.doFilter(FilterChainProxy.java:346)
	at org.springframework.security.web.context.SecurityContextPersistenceFilter.doFilter(SecurityContextPersistenceFilter.java:112)
	at org.springframework.security.web.context.SecurityContextPersistenceFilter.doFilter(SecurityContextPersistenceFilter.java:82)
	at org.springframework.security.web.FilterChainProxy$VirtualFilterChain.doFilter(FilterChainProxy.java:346)
	at org.springframework.web.filter.OncePerRequestFilter.doFilter(OncePerRequestFilter.java:102)
	at org.springframework.security.web.FilterChainProxy$VirtualFilterChain.doFilter(FilterChainProxy.java:346)
	at org.springframework.web.filter.OncePerRequestFilter.doFilter(OncePerRequestFilter.java:102)
	at org.springframework.security.web.FilterChainProxy$VirtualFilterChain.doFilter(FilterChainProxy.java:346)
	at org.springframework.web.filter.OncePerRequestFilter.doFilter(OncePerRequestFilter.java:102)
	at org.springframework.security.web.FilterChainProxy$VirtualFilterChain.doFilter(FilterChainProxy.java:346)
	at org.springframework.web.filter.OncePerRequestFilter.doFilter(OncePerRequestFilter.java:102)
	at org.springframework.security.web.FilterChainProxy$VirtualFilterChain.doFilter(FilterChainProxy.java:346)
	at org.springframework.security.web.FilterChainProxy.doFilterInternal(FilterChainProxy.java:221)
	at org.springframework.security.web.FilterChainProxy.doFilter(FilterChainProxy.java:186)
	at org.springframework.web.filter.DelegatingFilterProxy.invokeDelegate(DelegatingFilterProxy.java:354)
	at org.springframework.web.filter.DelegatingFilterProxy.doFilter(DelegatingFilterProxy.java:267)
	at org.apache.catalina.core.ApplicationFilterChain.internalDoFilter(ApplicationFilterChain.java:178)
	at org.apache.catalina.core.ApplicationFilterChain.doFilter(ApplicationFilterChain.java:153)
	at org.springframework.web.filter.RequestContextFilter.doFilterInternal(RequestContextFilter.java:100)
	at org.springframework.web.filter.OncePerRequestFilter.doFilter(OncePerRequestFilter.java:117)
	at org.apache.catalina.core.ApplicationFilterChain.internalDoFilter(ApplicationFilterChain.java:178)
	at org.apache.catalina.core.ApplicationFilterChain.doFilter(ApplicationFilterChain.java:153)
	at org.springframework.web.filter.OncePerRequestFilter.doFilter(OncePerRequestFilter.java:102)
	at org.apache.catalina.core.ApplicationFilterChain.internalDoFilter(ApplicationFilterChain.java:178)
	at org.apache.catalina.core.ApplicationFilterChain.doFilter(ApplicationFilterChain.java:153)
	at org.springframework.web.filter.OncePerRequestFilter.doFilter(OncePerRequestFilter.java:102)
	at org.apache.catalina.core.ApplicationFilterChain.internalDoFilter(ApplicationFilterChain.java:178)
	at org.apache.catalina.core.ApplicationFilterChain.doFilter(ApplicationFilterChain.java:153)
	at org.apache.catalina.core.ApplicationDispatcher.invoke(ApplicationDispatcher.java:661)
	at org.apache.catalina.core.ApplicationDispatcher.processRequest(ApplicationDispatcher.java:427)
	at org.apache.catalina.core.ApplicationDispatcher.doForward(ApplicationDispatcher.java:357)
	at org.apache.catalina.core.ApplicationDispatcher.forward(ApplicationDispatcher.java:294)
	at org.apache.catalina.core.StandardHostValve.custom(StandardHostValve.java:377)
	at org.apache.catalina.core.StandardHostValve.status(StandardHostValve.java:237)
	at org.apache.catalina.core.StandardHostValve.throwable(StandardHostValve.java:323)
	at org.apache.catalina.core.StandardHostValve.invoke(StandardHostValve.java:164)
	at org.apache.catalina.valves.ErrorReportValve.invoke(ErrorReportValve.java:93)
	at org.apache.catalina.core.StandardEngineValve.invoke(StandardEngineValve.java:74)
	at org.apache.catalina.connector.CoyoteAdapter.service(CoyoteAdapter.java:342)
	at org.apache.coyote.http11.Http11Processor.service(Http11Processor.java:390)
	at org.apache.coyote.AbstractProcessorLight.process(AbstractProcessorLight.java:63)
	at org.apache.coyote.AbstractProtocol$ConnectionHandler.process(AbstractProtocol.java:928)
	at org.apache.tomcat.util.net.NioEndpoint$SocketProcessor.doRun(NioEndpoint.java:1794)
	at org.apache.tomcat.util.net.SocketProcessorBase.run(SocketProcessorBase.java:52)
	at org.apache.tomcat.util.threads.ThreadPoolExecutor.runWorker(ThreadPoolExecutor.java:1191)
	at org.apache.tomcat.util.threads.ThreadPoolExecutor$Worker.run(ThreadPoolExecutor.java:659)
	at org.apache.tomcat.util.threads.TaskThread$WrappingRunnable.run(TaskThread.java:61)
	at java.base/java.lang.Thread.run(Thread.java:840)
Caused by: org.springframework.dao.DataAccessResourceFailureException: Unable to acquire JDBC Connection; nested exception is org.hibernate.exception.JDBCConnectionException: Unable to acquire JDBC Connection
	at org.springframework.orm.jpa.vendor.HibernateJpaDialect.convertHibernateAccessException(HibernateJpaDialect.java:255)
	at org.springframework.orm.jpa.vendor.HibernateJpaDialect.translateExceptionIfPossible(HibernateJpaDialect.java:233)
	at org.springframework.orm.jpa.AbstractEntityManagerFactoryBean.translateExceptionIfPossible(AbstractEntityManagerFactoryBean.java:551)
	at org.springframework.dao.support.ChainedPersistenceExceptionTranslator.translateExceptionIfPossible(ChainedPersistenceExceptionTranslator.java:61)
	at org.springframework.dao.support.DataAccessUtils.translateIfNecessary(DataAccessUtils.java:243)
	at org.springframework.dao.support.PersistenceExceptionTranslationInterceptor.invoke(PersistenceExceptionTranslationInterceptor.java:152)
	at org.springframework.aop.framework.ReflectiveMethodInvocation.proceed(ReflectiveMethodInvocation.java:186)
	at org.springframework.aop.framework.CglibAopProxy$CglibMethodInvocation.proceed(CglibAopProxy.java:762)
	at org.springframework.cache.interceptor.CacheInterceptor.lambda$invoke$0(CacheInterceptor.java:54)
	at org.springframework.cache.interceptor.CacheAspectSupport.invokeOperation(CacheAspectSupport.java:366)
	at org.springframework.cache.interceptor.CacheAspectSupport.execute(CacheAspectSupport.java:420)
	at org.springframework.cache.interceptor.CacheAspectSupport.execute(CacheAspectSupport.java:345)
	at org.springframework.cache.interceptor.CacheInterceptor.invoke(CacheInterceptor.java:64)
	at org.springframework.aop.framework.ReflectiveMethodInvocation.proceed(ReflectiveMethodInvocation.java:186)
	at org.springframework.aop.framework.CglibAopProxy$CglibMethodInvocation.proceed(CglibAopProxy.java:762)
	at org.springframework.aop.framework.CglibAopProxy$DynamicAdvisedInterceptor.intercept(CglibAopProxy.java:707)
	at com.meta.ponkids.domain.system.menu.repository.impl.MenuRepositoryImpl$$EnhancerBySpringCGLIB$$e2bee604.findLastUpdtDtUserMenuCache(<generated>)
	at java.base/jdk.internal.reflect.NativeMethodAccessorImpl.invoke0(Native Method)
	at java.base/jdk.internal.reflect.NativeMethodAccessorImpl.invoke(NativeMethodAccessorImpl.java:77)
	at java.base/jdk.internal.reflect.DelegatingMethodAccessorImpl.invoke(DelegatingMethodAccessorImpl.java:43)
	at java.base/java.lang.reflect.Method.invoke(Method.java:568)
	at org.springframework.data.repository.core.support.RepositoryMethodInvoker$RepositoryFragmentMethodInvoker.lambda$new$0(RepositoryMethodInvoker.java:289)
	at org.springframework.data.repository.core.support.RepositoryMethodInvoker.doInvoke(RepositoryMethodInvoker.java:137)
	at org.springframework.data.repository.core.support.RepositoryMethodInvoker.invoke(RepositoryMethodInvoker.java:121)
	at org.springframework.data.repository.core.support.RepositoryComposition$RepositoryFragments.invoke(RepositoryComposition.java:530)
	at org.springframework.data.repository.core.support.RepositoryComposition.invoke(RepositoryComposition.java:286)
	at org.springframework.data.repository.core.support.RepositoryFactorySupport$ImplementationMethodExecutionInterceptor.invoke(RepositoryFactorySupport.java:640)
	at org.springframework.aop.framework.ReflectiveMethodInvocation.proceed(ReflectiveMethodInvocation.java:186)
	at org.springframework.data.repository.core.support.QueryExecutorMethodInterceptor.doInvoke(QueryExecutorMethodInterceptor.java:164)
	at org.springframework.data.repository.core.support.QueryExecutorMethodInterceptor.invoke(QueryExecutorMethodInterceptor.java:139)
	at org.springframework.aop.framework.ReflectiveMethodInvocation.proceed(ReflectiveMethodInvocation.java:186)
	at org.springframework.data.projection.DefaultMethodInvokingMethodInterceptor.invoke(DefaultMethodInvokingMethodInterceptor.java:76)
	at org.springframework.aop.framework.ReflectiveMethodInvocation.proceed(ReflectiveMethodInvocation.java:186)
	at org.springframework.transaction.interceptor.TransactionInterceptor$1.proceedWithInvocation(TransactionInterceptor.java:123)
	at org.springframework.transaction.interceptor.TransactionAspectSupport.invokeWithinTransaction(TransactionAspectSupport.java:388)
	at org.springframework.transaction.interceptor.TransactionInterceptor.invoke(TransactionInterceptor.java:119)
	at org.springframework.aop.framework.ReflectiveMethodInvocation.proceed(ReflectiveMethodInvocation.java:186)
	at org.springframework.dao.support.PersistenceExceptionTranslationInterceptor.invoke(PersistenceExceptionTranslationInterceptor.java:137)
	at org.springframework.aop.framework.ReflectiveMethodInvocation.proceed(ReflectiveMethodInvocation.java:186)
	at org.springframework.data.jpa.repository.support.CrudMethodMetadataPostProcessor$CrudMethodMetadataPopulatingMethodInterceptor.invoke(CrudMethodMetadataPostProcessor.java:174)
	at org.springframework.aop.framework.ReflectiveMethodInvocation.proceed(ReflectiveMethodInvocation.java:186)
	at org.springframework.aop.interceptor.ExposeInvocationInterceptor.invoke(ExposeInvocationInterceptor.java:97)
	at org.springframework.aop.framework.ReflectiveMethodInvocation.proceed(ReflectiveMethodInvocation.java:186)
	at org.springframework.aop.framework.JdkDynamicAopProxy.invoke(JdkDynamicAopProxy.java:241)
	at jdk.proxy3/jdk.proxy3.$Proxy184.findLastUpdtDtUserMenuCache(Unknown Source)
	at java.base/jdk.internal.reflect.NativeMethodAccessorImpl.invoke0(Native Method)
	at java.base/jdk.internal.reflect.NativeMethodAccessorImpl.invoke(NativeMethodAccessorImpl.java:77)
	at java.base/jdk.internal.reflect.DelegatingMethodAccessorImpl.invoke(DelegatingMethodAccessorImpl.java:43)
	at java.base/java.lang.reflect.Method.invoke(Method.java:568)
	at org.springframework.aop.support.AopUtils.invokeJoinpointUsingReflection(AopUtils.java:344)
	at org.springframework.aop.framework.ReflectiveMethodInvocation.invokeJoinpoint(ReflectiveMethodInvocation.java:198)
	at org.springframework.aop.framework.ReflectiveMethodInvocation.proceed(ReflectiveMethodInvocation.java:163)
	at org.springframework.cache.interceptor.CacheInterceptor.lambda$invoke$0(CacheInterceptor.java:54)
	at org.springframework.cache.interceptor.CacheAspectSupport.invokeOperation(CacheAspectSupport.java:366)
	at org.springframework.cache.interceptor.CacheAspectSupport.execute(CacheAspectSupport.java:420)
	at org.springframework.cache.interceptor.CacheAspectSupport.execute(CacheAspectSupport.java:345)
	at org.springframework.cache.interceptor.CacheInterceptor.invoke(CacheInterceptor.java:64)
	at org.springframework.aop.framework.ReflectiveMethodInvocation.proceed(ReflectiveMethodInvocation.java:186)
	at org.springframework.aop.framework.JdkDynamicAopProxy.invoke(JdkDynamicAopProxy.java:241)
	at jdk.proxy3/jdk.proxy3.$Proxy184.findLastUpdtDtUserMenuCache(Unknown Source)
	at com.meta.ponkids.domain.system.menu.service.MenuService.getUserMenuList(MenuService.java:159)
	at com.meta.ponkids.domain.system.menu.service.MenuService$$FastClassBySpringCGLIB$$3064e131.invoke(<generated>)
	at org.springframework.cglib.proxy.MethodProxy.invoke(MethodProxy.java:218)
	at org.springframework.aop.framework.CglibAopProxy.invokeMethod(CglibAopProxy.java:386)
	at org.springframework.aop.framework.CglibAopProxy.access$000(CglibAopProxy.java:85)
	at org.springframework.aop.framework.CglibAopProxy$DynamicAdvisedInterceptor.intercept(CglibAopProxy.java:703)
	at com.meta.ponkids.domain.system.menu.service.MenuService$$EnhancerBySpringCGLIB$$a6e85268.getUserMenuList(<generated>)
	at com.meta.ponkids.global.config.interceptor.MenuInterceptor.postHandle(MenuInterceptor.java:34)
	at org.springframework.web.servlet.HandlerExecutionChain.applyPostHandle(HandlerExecutionChain.java:165)
	at org.springframework.web.servlet.DispatcherServlet.doDispatch(DispatcherServlet.java:1079)
	at org.springframework.web.servlet.DispatcherServlet.doService(DispatcherServlet.java:965)
	at org.springframework.web.servlet.FrameworkServlet.processRequest(FrameworkServlet.java:1006)
	... 89 common frames omitted
Caused by: org.hibernate.exception.JDBCConnectionException: Unable to acquire JDBC Connection
	at org.hibernate.exception.internal.SQLExceptionTypeDelegate.convert(SQLExceptionTypeDelegate.java:48)
	at org.hibernate.exception.internal.StandardSQLExceptionConverter.convert(StandardSQLExceptionConverter.java:37)
	at org.hibernate.engine.jdbc.spi.SqlExceptionHelper.convert(SqlExceptionHelper.java:113)
	at org.hibernate.engine.jdbc.spi.SqlExceptionHelper.convert(SqlExceptionHelper.java:99)
	at org.hibernate.resource.jdbc.internal.LogicalConnectionManagedImpl.acquireConnectionIfNeeded(LogicalConnectionManagedImpl.java:111)
	at org.hibernate.resource.jdbc.internal.LogicalConnectionManagedImpl.getPhysicalConnection(LogicalConnectionManagedImpl.java:138)
	at org.hibernate.engine.jdbc.internal.StatementPreparerImpl.connection(StatementPreparerImpl.java:50)
	at org.hibernate.engine.jdbc.internal.StatementPreparerImpl$5.doPrepare(StatementPreparerImpl.java:149)
	at org.hibernate.engine.jdbc.internal.StatementPreparerImpl$StatementPreparationTemplate.prepareStatement(StatementPreparerImpl.java:176)
	at org.hibernate.engine.jdbc.internal.StatementPreparerImpl.prepareQueryStatement(StatementPreparerImpl.java:151)
	at org.hibernate.loader.Loader.prepareQueryStatement(Loader.java:2122)
	at org.hibernate.loader.Loader.executeQueryStatement(Loader.java:2059)
	at org.hibernate.loader.Loader.executeQueryStatement(Loader.java:2037)
	at org.hibernate.loader.Loader.doQuery(Loader.java:956)
	at org.hibernate.loader.Loader.doQueryAndInitializeNonLazyCollections(Loader.java:357)
	at org.hibernate.loader.Loader.doList(Loader.java:2868)
	at org.hibernate.loader.Loader.doList(Loader.java:2850)
	at org.hibernate.loader.Loader.listIgnoreQueryCache(Loader.java:2682)
	at org.hibernate.loader.Loader.list(Loader.java:2677)
	at org.hibernate.loader.hql.QueryLoader.list(QueryLoader.java:540)
	at org.hibernate.hql.internal.ast.QueryTranslatorImpl.list(QueryTranslatorImpl.java:400)
	at org.hibernate.engine.query.spi.HQLQueryPlan.performList(HQLQueryPlan.java:218)
	at org.hibernate.internal.SessionImpl.list(SessionImpl.java:1459)
	at org.hibernate.query.internal.AbstractProducedQuery.doList(AbstractProducedQuery.java:1649)
	at org.hibernate.query.internal.AbstractProducedQuery.list(AbstractProducedQuery.java:1617)
	at org.hibernate.query.internal.AbstractProducedQuery.getSingleResult(AbstractProducedQuery.java:1665)
	at com.querydsl.jpa.impl.AbstractJPAQuery.getSingleResult(AbstractJPAQuery.java:214)
	at com.querydsl.jpa.impl.AbstractJPAQuery.fetchOne(AbstractJPAQuery.java:326)
	at com.querydsl.core.support.FetchableQueryBase.fetchFirst(FetchableQueryBase.java:51)
	at com.meta.ponkids.domain.system.menu.repository.impl.MenuRepositoryImpl.findLastUpdtDtUserMenu(MenuRepositoryImpl.java:346)
	at com.meta.ponkids.domain.system.menu.repository.impl.MenuRepositoryImpl.findLastUpdtDtUserMenuCache(MenuRepositoryImpl.java:352)
	at com.meta.ponkids.domain.system.menu.repository.impl.MenuRepositoryImpl$$FastClassBySpringCGLIB$$892bba9f.invoke(<generated>)
	at org.springframework.cglib.proxy.MethodProxy.invoke(MethodProxy.java:218)
	at org.springframework.aop.framework.CglibAopProxy$CglibMethodInvocation.invokeJoinpoint(CglibAopProxy.java:792)
	at org.springframework.aop.framework.ReflectiveMethodInvocation.proceed(ReflectiveMethodInvocation.java:163)
	at org.springframework.aop.framework.CglibAopProxy$CglibMethodInvocation.proceed(CglibAopProxy.java:762)
	at org.springframework.dao.support.PersistenceExceptionTranslationInterceptor.invoke(PersistenceExceptionTranslationInterceptor.java:137)
	... 155 common frames omitted
Caused by: java.sql.SQLTransientConnectionException: HikariPool-1 - Connection is not available, request timed out after 30005ms.
	at com.zaxxer.hikari.pool.HikariPool.createTimeoutException(HikariPool.java:696)
	at com.zaxxer.hikari.pool.HikariPool.getConnection(HikariPool.java:197)
	at com.zaxxer.hikari.pool.HikariPool.getConnection(HikariPool.java:162)
	at com.zaxxer.hikari.HikariDataSource.getConnection(HikariDataSource.java:128)
	at com.p6spy.engine.spy.P6DataSource.getConnection(P6DataSource.java:300)
	at org.springframework.jdbc.datasource.DelegatingDataSource.getConnection(DelegatingDataSource.java:99)
	at org.hibernate.engine.jdbc.connections.internal.DatasourceConnectionProviderImpl.getConnection(DatasourceConnectionProviderImpl.java:122)
	at org.hibernate.internal.NonContextualJdbcConnectionAccess.obtainConnection(NonContextualJdbcConnectionAccess.java:38)
	at org.hibernate.resource.jdbc.internal.LogicalConnectionManagedImpl.acquireConnectionIfNeeded(LogicalConnectionManagedImpl.java:108)
	... 187 common frames omitted
Caused by: org.postgresql.util.PSQLException: 치명적오류: "jjeovi" 롤의 최대 동시 접속수를 초과했습니다
	at org.postgresql.core.v3.QueryExecutorImpl.receiveErrorResponse(QueryExecutorImpl.java:2675)
	at org.postgresql.core.v3.QueryExecutorImpl.readStartupMessages(QueryExecutorImpl.java:2787)
	at org.postgresql.core.v3.QueryExecutorImpl.<init>(QueryExecutorImpl.java:173)
	at org.postgresql.core.v3.ConnectionFactoryImpl.openConnectionImpl(ConnectionFactoryImpl.java:290)
	at org.postgresql.core.ConnectionFactory.openConnection(ConnectionFactory.java:49)
	at org.postgresql.jdbc.PgConnection.<init>(PgConnection.java:223)
	at org.postgresql.Driver.makeConnection(Driver.java:402)
	at org.postgresql.Driver.connect(Driver.java:261)
	at com.zaxxer.hikari.util.DriverDataSource.getConnection(DriverDataSource.java:138)
	at com.zaxxer.hikari.pool.PoolBase.newConnection(PoolBase.java:364)
	at com.zaxxer.hikari.pool.PoolBase.newPoolEntry(PoolBase.java:206)
	at com.zaxxer.hikari.pool.HikariPool.createPoolEntry(HikariPool.java:476)
	at com.zaxxer.hikari.pool.HikariPool.access$100(HikariPool.java:71)
	at com.zaxxer.hikari.pool.HikariPool$PoolEntryCreator.call(HikariPool.java:726)
	at com.zaxxer.hikari.pool.HikariPool$PoolEntryCreator.call(HikariPool.java:712)
	at java.base/java.util.concurrent.FutureTask.run(FutureTask.java:264)
	at java.base/java.util.concurrent.ThreadPoolExecutor.runWorker(ThreadPoolExecutor.java:1136)
	at java.base/java.util.concurrent.ThreadPoolExecutor$Worker.run(ThreadPoolExecutor.java:635)
	... 1 common frames omitted
[2024-02-19 15:05:44:1085114] ERROR 33736 --- [nio-8080-exec-5] o.h.e.jdbc.spi.SqlExceptionHelper        : HikariPool-1 - Connection is not available, request timed out after 30014ms.
[2024-02-19 15:05:44:1085115] ERROR 33736 --- [nio-8080-exec-5] o.h.e.jdbc.spi.SqlExceptionHelper        : 치명적오류: "jjeovi" 롤의 최대 동시 접속수를 초과했습니다
[2024-02-19 15:05:44:1085120] ERROR 33736 --- [nio-8080-exec-5] o.a.c.c.C.[.[.[.[dispatcherServlet]      : Servlet.service() for servlet [dispatcherServlet] threw exception
org.postgresql.util.PSQLException: 치명적오류: "jjeovi" 롤의 최대 동시 접속수를 초과했습니다
	at org.postgresql.core.v3.QueryExecutorImpl.receiveErrorResponse(QueryExecutorImpl.java:2675)
	at org.postgresql.core.v3.QueryExecutorImpl.readStartupMessages(QueryExecutorImpl.java:2787)
	at org.postgresql.core.v3.QueryExecutorImpl.<init>(QueryExecutorImpl.java:173)
	at org.postgresql.core.v3.ConnectionFactoryImpl.openConnectionImpl(ConnectionFactoryImpl.java:290)
	at org.postgresql.core.ConnectionFactory.openConnection(ConnectionFactory.java:49)
	at org.postgresql.jdbc.PgConnection.<init>(PgConnection.java:223)
	at org.postgresql.Driver.makeConnection(Driver.java:402)
	at org.postgresql.Driver.connect(Driver.java:261)
	at com.zaxxer.hikari.util.DriverDataSource.getConnection(DriverDataSource.java:138)
	at com.zaxxer.hikari.pool.PoolBase.newConnection(PoolBase.java:364)
	at com.zaxxer.hikari.pool.PoolBase.newPoolEntry(PoolBase.java:206)
	at com.zaxxer.hikari.pool.HikariPool.createPoolEntry(HikariPool.java:476)
	at com.zaxxer.hikari.pool.HikariPool.access$100(HikariPool.java:71)
	at com.zaxxer.hikari.pool.HikariPool$PoolEntryCreator.call(HikariPool.java:726)
	at com.zaxxer.hikari.pool.HikariPool$PoolEntryCreator.call(HikariPool.java:712)
	at java.base/java.util.concurrent.FutureTask.run(FutureTask.java:264)
	at java.base/java.util.concurrent.ThreadPoolExecutor.runWorker(ThreadPoolExecutor.java:1136)
	at java.base/java.util.concurrent.ThreadPoolExecutor$Worker.run(ThreadPoolExecutor.java:635)
	at java.base/java.lang.Thread.run(Thread.java:840)
[2024-02-19 15:05:44:1085125] ERROR 33736 --- [nio-8080-exec-5] o.a.c.c.C.[Tomcat].[localhost]           : Exception Processing ErrorPage[errorCode=0, location=/error]
org.springframework.web.util.NestedServletException: Request processing failed; nested exception is org.springframework.dao.DataAccessResourceFailureException: Unable to acquire JDBC Connection; nested exception is org.hibernate.exception.JDBCConnectionException: Unable to acquire JDBC Connection
	at org.springframework.web.servlet.FrameworkServlet.processRequest(FrameworkServlet.java:1014)
	at org.springframework.web.servlet.FrameworkServlet.doGet(FrameworkServlet.java:898)
	at javax.servlet.http.HttpServlet.service(HttpServlet.java:529)
	at org.springframework.web.servlet.FrameworkServlet.service(FrameworkServlet.java:883)
	at javax.servlet.http.HttpServlet.service(HttpServlet.java:623)
	at org.apache.catalina.core.ApplicationFilterChain.internalDoFilter(ApplicationFilterChain.java:209)
	at org.apache.catalina.core.ApplicationFilterChain.doFilter(ApplicationFilterChain.java:153)
	at org.springframework.security.web.FilterChainProxy$VirtualFilterChain.doFilter(FilterChainProxy.java:337)
	at org.springframework.security.web.access.intercept.FilterSecurityInterceptor.invoke(FilterSecurityInterceptor.java:106)
	at org.springframework.security.web.access.intercept.FilterSecurityInterceptor.doFilter(FilterSecurityInterceptor.java:81)
	at org.springframework.security.web.FilterChainProxy$VirtualFilterChain.doFilter(FilterChainProxy.java:346)
	at org.springframework.security.web.access.ExceptionTranslationFilter.doFilter(ExceptionTranslationFilter.java:122)
	at org.springframework.security.web.access.ExceptionTranslationFilter.doFilter(ExceptionTranslationFilter.java:116)
	at org.springframework.security.web.FilterChainProxy$VirtualFilterChain.doFilter(FilterChainProxy.java:346)
	at org.springframework.security.web.session.SessionManagementFilter.doFilter(SessionManagementFilter.java:87)
	at org.springframework.security.web.session.SessionManagementFilter.doFilter(SessionManagementFilter.java:81)
	at org.springframework.security.web.FilterChainProxy$VirtualFilterChain.doFilter(FilterChainProxy.java:346)
	at org.springframework.security.web.authentication.AnonymousAuthenticationFilter.doFilter(AnonymousAuthenticationFilter.java:109)
	at org.springframework.security.web.FilterChainProxy$VirtualFilterChain.doFilter(FilterChainProxy.java:346)
	at org.springframework.security.web.servletapi.SecurityContextHolderAwareRequestFilter.doFilter(SecurityContextHolderAwareRequestFilter.java:149)
	at org.springframework.security.web.FilterChainProxy$VirtualFilterChain.doFilter(FilterChainProxy.java:346)
	at org.springframework.security.web.savedrequest.RequestCacheAwareFilter.doFilter(RequestCacheAwareFilter.java:63)
	at org.springframework.security.web.FilterChainProxy$VirtualFilterChain.doFilter(FilterChainProxy.java:346)
	at org.springframework.web.filter.OncePerRequestFilter.doFilter(OncePerRequestFilter.java:102)
	at org.springframework.security.web.FilterChainProxy$VirtualFilterChain.doFilter(FilterChainProxy.java:346)
	at org.springframework.security.web.authentication.ui.DefaultLoginPageGeneratingFilter.doFilter(DefaultLoginPageGeneratingFilter.java:237)
	at org.springframework.security.web.authentication.ui.DefaultLoginPageGeneratingFilter.doFilter(DefaultLoginPageGeneratingFilter.java:223)
	at org.springframework.security.web.FilterChainProxy$VirtualFilterChain.doFilter(FilterChainProxy.java:346)
	at org.springframework.security.web.authentication.AbstractAuthenticationProcessingFilter.doFilter(AbstractAuthenticationProcessingFilter.java:223)
	at org.springframework.security.web.authentication.AbstractAuthenticationProcessingFilter.doFilter(AbstractAuthenticationProcessingFilter.java:217)
	at org.springframework.security.web.FilterChainProxy$VirtualFilterChain.doFilter(FilterChainProxy.java:346)
	at org.springframework.security.web.authentication.AbstractAuthenticationProcessingFilter.doFilter(AbstractAuthenticationProcessingFilter.java:223)
	at org.springframework.security.web.authentication.AbstractAuthenticationProcessingFilter.doFilter(AbstractAuthenticationProcessingFilter.java:217)
	at org.springframework.security.web.FilterChainProxy$VirtualFilterChain.doFilter(FilterChainProxy.java:346)
	at org.springframework.web.filter.OncePerRequestFilter.doFilter(OncePerRequestFilter.java:102)
	at org.springframework.security.web.FilterChainProxy$VirtualFilterChain.doFilter(FilterChainProxy.java:346)
	at org.springframework.security.web.authentication.logout.LogoutFilter.doFilter(LogoutFilter.java:103)
	at org.springframework.security.web.authentication.logout.LogoutFilter.doFilter(LogoutFilter.java:89)
	at org.springframework.security.web.FilterChainProxy$VirtualFilterChain.doFilter(FilterChainProxy.java:346)
	at org.springframework.web.filter.OncePerRequestFilter.doFilter(OncePerRequestFilter.java:102)
	at org.springframework.security.web.FilterChainProxy$VirtualFilterChain.doFilter(FilterChainProxy.java:346)
	at org.springframework.web.filter.OncePerRequestFilter.doFilter(OncePerRequestFilter.java:102)
	at org.springframework.security.web.FilterChainProxy$VirtualFilterChain.doFilter(FilterChainProxy.java:346)
	at org.springframework.security.web.context.SecurityContextPersistenceFilter.doFilter(SecurityContextPersistenceFilter.java:112)
	at org.springframework.security.web.context.SecurityContextPersistenceFilter.doFilter(SecurityContextPersistenceFilter.java:82)
	at org.springframework.security.web.FilterChainProxy$VirtualFilterChain.doFilter(FilterChainProxy.java:346)
	at org.springframework.web.filter.OncePerRequestFilter.doFilter(OncePerRequestFilter.java:102)
	at org.springframework.security.web.FilterChainProxy$VirtualFilterChain.doFilter(FilterChainProxy.java:346)
	at org.springframework.web.filter.OncePerRequestFilter.doFilter(OncePerRequestFilter.java:102)
	at org.springframework.security.web.FilterChainProxy$VirtualFilterChain.doFilter(FilterChainProxy.java:346)
	at org.springframework.web.filter.OncePerRequestFilter.doFilter(OncePerRequestFilter.java:102)
	at org.springframework.security.web.FilterChainProxy$VirtualFilterChain.doFilter(FilterChainProxy.java:346)
	at org.springframework.web.filter.OncePerRequestFilter.doFilter(OncePerRequestFilter.java:102)
	at org.springframework.security.web.FilterChainProxy$VirtualFilterChain.doFilter(FilterChainProxy.java:346)
	at org.springframework.security.web.FilterChainProxy.doFilterInternal(FilterChainProxy.java:221)
	at org.springframework.security.web.FilterChainProxy.doFilter(FilterChainProxy.java:186)
	at org.springframework.web.filter.DelegatingFilterProxy.invokeDelegate(DelegatingFilterProxy.java:354)
	at org.springframework.web.filter.DelegatingFilterProxy.doFilter(DelegatingFilterProxy.java:267)
	at org.apache.catalina.core.ApplicationFilterChain.internalDoFilter(ApplicationFilterChain.java:178)
	at org.apache.catalina.core.ApplicationFilterChain.doFilter(ApplicationFilterChain.java:153)
	at org.springframework.web.filter.RequestContextFilter.doFilterInternal(RequestContextFilter.java:100)
	at org.springframework.web.filter.OncePerRequestFilter.doFilter(OncePerRequestFilter.java:117)
	at org.apache.catalina.core.ApplicationFilterChain.internalDoFilter(ApplicationFilterChain.java:178)
	at org.apache.catalina.core.ApplicationFilterChain.doFilter(ApplicationFilterChain.java:153)
	at org.springframework.web.filter.OncePerRequestFilter.doFilter(OncePerRequestFilter.java:102)
	at org.apache.catalina.core.ApplicationFilterChain.internalDoFilter(ApplicationFilterChain.java:178)
	at org.apache.catalina.core.ApplicationFilterChain.doFilter(ApplicationFilterChain.java:153)
	at org.springframework.web.filter.OncePerRequestFilter.doFilter(OncePerRequestFilter.java:102)
	at org.apache.catalina.core.ApplicationFilterChain.internalDoFilter(ApplicationFilterChain.java:178)
	at org.apache.catalina.core.ApplicationFilterChain.doFilter(ApplicationFilterChain.java:153)
	at org.apache.catalina.core.ApplicationDispatcher.invoke(ApplicationDispatcher.java:661)
	at org.apache.catalina.core.ApplicationDispatcher.processRequest(ApplicationDispatcher.java:427)
	at org.apache.catalina.core.ApplicationDispatcher.doForward(ApplicationDispatcher.java:357)
	at org.apache.catalina.core.ApplicationDispatcher.forward(ApplicationDispatcher.java:294)
	at org.apache.catalina.core.StandardHostValve.custom(StandardHostValve.java:377)
	at org.apache.catalina.core.StandardHostValve.status(StandardHostValve.java:237)
	at org.apache.catalina.core.StandardHostValve.throwable(StandardHostValve.java:323)
	at org.apache.catalina.core.StandardHostValve.invoke(StandardHostValve.java:164)
	at org.apache.catalina.valves.ErrorReportValve.invoke(ErrorReportValve.java:93)
	at org.apache.catalina.core.StandardEngineValve.invoke(StandardEngineValve.java:74)
	at org.apache.catalina.connector.CoyoteAdapter.service(CoyoteAdapter.java:342)
	at org.apache.coyote.http11.Http11Processor.service(Http11Processor.java:390)
	at org.apache.coyote.AbstractProcessorLight.process(AbstractProcessorLight.java:63)
	at org.apache.coyote.AbstractProtocol$ConnectionHandler.process(AbstractProtocol.java:928)
	at org.apache.tomcat.util.net.NioEndpoint$SocketProcessor.doRun(NioEndpoint.java:1794)
	at org.apache.tomcat.util.net.SocketProcessorBase.run(SocketProcessorBase.java:52)
	at org.apache.tomcat.util.threads.ThreadPoolExecutor.runWorker(ThreadPoolExecutor.java:1191)
	at org.apache.tomcat.util.threads.ThreadPoolExecutor$Worker.run(ThreadPoolExecutor.java:659)
	at org.apache.tomcat.util.threads.TaskThread$WrappingRunnable.run(TaskThread.java:61)
	at java.base/java.lang.Thread.run(Thread.java:840)
Caused by: org.springframework.dao.DataAccessResourceFailureException: Unable to acquire JDBC Connection; nested exception is org.hibernate.exception.JDBCConnectionException: Unable to acquire JDBC Connection
	at org.springframework.orm.jpa.vendor.HibernateJpaDialect.convertHibernateAccessException(HibernateJpaDialect.java:255)
	at org.springframework.orm.jpa.vendor.HibernateJpaDialect.translateExceptionIfPossible(HibernateJpaDialect.java:233)
	at org.springframework.orm.jpa.AbstractEntityManagerFactoryBean.translateExceptionIfPossible(AbstractEntityManagerFactoryBean.java:551)
	at org.springframework.dao.support.ChainedPersistenceExceptionTranslator.translateExceptionIfPossible(ChainedPersistenceExceptionTranslator.java:61)
	at org.springframework.dao.support.DataAccessUtils.translateIfNecessary(DataAccessUtils.java:243)
	at org.springframework.dao.support.PersistenceExceptionTranslationInterceptor.invoke(PersistenceExceptionTranslationInterceptor.java:152)
	at org.springframework.aop.framework.ReflectiveMethodInvocation.proceed(ReflectiveMethodInvocation.java:186)
	at org.springframework.aop.framework.CglibAopProxy$CglibMethodInvocation.proceed(CglibAopProxy.java:762)
	at org.springframework.cache.interceptor.CacheInterceptor.lambda$invoke$0(CacheInterceptor.java:54)
	at org.springframework.cache.interceptor.CacheAspectSupport.invokeOperation(CacheAspectSupport.java:366)
	at org.springframework.cache.interceptor.CacheAspectSupport.execute(CacheAspectSupport.java:420)
	at org.springframework.cache.interceptor.CacheAspectSupport.execute(CacheAspectSupport.java:345)
	at org.springframework.cache.interceptor.CacheInterceptor.invoke(CacheInterceptor.java:64)
	at org.springframework.aop.framework.ReflectiveMethodInvocation.proceed(ReflectiveMethodInvocation.java:186)
	at org.springframework.aop.framework.CglibAopProxy$CglibMethodInvocation.proceed(CglibAopProxy.java:762)
	at org.springframework.aop.framework.CglibAopProxy$DynamicAdvisedInterceptor.intercept(CglibAopProxy.java:707)
	at com.meta.ponkids.domain.system.menu.repository.impl.MenuRepositoryImpl$$EnhancerBySpringCGLIB$$e2bee604.findLastUpdtDtUserMenuCache(<generated>)
	at java.base/jdk.internal.reflect.NativeMethodAccessorImpl.invoke0(Native Method)
	at java.base/jdk.internal.reflect.NativeMethodAccessorImpl.invoke(NativeMethodAccessorImpl.java:77)
	at java.base/jdk.internal.reflect.DelegatingMethodAccessorImpl.invoke(DelegatingMethodAccessorImpl.java:43)
	at java.base/java.lang.reflect.Method.invoke(Method.java:568)
	at org.springframework.data.repository.core.support.RepositoryMethodInvoker$RepositoryFragmentMethodInvoker.lambda$new$0(RepositoryMethodInvoker.java:289)
	at org.springframework.data.repository.core.support.RepositoryMethodInvoker.doInvoke(RepositoryMethodInvoker.java:137)
	at org.springframework.data.repository.core.support.RepositoryMethodInvoker.invoke(RepositoryMethodInvoker.java:121)
	at org.springframework.data.repository.core.support.RepositoryComposition$RepositoryFragments.invoke(RepositoryComposition.java:530)
	at org.springframework.data.repository.core.support.RepositoryComposition.invoke(RepositoryComposition.java:286)
	at org.springframework.data.repository.core.support.RepositoryFactorySupport$ImplementationMethodExecutionInterceptor.invoke(RepositoryFactorySupport.java:640)
	at org.springframework.aop.framework.ReflectiveMethodInvocation.proceed(ReflectiveMethodInvocation.java:186)
	at org.springframework.data.repository.core.support.QueryExecutorMethodInterceptor.doInvoke(QueryExecutorMethodInterceptor.java:164)
	at org.springframework.data.repository.core.support.QueryExecutorMethodInterceptor.invoke(QueryExecutorMethodInterceptor.java:139)
	at org.springframework.aop.framework.ReflectiveMethodInvocation.proceed(ReflectiveMethodInvocation.java:186)
	at org.springframework.data.projection.DefaultMethodInvokingMethodInterceptor.invoke(DefaultMethodInvokingMethodInterceptor.java:76)
	at org.springframework.aop.framework.ReflectiveMethodInvocation.proceed(ReflectiveMethodInvocation.java:186)
	at org.springframework.transaction.interceptor.TransactionInterceptor$1.proceedWithInvocation(TransactionInterceptor.java:123)
	at org.springframework.transaction.interceptor.TransactionAspectSupport.invokeWithinTransaction(TransactionAspectSupport.java:388)
	at org.springframework.transaction.interceptor.TransactionInterceptor.invoke(TransactionInterceptor.java:119)
	at org.springframework.aop.framework.ReflectiveMethodInvocation.proceed(ReflectiveMethodInvocation.java:186)
	at org.springframework.dao.support.PersistenceExceptionTranslationInterceptor.invoke(PersistenceExceptionTranslationInterceptor.java:137)
	at org.springframework.aop.framework.ReflectiveMethodInvocation.proceed(ReflectiveMethodInvocation.java:186)
	at org.springframework.data.jpa.repository.support.CrudMethodMetadataPostProcessor$CrudMethodMetadataPopulatingMethodInterceptor.invoke(CrudMethodMetadataPostProcessor.java:174)
	at org.springframework.aop.framework.ReflectiveMethodInvocation.proceed(ReflectiveMethodInvocation.java:186)
	at org.springframework.aop.interceptor.ExposeInvocationInterceptor.invoke(ExposeInvocationInterceptor.java:97)
	at org.springframework.aop.framework.ReflectiveMethodInvocation.proceed(ReflectiveMethodInvocation.java:186)
	at org.springframework.aop.framework.JdkDynamicAopProxy.invoke(JdkDynamicAopProxy.java:241)
	at jdk.proxy3/jdk.proxy3.$Proxy184.findLastUpdtDtUserMenuCache(Unknown Source)
	at java.base/jdk.internal.reflect.NativeMethodAccessorImpl.invoke0(Native Method)
	at java.base/jdk.internal.reflect.NativeMethodAccessorImpl.invoke(NativeMethodAccessorImpl.java:77)
	at java.base/jdk.internal.reflect.DelegatingMethodAccessorImpl.invoke(DelegatingMethodAccessorImpl.java:43)
	at java.base/java.lang.reflect.Method.invoke(Method.java:568)
	at org.springframework.aop.support.AopUtils.invokeJoinpointUsingReflection(AopUtils.java:344)
	at org.springframework.aop.framework.ReflectiveMethodInvocation.invokeJoinpoint(ReflectiveMethodInvocation.java:198)
	at org.springframework.aop.framework.ReflectiveMethodInvocation.proceed(ReflectiveMethodInvocation.java:163)
	at org.springframework.cache.interceptor.CacheInterceptor.lambda$invoke$0(CacheInterceptor.java:54)
	at org.springframework.cache.interceptor.CacheAspectSupport.invokeOperation(CacheAspectSupport.java:366)
	at org.springframework.cache.interceptor.CacheAspectSupport.execute(CacheAspectSupport.java:420)
	at org.springframework.cache.interceptor.CacheAspectSupport.execute(CacheAspectSupport.java:345)
	at org.springframework.cache.interceptor.CacheInterceptor.invoke(CacheInterceptor.java:64)
	at org.springframework.aop.framework.ReflectiveMethodInvocation.proceed(ReflectiveMethodInvocation.java:186)
	at org.springframework.aop.framework.JdkDynamicAopProxy.invoke(JdkDynamicAopProxy.java:241)
	at jdk.proxy3/jdk.proxy3.$Proxy184.findLastUpdtDtUserMenuCache(Unknown Source)
	at com.meta.ponkids.domain.system.menu.service.MenuService.getUserMenuList(MenuService.java:159)
	at com.meta.ponkids.domain.system.menu.service.MenuService$$FastClassBySpringCGLIB$$3064e131.invoke(<generated>)
	at org.springframework.cglib.proxy.MethodProxy.invoke(MethodProxy.java:218)
	at org.springframework.aop.framework.CglibAopProxy.invokeMethod(CglibAopProxy.java:386)
	at org.springframework.aop.framework.CglibAopProxy.access$000(CglibAopProxy.java:85)
	at org.springframework.aop.framework.CglibAopProxy$DynamicAdvisedInterceptor.intercept(CglibAopProxy.java:703)
	at com.meta.ponkids.domain.system.menu.service.MenuService$$EnhancerBySpringCGLIB$$a6e85268.getUserMenuList(<generated>)
	at com.meta.ponkids.global.config.interceptor.MenuInterceptor.postHandle(MenuInterceptor.java:34)
	at org.springframework.web.servlet.HandlerExecutionChain.applyPostHandle(HandlerExecutionChain.java:165)
	at org.springframework.web.servlet.DispatcherServlet.doDispatch(DispatcherServlet.java:1079)
	at org.springframework.web.servlet.DispatcherServlet.doService(DispatcherServlet.java:965)
	at org.springframework.web.servlet.FrameworkServlet.processRequest(FrameworkServlet.java:1006)
	... 89 common frames omitted
Caused by: org.hibernate.exception.JDBCConnectionException: Unable to acquire JDBC Connection
	at org.hibernate.exception.internal.SQLExceptionTypeDelegate.convert(SQLExceptionTypeDelegate.java:48)
	at org.hibernate.exception.internal.StandardSQLExceptionConverter.convert(StandardSQLExceptionConverter.java:37)
	at org.hibernate.engine.jdbc.spi.SqlExceptionHelper.convert(SqlExceptionHelper.java:113)
	at org.hibernate.engine.jdbc.spi.SqlExceptionHelper.convert(SqlExceptionHelper.java:99)
	at org.hibernate.resource.jdbc.internal.LogicalConnectionManagedImpl.acquireConnectionIfNeeded(LogicalConnectionManagedImpl.java:111)
	at org.hibernate.resource.jdbc.internal.LogicalConnectionManagedImpl.getPhysicalConnection(LogicalConnectionManagedImpl.java:138)
	at org.hibernate.engine.jdbc.internal.StatementPreparerImpl.connection(StatementPreparerImpl.java:50)
	at org.hibernate.engine.jdbc.internal.StatementPreparerImpl$5.doPrepare(StatementPreparerImpl.java:149)
	at org.hibernate.engine.jdbc.internal.StatementPreparerImpl$StatementPreparationTemplate.prepareStatement(StatementPreparerImpl.java:176)
	at org.hibernate.engine.jdbc.internal.StatementPreparerImpl.prepareQueryStatement(StatementPreparerImpl.java:151)
	at org.hibernate.loader.Loader.prepareQueryStatement(Loader.java:2122)
	at org.hibernate.loader.Loader.executeQueryStatement(Loader.java:2059)
	at org.hibernate.loader.Loader.executeQueryStatement(Loader.java:2037)
	at org.hibernate.loader.Loader.doQuery(Loader.java:956)
	at org.hibernate.loader.Loader.doQueryAndInitializeNonLazyCollections(Loader.java:357)
	at org.hibernate.loader.Loader.doList(Loader.java:2868)
	at org.hibernate.loader.Loader.doList(Loader.java:2850)
	at org.hibernate.loader.Loader.listIgnoreQueryCache(Loader.java:2682)
	at org.hibernate.loader.Loader.list(Loader.java:2677)
	at org.hibernate.loader.hql.QueryLoader.list(QueryLoader.java:540)
	at org.hibernate.hql.internal.ast.QueryTranslatorImpl.list(QueryTranslatorImpl.java:400)
	at org.hibernate.engine.query.spi.HQLQueryPlan.performList(HQLQueryPlan.java:218)
	at org.hibernate.internal.SessionImpl.list(SessionImpl.java:1459)
	at org.hibernate.query.internal.AbstractProducedQuery.doList(AbstractProducedQuery.java:1649)
	at org.hibernate.query.internal.AbstractProducedQuery.list(AbstractProducedQuery.java:1617)
	at org.hibernate.query.internal.AbstractProducedQuery.getSingleResult(AbstractProducedQuery.java:1665)
	at com.querydsl.jpa.impl.AbstractJPAQuery.getSingleResult(AbstractJPAQuery.java:214)
	at com.querydsl.jpa.impl.AbstractJPAQuery.fetchOne(AbstractJPAQuery.java:326)
	at com.querydsl.core.support.FetchableQueryBase.fetchFirst(FetchableQueryBase.java:51)
	at com.meta.ponkids.domain.system.menu.repository.impl.MenuRepositoryImpl.findLastUpdtDtUserMenu(MenuRepositoryImpl.java:346)
	at com.meta.ponkids.domain.system.menu.repository.impl.MenuRepositoryImpl.findLastUpdtDtUserMenuCache(MenuRepositoryImpl.java:352)
	at com.meta.ponkids.domain.system.menu.repository.impl.MenuRepositoryImpl$$FastClassBySpringCGLIB$$892bba9f.invoke(<generated>)
	at org.springframework.cglib.proxy.MethodProxy.invoke(MethodProxy.java:218)
	at org.springframework.aop.framework.CglibAopProxy$CglibMethodInvocation.invokeJoinpoint(CglibAopProxy.java:792)
	at org.springframework.aop.framework.ReflectiveMethodInvocation.proceed(ReflectiveMethodInvocation.java:163)
	at org.springframework.aop.framework.CglibAopProxy$CglibMethodInvocation.proceed(CglibAopProxy.java:762)
	at org.springframework.dao.support.PersistenceExceptionTranslationInterceptor.invoke(PersistenceExceptionTranslationInterceptor.java:137)
	... 155 common frames omitted
Caused by: java.sql.SQLTransientConnectionException: HikariPool-1 - Connection is not available, request timed out after 30014ms.
	at com.zaxxer.hikari.pool.HikariPool.createTimeoutException(HikariPool.java:696)
	at com.zaxxer.hikari.pool.HikariPool.getConnection(HikariPool.java:197)
	at com.zaxxer.hikari.pool.HikariPool.getConnection(HikariPool.java:162)
	at com.zaxxer.hikari.HikariDataSource.getConnection(HikariDataSource.java:128)
	at com.p6spy.engine.spy.P6DataSource.getConnection(P6DataSource.java:300)
	at org.springframework.jdbc.datasource.DelegatingDataSource.getConnection(DelegatingDataSource.java:99)
	at org.hibernate.engine.jdbc.connections.internal.DatasourceConnectionProviderImpl.getConnection(DatasourceConnectionProviderImpl.java:122)
	at org.hibernate.internal.NonContextualJdbcConnectionAccess.obtainConnection(NonContextualJdbcConnectionAccess.java:38)
	at org.hibernate.resource.jdbc.internal.LogicalConnectionManagedImpl.acquireConnectionIfNeeded(LogicalConnectionManagedImpl.java:108)
	... 187 common frames omitted
Caused by: org.postgresql.util.PSQLException: 치명적오류: "jjeovi" 롤의 최대 동시 접속수를 초과했습니다
	at org.postgresql.core.v3.QueryExecutorImpl.receiveErrorResponse(QueryExecutorImpl.java:2675)
	at org.postgresql.core.v3.QueryExecutorImpl.readStartupMessages(QueryExecutorImpl.java:2787)
	at org.postgresql.core.v3.QueryExecutorImpl.<init>(QueryExecutorImpl.java:173)
	at org.postgresql.core.v3.ConnectionFactoryImpl.openConnectionImpl(ConnectionFactoryImpl.java:290)
	at org.postgresql.core.ConnectionFactory.openConnection(ConnectionFactory.java:49)
	at org.postgresql.jdbc.PgConnection.<init>(PgConnection.java:223)
	at org.postgresql.Driver.makeConnection(Driver.java:402)
	at org.postgresql.Driver.connect(Driver.java:261)
	at com.zaxxer.hikari.util.DriverDataSource.getConnection(DriverDataSource.java:138)
	at com.zaxxer.hikari.pool.PoolBase.newConnection(PoolBase.java:364)
	at com.zaxxer.hikari.pool.PoolBase.newPoolEntry(PoolBase.java:206)
	at com.zaxxer.hikari.pool.HikariPool.createPoolEntry(HikariPool.java:476)
	at com.zaxxer.hikari.pool.HikariPool.access$100(HikariPool.java:71)
	at com.zaxxer.hikari.pool.HikariPool$PoolEntryCreator.call(HikariPool.java:726)
	at com.zaxxer.hikari.pool.HikariPool$PoolEntryCreator.call(HikariPool.java:712)
	at java.base/java.util.concurrent.FutureTask.run(FutureTask.java:264)
	at java.base/java.util.concurrent.ThreadPoolExecutor.runWorker(ThreadPoolExecutor.java:1136)
	at java.base/java.util.concurrent.ThreadPoolExecutor$Worker.run(ThreadPoolExecutor.java:635)
	... 1 common frames omitted
[2024-02-19 15:05:47:1088316] ERROR 33736 --- [nio-8080-exec-7] o.h.e.jdbc.spi.SqlExceptionHelper        : HikariPool-1 - Connection is not available, request timed out after 30010ms.
[2024-02-19 15:05:47:1088317] ERROR 33736 --- [nio-8080-exec-7] o.h.e.jdbc.spi.SqlExceptionHelper        : 치명적오류: "jjeovi" 롤의 최대 동시 접속수를 초과했습니다
[2024-02-19 15:05:47:1088319] ERROR 33736 --- [nio-8080-exec-7] o.a.c.c.C.[.[.[.[dispatcherServlet]      : Servlet.service() for servlet [dispatcherServlet] in context with path [] threw exception [Request processing failed; nested exception is org.springframework.dao.DataAccessResourceFailureException: Unable to acquire JDBC Connection; nested exception is org.hibernate.exception.JDBCConnectionException: Unable to acquire JDBC Connection] with root cause
org.postgresql.util.PSQLException: 치명적오류: "jjeovi" 롤의 최대 동시 접속수를 초과했습니다
	at org.postgresql.core.v3.QueryExecutorImpl.receiveErrorResponse(QueryExecutorImpl.java:2675)
	at org.postgresql.core.v3.QueryExecutorImpl.readStartupMessages(QueryExecutorImpl.java:2787)
	at org.postgresql.core.v3.QueryExecutorImpl.<init>(QueryExecutorImpl.java:173)
	at org.postgresql.core.v3.ConnectionFactoryImpl.openConnectionImpl(ConnectionFactoryImpl.java:290)
	at org.postgresql.core.ConnectionFactory.openConnection(ConnectionFactory.java:49)
	at org.postgresql.jdbc.PgConnection.<init>(PgConnection.java:223)
	at org.postgresql.Driver.makeConnection(Driver.java:402)
	at org.postgresql.Driver.connect(Driver.java:261)
	at com.zaxxer.hikari.util.DriverDataSource.getConnection(DriverDataSource.java:138)
	at com.zaxxer.hikari.pool.PoolBase.newConnection(PoolBase.java:364)
	at com.zaxxer.hikari.pool.PoolBase.newPoolEntry(PoolBase.java:206)
	at com.zaxxer.hikari.pool.HikariPool.createPoolEntry(HikariPool.java:476)
	at com.zaxxer.hikari.pool.HikariPool.access$100(HikariPool.java:71)
	at com.zaxxer.hikari.pool.HikariPool$PoolEntryCreator.call(HikariPool.java:726)
	at com.zaxxer.hikari.pool.HikariPool$PoolEntryCreator.call(HikariPool.java:712)
	at java.base/java.util.concurrent.FutureTask.run(FutureTask.java:264)
	at java.base/java.util.concurrent.ThreadPoolExecutor.runWorker(ThreadPoolExecutor.java:1136)
	at java.base/java.util.concurrent.ThreadPoolExecutor$Worker.run(ThreadPoolExecutor.java:635)
	at java.base/java.lang.Thread.run(Thread.java:840)
[2024-02-19 15:06:11:1111706] ERROR 33736 --- [nio-8080-exec-9] o.h.e.jdbc.spi.SqlExceptionHelper        : HikariPool-1 - Connection is not available, request timed out after 30019ms.
[2024-02-19 15:06:11:1111737] ERROR 33736 --- [nio-8080-exec-9] o.h.e.jdbc.spi.SqlExceptionHelper        : 치명적오류: "jjeovi" 롤의 최대 동시 접속수를 초과했습니다
[2024-02-19 15:06:11:1111744] ERROR 33736 --- [nio-8080-exec-9] o.a.c.c.C.[.[.[.[dispatcherServlet]      : Servlet.service() for servlet [dispatcherServlet] in context with path [] threw exception [Request processing failed; nested exception is org.springframework.dao.DataAccessResourceFailureException: Unable to acquire JDBC Connection; nested exception is org.hibernate.exception.JDBCConnectionException: Unable to acquire JDBC Connection] with root cause
org.postgresql.util.PSQLException: 치명적오류: "jjeovi" 롤의 최대 동시 접속수를 초과했습니다
	at org.postgresql.core.v3.QueryExecutorImpl.receiveErrorResponse(QueryExecutorImpl.java:2675)
	at org.postgresql.core.v3.QueryExecutorImpl.readStartupMessages(QueryExecutorImpl.java:2787)
	at org.postgresql.core.v3.QueryExecutorImpl.<init>(QueryExecutorImpl.java:173)
	at org.postgresql.core.v3.ConnectionFactoryImpl.openConnectionImpl(ConnectionFactoryImpl.java:290)
	at org.postgresql.core.ConnectionFactory.openConnection(ConnectionFactory.java:49)
	at org.postgresql.jdbc.PgConnection.<init>(PgConnection.java:223)
	at org.postgresql.Driver.makeConnection(Driver.java:402)
	at org.postgresql.Driver.connect(Driver.java:261)
	at com.zaxxer.hikari.util.DriverDataSource.getConnection(DriverDataSource.java:138)
	at com.zaxxer.hikari.pool.PoolBase.newConnection(PoolBase.java:364)
	at com.zaxxer.hikari.pool.PoolBase.newPoolEntry(PoolBase.java:206)
	at com.zaxxer.hikari.pool.HikariPool.createPoolEntry(HikariPool.java:476)
	at com.zaxxer.hikari.pool.HikariPool.access$100(HikariPool.java:71)
	at com.zaxxer.hikari.pool.HikariPool$PoolEntryCreator.call(HikariPool.java:726)
	at com.zaxxer.hikari.pool.HikariPool$PoolEntryCreator.call(HikariPool.java:712)
	at java.base/java.util.concurrent.FutureTask.run(FutureTask.java:264)
	at java.base/java.util.concurrent.ThreadPoolExecutor.runWorker(ThreadPoolExecutor.java:1136)
	at java.base/java.util.concurrent.ThreadPoolExecutor$Worker.run(ThreadPoolExecutor.java:635)
	at java.base/java.lang.Thread.run(Thread.java:840)
[2024-02-19 15:06:17:1118337] ERROR 33736 --- [nio-8080-exec-7] o.h.e.jdbc.spi.SqlExceptionHelper        : HikariPool-1 - Connection is not available, request timed out after 30011ms.
[2024-02-19 15:06:17:1118342] ERROR 33736 --- [nio-8080-exec-7] o.h.e.jdbc.spi.SqlExceptionHelper        : 치명적오류: "jjeovi" 롤의 최대 동시 접속수를 초과했습니다
[2024-02-19 15:06:17:1118345] ERROR 33736 --- [nio-8080-exec-7] o.a.c.c.C.[.[.[.[dispatcherServlet]      : Servlet.service() for servlet [dispatcherServlet] threw exception
org.postgresql.util.PSQLException: 치명적오류: "jjeovi" 롤의 최대 동시 접속수를 초과했습니다
	at org.postgresql.core.v3.QueryExecutorImpl.receiveErrorResponse(QueryExecutorImpl.java:2675)
	at org.postgresql.core.v3.QueryExecutorImpl.readStartupMessages(QueryExecutorImpl.java:2787)
	at org.postgresql.core.v3.QueryExecutorImpl.<init>(QueryExecutorImpl.java:173)
	at org.postgresql.core.v3.ConnectionFactoryImpl.openConnectionImpl(ConnectionFactoryImpl.java:290)
	at org.postgresql.core.ConnectionFactory.openConnection(ConnectionFactory.java:49)
	at org.postgresql.jdbc.PgConnection.<init>(PgConnection.java:223)
	at org.postgresql.Driver.makeConnection(Driver.java:402)
	at org.postgresql.Driver.connect(Driver.java:261)
	at com.zaxxer.hikari.util.DriverDataSource.getConnection(DriverDataSource.java:138)
	at com.zaxxer.hikari.pool.PoolBase.newConnection(PoolBase.java:364)
	at com.zaxxer.hikari.pool.PoolBase.newPoolEntry(PoolBase.java:206)
	at com.zaxxer.hikari.pool.HikariPool.createPoolEntry(HikariPool.java:476)
	at com.zaxxer.hikari.pool.HikariPool.access$100(HikariPool.java:71)
	at com.zaxxer.hikari.pool.HikariPool$PoolEntryCreator.call(HikariPool.java:726)
	at com.zaxxer.hikari.pool.HikariPool$PoolEntryCreator.call(HikariPool.java:712)
	at java.base/java.util.concurrent.FutureTask.run(FutureTask.java:264)
	at java.base/java.util.concurrent.ThreadPoolExecutor.runWorker(ThreadPoolExecutor.java:1136)
	at java.base/java.util.concurrent.ThreadPoolExecutor$Worker.run(ThreadPoolExecutor.java:635)
	at java.base/java.lang.Thread.run(Thread.java:840)
[2024-02-19 15:06:17:1118350] ERROR 33736 --- [nio-8080-exec-7] o.a.c.c.C.[Tomcat].[localhost]           : Exception Processing ErrorPage[errorCode=0, location=/error]
org.springframework.web.util.NestedServletException: Request processing failed; nested exception is org.springframework.dao.DataAccessResourceFailureException: Unable to acquire JDBC Connection; nested exception is org.hibernate.exception.JDBCConnectionException: Unable to acquire JDBC Connection
	at org.springframework.web.servlet.FrameworkServlet.processRequest(FrameworkServlet.java:1014)
	at org.springframework.web.servlet.FrameworkServlet.doGet(FrameworkServlet.java:898)
	at javax.servlet.http.HttpServlet.service(HttpServlet.java:529)
	at org.springframework.web.servlet.FrameworkServlet.service(FrameworkServlet.java:883)
	at javax.servlet.http.HttpServlet.service(HttpServlet.java:623)
	at org.apache.catalina.core.ApplicationFilterChain.internalDoFilter(ApplicationFilterChain.java:209)
	at org.apache.catalina.core.ApplicationFilterChain.doFilter(ApplicationFilterChain.java:153)
	at org.springframework.security.web.FilterChainProxy$VirtualFilterChain.doFilter(FilterChainProxy.java:337)
	at org.springframework.security.web.access.intercept.FilterSecurityInterceptor.invoke(FilterSecurityInterceptor.java:106)
	at org.springframework.security.web.access.intercept.FilterSecurityInterceptor.doFilter(FilterSecurityInterceptor.java:81)
	at org.springframework.security.web.FilterChainProxy$VirtualFilterChain.doFilter(FilterChainProxy.java:346)
	at org.springframework.security.web.access.ExceptionTranslationFilter.doFilter(ExceptionTranslationFilter.java:122)
	at org.springframework.security.web.access.ExceptionTranslationFilter.doFilter(ExceptionTranslationFilter.java:116)
	at org.springframework.security.web.FilterChainProxy$VirtualFilterChain.doFilter(FilterChainProxy.java:346)
	at org.springframework.security.web.session.SessionManagementFilter.doFilter(SessionManagementFilter.java:87)
	at org.springframework.security.web.session.SessionManagementFilter.doFilter(SessionManagementFilter.java:81)
	at org.springframework.security.web.FilterChainProxy$VirtualFilterChain.doFilter(FilterChainProxy.java:346)
	at org.springframework.security.web.authentication.AnonymousAuthenticationFilter.doFilter(AnonymousAuthenticationFilter.java:109)
	at org.springframework.security.web.FilterChainProxy$VirtualFilterChain.doFilter(FilterChainProxy.java:346)
	at org.springframework.security.web.servletapi.SecurityContextHolderAwareRequestFilter.doFilter(SecurityContextHolderAwareRequestFilter.java:149)
	at org.springframework.security.web.FilterChainProxy$VirtualFilterChain.doFilter(FilterChainProxy.java:346)
	at org.springframework.security.web.savedrequest.RequestCacheAwareFilter.doFilter(RequestCacheAwareFilter.java:63)
	at org.springframework.security.web.FilterChainProxy$VirtualFilterChain.doFilter(FilterChainProxy.java:346)
	at org.springframework.web.filter.OncePerRequestFilter.doFilter(OncePerRequestFilter.java:102)
	at org.springframework.security.web.FilterChainProxy$VirtualFilterChain.doFilter(FilterChainProxy.java:346)
	at org.springframework.security.web.authentication.ui.DefaultLoginPageGeneratingFilter.doFilter(DefaultLoginPageGeneratingFilter.java:237)
	at org.springframework.security.web.authentication.ui.DefaultLoginPageGeneratingFilter.doFilter(DefaultLoginPageGeneratingFilter.java:223)
	at org.springframework.security.web.FilterChainProxy$VirtualFilterChain.doFilter(FilterChainProxy.java:346)
	at org.springframework.security.web.authentication.AbstractAuthenticationProcessingFilter.doFilter(AbstractAuthenticationProcessingFilter.java:223)
	at org.springframework.security.web.authentication.AbstractAuthenticationProcessingFilter.doFilter(AbstractAuthenticationProcessingFilter.java:217)
	at org.springframework.security.web.FilterChainProxy$VirtualFilterChain.doFilter(FilterChainProxy.java:346)
	at org.springframework.security.web.authentication.AbstractAuthenticationProcessingFilter.doFilter(AbstractAuthenticationProcessingFilter.java:223)
	at org.springframework.security.web.authentication.AbstractAuthenticationProcessingFilter.doFilter(AbstractAuthenticationProcessingFilter.java:217)
	at org.springframework.security.web.FilterChainProxy$VirtualFilterChain.doFilter(FilterChainProxy.java:346)
	at org.springframework.web.filter.OncePerRequestFilter.doFilter(OncePerRequestFilter.java:102)
	at org.springframework.security.web.FilterChainProxy$VirtualFilterChain.doFilter(FilterChainProxy.java:346)
	at org.springframework.security.web.authentication.logout.LogoutFilter.doFilter(LogoutFilter.java:103)
	at org.springframework.security.web.authentication.logout.LogoutFilter.doFilter(LogoutFilter.java:89)
	at org.springframework.security.web.FilterChainProxy$VirtualFilterChain.doFilter(FilterChainProxy.java:346)
	at org.springframework.web.filter.OncePerRequestFilter.doFilter(OncePerRequestFilter.java:102)
	at org.springframework.security.web.FilterChainProxy$VirtualFilterChain.doFilter(FilterChainProxy.java:346)
	at org.springframework.web.filter.OncePerRequestFilter.doFilter(OncePerRequestFilter.java:102)
	at org.springframework.security.web.FilterChainProxy$VirtualFilterChain.doFilter(FilterChainProxy.java:346)
	at org.springframework.security.web.context.SecurityContextPersistenceFilter.doFilter(SecurityContextPersistenceFilter.java:112)
	at org.springframework.security.web.context.SecurityContextPersistenceFilter.doFilter(SecurityContextPersistenceFilter.java:82)
	at org.springframework.security.web.FilterChainProxy$VirtualFilterChain.doFilter(FilterChainProxy.java:346)
	at org.springframework.web.filter.OncePerRequestFilter.doFilter(OncePerRequestFilter.java:102)
	at org.springframework.security.web.FilterChainProxy$VirtualFilterChain.doFilter(FilterChainProxy.java:346)
	at org.springframework.web.filter.OncePerRequestFilter.doFilter(OncePerRequestFilter.java:102)
	at org.springframework.security.web.FilterChainProxy$VirtualFilterChain.doFilter(FilterChainProxy.java:346)
	at org.springframework.web.filter.OncePerRequestFilter.doFilter(OncePerRequestFilter.java:102)
	at org.springframework.security.web.FilterChainProxy$VirtualFilterChain.doFilter(FilterChainProxy.java:346)
	at org.springframework.web.filter.OncePerRequestFilter.doFilter(OncePerRequestFilter.java:102)
	at org.springframework.security.web.FilterChainProxy$VirtualFilterChain.doFilter(FilterChainProxy.java:346)
	at org.springframework.security.web.FilterChainProxy.doFilterInternal(FilterChainProxy.java:221)
	at org.springframework.security.web.FilterChainProxy.doFilter(FilterChainProxy.java:186)
	at org.springframework.web.filter.DelegatingFilterProxy.invokeDelegate(DelegatingFilterProxy.java:354)
	at org.springframework.web.filter.DelegatingFilterProxy.doFilter(DelegatingFilterProxy.java:267)
	at org.apache.catalina.core.ApplicationFilterChain.internalDoFilter(ApplicationFilterChain.java:178)
	at org.apache.catalina.core.ApplicationFilterChain.doFilter(ApplicationFilterChain.java:153)
	at org.springframework.web.filter.RequestContextFilter.doFilterInternal(RequestContextFilter.java:100)
	at org.springframework.web.filter.OncePerRequestFilter.doFilter(OncePerRequestFilter.java:117)
	at org.apache.catalina.core.ApplicationFilterChain.internalDoFilter(ApplicationFilterChain.java:178)
	at org.apache.catalina.core.ApplicationFilterChain.doFilter(ApplicationFilterChain.java:153)
	at org.springframework.web.filter.OncePerRequestFilter.doFilter(OncePerRequestFilter.java:102)
	at org.apache.catalina.core.ApplicationFilterChain.internalDoFilter(ApplicationFilterChain.java:178)
	at org.apache.catalina.core.ApplicationFilterChain.doFilter(ApplicationFilterChain.java:153)
	at org.springframework.web.filter.OncePerRequestFilter.doFilter(OncePerRequestFilter.java:102)
	at org.apache.catalina.core.ApplicationFilterChain.internalDoFilter(ApplicationFilterChain.java:178)
	at org.apache.catalina.core.ApplicationFilterChain.doFilter(ApplicationFilterChain.java:153)
	at org.apache.catalina.core.ApplicationDispatcher.invoke(ApplicationDispatcher.java:661)
	at org.apache.catalina.core.ApplicationDispatcher.processRequest(ApplicationDispatcher.java:427)
	at org.apache.catalina.core.ApplicationDispatcher.doForward(ApplicationDispatcher.java:357)
	at org.apache.catalina.core.ApplicationDispatcher.forward(ApplicationDispatcher.java:294)
	at org.apache.catalina.core.StandardHostValve.custom(StandardHostValve.java:377)
	at org.apache.catalina.core.StandardHostValve.status(StandardHostValve.java:237)
	at org.apache.catalina.core.StandardHostValve.throwable(StandardHostValve.java:323)
	at org.apache.catalina.core.StandardHostValve.invoke(StandardHostValve.java:164)
	at org.apache.catalina.valves.ErrorReportValve.invoke(ErrorReportValve.java:93)
	at org.apache.catalina.core.StandardEngineValve.invoke(StandardEngineValve.java:74)
	at org.apache.catalina.connector.CoyoteAdapter.service(CoyoteAdapter.java:342)
	at org.apache.coyote.http11.Http11Processor.service(Http11Processor.java:390)
	at org.apache.coyote.AbstractProcessorLight.process(AbstractProcessorLight.java:63)
	at org.apache.coyote.AbstractProtocol$ConnectionHandler.process(AbstractProtocol.java:928)
	at org.apache.tomcat.util.net.NioEndpoint$SocketProcessor.doRun(NioEndpoint.java:1794)
	at org.apache.tomcat.util.net.SocketProcessorBase.run(SocketProcessorBase.java:52)
	at org.apache.tomcat.util.threads.ThreadPoolExecutor.runWorker(ThreadPoolExecutor.java:1191)
	at org.apache.tomcat.util.threads.ThreadPoolExecutor$Worker.run(ThreadPoolExecutor.java:659)
	at org.apache.tomcat.util.threads.TaskThread$WrappingRunnable.run(TaskThread.java:61)
	at java.base/java.lang.Thread.run(Thread.java:840)
Caused by: org.springframework.dao.DataAccessResourceFailureException: Unable to acquire JDBC Connection; nested exception is org.hibernate.exception.JDBCConnectionException: Unable to acquire JDBC Connection
	at org.springframework.orm.jpa.vendor.HibernateJpaDialect.convertHibernateAccessException(HibernateJpaDialect.java:255)
	at org.springframework.orm.jpa.vendor.HibernateJpaDialect.translateExceptionIfPossible(HibernateJpaDialect.java:233)
	at org.springframework.orm.jpa.AbstractEntityManagerFactoryBean.translateExceptionIfPossible(AbstractEntityManagerFactoryBean.java:551)
	at org.springframework.dao.support.ChainedPersistenceExceptionTranslator.translateExceptionIfPossible(ChainedPersistenceExceptionTranslator.java:61)
	at org.springframework.dao.support.DataAccessUtils.translateIfNecessary(DataAccessUtils.java:243)
	at org.springframework.dao.support.PersistenceExceptionTranslationInterceptor.invoke(PersistenceExceptionTranslationInterceptor.java:152)
	at org.springframework.aop.framework.ReflectiveMethodInvocation.proceed(ReflectiveMethodInvocation.java:186)
	at org.springframework.aop.framework.CglibAopProxy$CglibMethodInvocation.proceed(CglibAopProxy.java:762)
	at org.springframework.cache.interceptor.CacheInterceptor.lambda$invoke$0(CacheInterceptor.java:54)
	at org.springframework.cache.interceptor.CacheAspectSupport.invokeOperation(CacheAspectSupport.java:366)
	at org.springframework.cache.interceptor.CacheAspectSupport.execute(CacheAspectSupport.java:420)
	at org.springframework.cache.interceptor.CacheAspectSupport.execute(CacheAspectSupport.java:345)
	at org.springframework.cache.interceptor.CacheInterceptor.invoke(CacheInterceptor.java:64)
	at org.springframework.aop.framework.ReflectiveMethodInvocation.proceed(ReflectiveMethodInvocation.java:186)
	at org.springframework.aop.framework.CglibAopProxy$CglibMethodInvocation.proceed(CglibAopProxy.java:762)
	at org.springframework.aop.framework.CglibAopProxy$DynamicAdvisedInterceptor.intercept(CglibAopProxy.java:707)
	at com.meta.ponkids.domain.system.menu.repository.impl.MenuRepositoryImpl$$EnhancerBySpringCGLIB$$e2bee604.findLastUpdtDtUserMenuCache(<generated>)
	at java.base/jdk.internal.reflect.NativeMethodAccessorImpl.invoke0(Native Method)
	at java.base/jdk.internal.reflect.NativeMethodAccessorImpl.invoke(NativeMethodAccessorImpl.java:77)
	at java.base/jdk.internal.reflect.DelegatingMethodAccessorImpl.invoke(DelegatingMethodAccessorImpl.java:43)
	at java.base/java.lang.reflect.Method.invoke(Method.java:568)
	at org.springframework.data.repository.core.support.RepositoryMethodInvoker$RepositoryFragmentMethodInvoker.lambda$new$0(RepositoryMethodInvoker.java:289)
	at org.springframework.data.repository.core.support.RepositoryMethodInvoker.doInvoke(RepositoryMethodInvoker.java:137)
	at org.springframework.data.repository.core.support.RepositoryMethodInvoker.invoke(RepositoryMethodInvoker.java:121)
	at org.springframework.data.repository.core.support.RepositoryComposition$RepositoryFragments.invoke(RepositoryComposition.java:530)
	at org.springframework.data.repository.core.support.RepositoryComposition.invoke(RepositoryComposition.java:286)
	at org.springframework.data.repository.core.support.RepositoryFactorySupport$ImplementationMethodExecutionInterceptor.invoke(RepositoryFactorySupport.java:640)
	at org.springframework.aop.framework.ReflectiveMethodInvocation.proceed(ReflectiveMethodInvocation.java:186)
	at org.springframework.data.repository.core.support.QueryExecutorMethodInterceptor.doInvoke(QueryExecutorMethodInterceptor.java:164)
	at org.springframework.data.repository.core.support.QueryExecutorMethodInterceptor.invoke(QueryExecutorMethodInterceptor.java:139)
	at org.springframework.aop.framework.ReflectiveMethodInvocation.proceed(ReflectiveMethodInvocation.java:186)
	at org.springframework.data.projection.DefaultMethodInvokingMethodInterceptor.invoke(DefaultMethodInvokingMethodInterceptor.java:76)
	at org.springframework.aop.framework.ReflectiveMethodInvocation.proceed(ReflectiveMethodInvocation.java:186)
	at org.springframework.transaction.interceptor.TransactionInterceptor$1.proceedWithInvocation(TransactionInterceptor.java:123)
	at org.springframework.transaction.interceptor.TransactionAspectSupport.invokeWithinTransaction(TransactionAspectSupport.java:388)
	at org.springframework.transaction.interceptor.TransactionInterceptor.invoke(TransactionInterceptor.java:119)
	at org.springframework.aop.framework.ReflectiveMethodInvocation.proceed(ReflectiveMethodInvocation.java:186)
	at org.springframework.dao.support.PersistenceExceptionTranslationInterceptor.invoke(PersistenceExceptionTranslationInterceptor.java:137)
	at org.springframework.aop.framework.ReflectiveMethodInvocation.proceed(ReflectiveMethodInvocation.java:186)
	at org.springframework.data.jpa.repository.support.CrudMethodMetadataPostProcessor$CrudMethodMetadataPopulatingMethodInterceptor.invoke(CrudMethodMetadataPostProcessor.java:174)
	at org.springframework.aop.framework.ReflectiveMethodInvocation.proceed(ReflectiveMethodInvocation.java:186)
	at org.springframework.aop.interceptor.ExposeInvocationInterceptor.invoke(ExposeInvocationInterceptor.java:97)
	at org.springframework.aop.framework.ReflectiveMethodInvocation.proceed(ReflectiveMethodInvocation.java:186)
	at org.springframework.aop.framework.JdkDynamicAopProxy.invoke(JdkDynamicAopProxy.java:241)
	at jdk.proxy3/jdk.proxy3.$Proxy184.findLastUpdtDtUserMenuCache(Unknown Source)
	at java.base/jdk.internal.reflect.NativeMethodAccessorImpl.invoke0(Native Method)
	at java.base/jdk.internal.reflect.NativeMethodAccessorImpl.invoke(NativeMethodAccessorImpl.java:77)
	at java.base/jdk.internal.reflect.DelegatingMethodAccessorImpl.invoke(DelegatingMethodAccessorImpl.java:43)
	at java.base/java.lang.reflect.Method.invoke(Method.java:568)
	at org.springframework.aop.support.AopUtils.invokeJoinpointUsingReflection(AopUtils.java:344)
	at org.springframework.aop.framework.ReflectiveMethodInvocation.invokeJoinpoint(ReflectiveMethodInvocation.java:198)
	at org.springframework.aop.framework.ReflectiveMethodInvocation.proceed(ReflectiveMethodInvocation.java:163)
	at org.springframework.cache.interceptor.CacheInterceptor.lambda$invoke$0(CacheInterceptor.java:54)
	at org.springframework.cache.interceptor.CacheAspectSupport.invokeOperation(CacheAspectSupport.java:366)
	at org.springframework.cache.interceptor.CacheAspectSupport.execute(CacheAspectSupport.java:420)
	at org.springframework.cache.interceptor.CacheAspectSupport.execute(CacheAspectSupport.java:345)
	at org.springframework.cache.interceptor.CacheInterceptor.invoke(CacheInterceptor.java:64)
	at org.springframework.aop.framework.ReflectiveMethodInvocation.proceed(ReflectiveMethodInvocation.java:186)
	at org.springframework.aop.framework.JdkDynamicAopProxy.invoke(JdkDynamicAopProxy.java:241)
	at jdk.proxy3/jdk.proxy3.$Proxy184.findLastUpdtDtUserMenuCache(Unknown Source)
	at com.meta.ponkids.domain.system.menu.service.MenuService.getUserMenuList(MenuService.java:159)
	at com.meta.ponkids.domain.system.menu.service.MenuService$$FastClassBySpringCGLIB$$3064e131.invoke(<generated>)
	at org.springframework.cglib.proxy.MethodProxy.invoke(MethodProxy.java:218)
	at org.springframework.aop.framework.CglibAopProxy.invokeMethod(CglibAopProxy.java:386)
	at org.springframework.aop.framework.CglibAopProxy.access$000(CglibAopProxy.java:85)
	at org.springframework.aop.framework.CglibAopProxy$DynamicAdvisedInterceptor.intercept(CglibAopProxy.java:703)
	at com.meta.ponkids.domain.system.menu.service.MenuService$$EnhancerBySpringCGLIB$$a6e85268.getUserMenuList(<generated>)
	at com.meta.ponkids.global.config.interceptor.MenuInterceptor.postHandle(MenuInterceptor.java:34)
	at org.springframework.web.servlet.HandlerExecutionChain.applyPostHandle(HandlerExecutionChain.java:165)
	at org.springframework.web.servlet.DispatcherServlet.doDispatch(DispatcherServlet.java:1079)
	at org.springframework.web.servlet.DispatcherServlet.doService(DispatcherServlet.java:965)
	at org.springframework.web.servlet.FrameworkServlet.processRequest(FrameworkServlet.java:1006)
	... 89 common frames omitted
Caused by: org.hibernate.exception.JDBCConnectionException: Unable to acquire JDBC Connection
	at org.hibernate.exception.internal.SQLExceptionTypeDelegate.convert(SQLExceptionTypeDelegate.java:48)
	at org.hibernate.exception.internal.StandardSQLExceptionConverter.convert(StandardSQLExceptionConverter.java:37)
	at org.hibernate.engine.jdbc.spi.SqlExceptionHelper.convert(SqlExceptionHelper.java:113)
	at org.hibernate.engine.jdbc.spi.SqlExceptionHelper.convert(SqlExceptionHelper.java:99)
	at org.hibernate.resource.jdbc.internal.LogicalConnectionManagedImpl.acquireConnectionIfNeeded(LogicalConnectionManagedImpl.java:111)
	at org.hibernate.resource.jdbc.internal.LogicalConnectionManagedImpl.getPhysicalConnection(LogicalConnectionManagedImpl.java:138)
	at org.hibernate.engine.jdbc.internal.StatementPreparerImpl.connection(StatementPreparerImpl.java:50)
	at org.hibernate.engine.jdbc.internal.StatementPreparerImpl$5.doPrepare(StatementPreparerImpl.java:149)
	at org.hibernate.engine.jdbc.internal.StatementPreparerImpl$StatementPreparationTemplate.prepareStatement(StatementPreparerImpl.java:176)
	at org.hibernate.engine.jdbc.internal.StatementPreparerImpl.prepareQueryStatement(StatementPreparerImpl.java:151)
	at org.hibernate.loader.Loader.prepareQueryStatement(Loader.java:2122)
	at org.hibernate.loader.Loader.executeQueryStatement(Loader.java:2059)
	at org.hibernate.loader.Loader.executeQueryStatement(Loader.java:2037)
	at org.hibernate.loader.Loader.doQuery(Loader.java:956)
	at org.hibernate.loader.Loader.doQueryAndInitializeNonLazyCollections(Loader.java:357)
	at org.hibernate.loader.Loader.doList(Loader.java:2868)
	at org.hibernate.loader.Loader.doList(Loader.java:2850)
	at org.hibernate.loader.Loader.listIgnoreQueryCache(Loader.java:2682)
	at org.hibernate.loader.Loader.list(Loader.java:2677)
	at org.hibernate.loader.hql.QueryLoader.list(QueryLoader.java:540)
	at org.hibernate.hql.internal.ast.QueryTranslatorImpl.list(QueryTranslatorImpl.java:400)
	at org.hibernate.engine.query.spi.HQLQueryPlan.performList(HQLQueryPlan.java:218)
	at org.hibernate.internal.SessionImpl.list(SessionImpl.java:1459)
	at org.hibernate.query.internal.AbstractProducedQuery.doList(AbstractProducedQuery.java:1649)
	at org.hibernate.query.internal.AbstractProducedQuery.list(AbstractProducedQuery.java:1617)
	at org.hibernate.query.internal.AbstractProducedQuery.getSingleResult(AbstractProducedQuery.java:1665)
	at com.querydsl.jpa.impl.AbstractJPAQuery.getSingleResult(AbstractJPAQuery.java:214)
	at com.querydsl.jpa.impl.AbstractJPAQuery.fetchOne(AbstractJPAQuery.java:326)
	at com.querydsl.core.support.FetchableQueryBase.fetchFirst(FetchableQueryBase.java:51)
	at com.meta.ponkids.domain.system.menu.repository.impl.MenuRepositoryImpl.findLastUpdtDtUserMenu(MenuRepositoryImpl.java:346)
	at com.meta.ponkids.domain.system.menu.repository.impl.MenuRepositoryImpl.findLastUpdtDtUserMenuCache(MenuRepositoryImpl.java:352)
	at com.meta.ponkids.domain.system.menu.repository.impl.MenuRepositoryImpl$$FastClassBySpringCGLIB$$892bba9f.invoke(<generated>)
	at org.springframework.cglib.proxy.MethodProxy.invoke(MethodProxy.java:218)
	at org.springframework.aop.framework.CglibAopProxy$CglibMethodInvocation.invokeJoinpoint(CglibAopProxy.java:792)
	at org.springframework.aop.framework.ReflectiveMethodInvocation.proceed(ReflectiveMethodInvocation.java:163)
	at org.springframework.aop.framework.CglibAopProxy$CglibMethodInvocation.proceed(CglibAopProxy.java:762)
	at org.springframework.dao.support.PersistenceExceptionTranslationInterceptor.invoke(PersistenceExceptionTranslationInterceptor.java:137)
	... 155 common frames omitted
Caused by: java.sql.SQLTransientConnectionException: HikariPool-1 - Connection is not available, request timed out after 30011ms.
	at com.zaxxer.hikari.pool.HikariPool.createTimeoutException(HikariPool.java:696)
	at com.zaxxer.hikari.pool.HikariPool.getConnection(HikariPool.java:197)
	at com.zaxxer.hikari.pool.HikariPool.getConnection(HikariPool.java:162)
	at com.zaxxer.hikari.HikariDataSource.getConnection(HikariDataSource.java:128)
	at com.p6spy.engine.spy.P6DataSource.getConnection(P6DataSource.java:300)
	at org.springframework.jdbc.datasource.DelegatingDataSource.getConnection(DelegatingDataSource.java:99)
	at org.hibernate.engine.jdbc.connections.internal.DatasourceConnectionProviderImpl.getConnection(DatasourceConnectionProviderImpl.java:122)
	at org.hibernate.internal.NonContextualJdbcConnectionAccess.obtainConnection(NonContextualJdbcConnectionAccess.java:38)
	at org.hibernate.resource.jdbc.internal.LogicalConnectionManagedImpl.acquireConnectionIfNeeded(LogicalConnectionManagedImpl.java:108)
	... 187 common frames omitted
Caused by: org.postgresql.util.PSQLException: 치명적오류: "jjeovi" 롤의 최대 동시 접속수를 초과했습니다
	at org.postgresql.core.v3.QueryExecutorImpl.receiveErrorResponse(QueryExecutorImpl.java:2675)
	at org.postgresql.core.v3.QueryExecutorImpl.readStartupMessages(QueryExecutorImpl.java:2787)
	at org.postgresql.core.v3.QueryExecutorImpl.<init>(QueryExecutorImpl.java:173)
	at org.postgresql.core.v3.ConnectionFactoryImpl.openConnectionImpl(ConnectionFactoryImpl.java:290)
	at org.postgresql.core.ConnectionFactory.openConnection(ConnectionFactory.java:49)
	at org.postgresql.jdbc.PgConnection.<init>(PgConnection.java:223)
	at org.postgresql.Driver.makeConnection(Driver.java:402)
	at org.postgresql.Driver.connect(Driver.java:261)
	at com.zaxxer.hikari.util.DriverDataSource.getConnection(DriverDataSource.java:138)
	at com.zaxxer.hikari.pool.PoolBase.newConnection(PoolBase.java:364)
	at com.zaxxer.hikari.pool.PoolBase.newPoolEntry(PoolBase.java:206)
	at com.zaxxer.hikari.pool.HikariPool.createPoolEntry(HikariPool.java:476)
	at com.zaxxer.hikari.pool.HikariPool.access$100(HikariPool.java:71)
	at com.zaxxer.hikari.pool.HikariPool$PoolEntryCreator.call(HikariPool.java:726)
	at com.zaxxer.hikari.pool.HikariPool$PoolEntryCreator.call(HikariPool.java:712)
	at java.base/java.util.concurrent.FutureTask.run(FutureTask.java:264)
	at java.base/java.util.concurrent.ThreadPoolExecutor.runWorker(ThreadPoolExecutor.java:1136)
	at java.base/java.util.concurrent.ThreadPoolExecutor$Worker.run(ThreadPoolExecutor.java:635)
	... 1 common frames omitted
[2024-02-19 15:06:41:1141800] ERROR 33736 --- [nio-8080-exec-9] o.h.e.jdbc.spi.SqlExceptionHelper        : HikariPool-1 - Connection is not available, request timed out after 30004ms.
[2024-02-19 15:06:41:1141801] ERROR 33736 --- [nio-8080-exec-9] o.h.e.jdbc.spi.SqlExceptionHelper        : 치명적오류: "jjeovi" 롤의 최대 동시 접속수를 초과했습니다
[2024-02-19 15:06:41:1141805] ERROR 33736 --- [nio-8080-exec-9] o.a.c.c.C.[.[.[.[dispatcherServlet]      : Servlet.service() for servlet [dispatcherServlet] threw exception
org.postgresql.util.PSQLException: 치명적오류: "jjeovi" 롤의 최대 동시 접속수를 초과했습니다
	at org.postgresql.core.v3.QueryExecutorImpl.receiveErrorResponse(QueryExecutorImpl.java:2675)
	at org.postgresql.core.v3.QueryExecutorImpl.readStartupMessages(QueryExecutorImpl.java:2787)
	at org.postgresql.core.v3.QueryExecutorImpl.<init>(QueryExecutorImpl.java:173)
	at org.postgresql.core.v3.ConnectionFactoryImpl.openConnectionImpl(ConnectionFactoryImpl.java:290)
	at org.postgresql.core.ConnectionFactory.openConnection(ConnectionFactory.java:49)
	at org.postgresql.jdbc.PgConnection.<init>(PgConnection.java:223)
	at org.postgresql.Driver.makeConnection(Driver.java:402)
	at org.postgresql.Driver.connect(Driver.java:261)
	at com.zaxxer.hikari.util.DriverDataSource.getConnection(DriverDataSource.java:138)
	at com.zaxxer.hikari.pool.PoolBase.newConnection(PoolBase.java:364)
	at com.zaxxer.hikari.pool.PoolBase.newPoolEntry(PoolBase.java:206)
	at com.zaxxer.hikari.pool.HikariPool.createPoolEntry(HikariPool.java:476)
	at com.zaxxer.hikari.pool.HikariPool.access$100(HikariPool.java:71)
	at com.zaxxer.hikari.pool.HikariPool$PoolEntryCreator.call(HikariPool.java:726)
	at com.zaxxer.hikari.pool.HikariPool$PoolEntryCreator.call(HikariPool.java:712)
	at java.base/java.util.concurrent.FutureTask.run(FutureTask.java:264)
	at java.base/java.util.concurrent.ThreadPoolExecutor.runWorker(ThreadPoolExecutor.java:1136)
	at java.base/java.util.concurrent.ThreadPoolExecutor$Worker.run(ThreadPoolExecutor.java:635)
	at java.base/java.lang.Thread.run(Thread.java:840)
[2024-02-19 15:06:41:1141808] ERROR 33736 --- [nio-8080-exec-9] o.a.c.c.C.[Tomcat].[localhost]           : Exception Processing ErrorPage[errorCode=0, location=/error]
org.springframework.web.util.NestedServletException: Request processing failed; nested exception is org.springframework.dao.DataAccessResourceFailureException: Unable to acquire JDBC Connection; nested exception is org.hibernate.exception.JDBCConnectionException: Unable to acquire JDBC Connection
	at org.springframework.web.servlet.FrameworkServlet.processRequest(FrameworkServlet.java:1014)
	at org.springframework.web.servlet.FrameworkServlet.doGet(FrameworkServlet.java:898)
	at javax.servlet.http.HttpServlet.service(HttpServlet.java:529)
	at org.springframework.web.servlet.FrameworkServlet.service(FrameworkServlet.java:883)
	at javax.servlet.http.HttpServlet.service(HttpServlet.java:623)
	at org.apache.catalina.core.ApplicationFilterChain.internalDoFilter(ApplicationFilterChain.java:209)
	at org.apache.catalina.core.ApplicationFilterChain.doFilter(ApplicationFilterChain.java:153)
	at org.springframework.security.web.FilterChainProxy$VirtualFilterChain.doFilter(FilterChainProxy.java:337)
	at org.springframework.security.web.access.intercept.FilterSecurityInterceptor.invoke(FilterSecurityInterceptor.java:106)
	at org.springframework.security.web.access.intercept.FilterSecurityInterceptor.doFilter(FilterSecurityInterceptor.java:81)
	at org.springframework.security.web.FilterChainProxy$VirtualFilterChain.doFilter(FilterChainProxy.java:346)
	at org.springframework.security.web.access.ExceptionTranslationFilter.doFilter(ExceptionTranslationFilter.java:122)
	at org.springframework.security.web.access.ExceptionTranslationFilter.doFilter(ExceptionTranslationFilter.java:116)
	at org.springframework.security.web.FilterChainProxy$VirtualFilterChain.doFilter(FilterChainProxy.java:346)
	at org.springframework.security.web.session.SessionManagementFilter.doFilter(SessionManagementFilter.java:87)
	at org.springframework.security.web.session.SessionManagementFilter.doFilter(SessionManagementFilter.java:81)
	at org.springframework.security.web.FilterChainProxy$VirtualFilterChain.doFilter(FilterChainProxy.java:346)
	at org.springframework.security.web.authentication.AnonymousAuthenticationFilter.doFilter(AnonymousAuthenticationFilter.java:109)
	at org.springframework.security.web.FilterChainProxy$VirtualFilterChain.doFilter(FilterChainProxy.java:346)
	at org.springframework.security.web.servletapi.SecurityContextHolderAwareRequestFilter.doFilter(SecurityContextHolderAwareRequestFilter.java:149)
	at org.springframework.security.web.FilterChainProxy$VirtualFilterChain.doFilter(FilterChainProxy.java:346)
	at org.springframework.security.web.savedrequest.RequestCacheAwareFilter.doFilter(RequestCacheAwareFilter.java:63)
	at org.springframework.security.web.FilterChainProxy$VirtualFilterChain.doFilter(FilterChainProxy.java:346)
	at org.springframework.web.filter.OncePerRequestFilter.doFilter(OncePerRequestFilter.java:102)
	at org.springframework.security.web.FilterChainProxy$VirtualFilterChain.doFilter(FilterChainProxy.java:346)
	at org.springframework.security.web.authentication.ui.DefaultLoginPageGeneratingFilter.doFilter(DefaultLoginPageGeneratingFilter.java:237)
	at org.springframework.security.web.authentication.ui.DefaultLoginPageGeneratingFilter.doFilter(DefaultLoginPageGeneratingFilter.java:223)
	at org.springframework.security.web.FilterChainProxy$VirtualFilterChain.doFilter(FilterChainProxy.java:346)
	at org.springframework.security.web.authentication.AbstractAuthenticationProcessingFilter.doFilter(AbstractAuthenticationProcessingFilter.java:223)
	at org.springframework.security.web.authentication.AbstractAuthenticationProcessingFilter.doFilter(AbstractAuthenticationProcessingFilter.java:217)
	at org.springframework.security.web.FilterChainProxy$VirtualFilterChain.doFilter(FilterChainProxy.java:346)
	at org.springframework.security.web.authentication.AbstractAuthenticationProcessingFilter.doFilter(AbstractAuthenticationProcessingFilter.java:223)
	at org.springframework.security.web.authentication.AbstractAuthenticationProcessingFilter.doFilter(AbstractAuthenticationProcessingFilter.java:217)
	at org.springframework.security.web.FilterChainProxy$VirtualFilterChain.doFilter(FilterChainProxy.java:346)
	at org.springframework.web.filter.OncePerRequestFilter.doFilter(OncePerRequestFilter.java:102)
	at org.springframework.security.web.FilterChainProxy$VirtualFilterChain.doFilter(FilterChainProxy.java:346)
	at org.springframework.security.web.authentication.logout.LogoutFilter.doFilter(LogoutFilter.java:103)
	at org.springframework.security.web.authentication.logout.LogoutFilter.doFilter(LogoutFilter.java:89)
	at org.springframework.security.web.FilterChainProxy$VirtualFilterChain.doFilter(FilterChainProxy.java:346)
	at org.springframework.web.filter.OncePerRequestFilter.doFilter(OncePerRequestFilter.java:102)
	at org.springframework.security.web.FilterChainProxy$VirtualFilterChain.doFilter(FilterChainProxy.java:346)
	at org.springframework.web.filter.OncePerRequestFilter.doFilter(OncePerRequestFilter.java:102)
	at org.springframework.security.web.FilterChainProxy$VirtualFilterChain.doFilter(FilterChainProxy.java:346)
	at org.springframework.security.web.context.SecurityContextPersistenceFilter.doFilter(SecurityContextPersistenceFilter.java:112)
	at org.springframework.security.web.context.SecurityContextPersistenceFilter.doFilter(SecurityContextPersistenceFilter.java:82)
	at org.springframework.security.web.FilterChainProxy$VirtualFilterChain.doFilter(FilterChainProxy.java:346)
	at org.springframework.web.filter.OncePerRequestFilter.doFilter(OncePerRequestFilter.java:102)
	at org.springframework.security.web.FilterChainProxy$VirtualFilterChain.doFilter(FilterChainProxy.java:346)
	at org.springframework.web.filter.OncePerRequestFilter.doFilter(OncePerRequestFilter.java:102)
	at org.springframework.security.web.FilterChainProxy$VirtualFilterChain.doFilter(FilterChainProxy.java:346)
	at org.springframework.web.filter.OncePerRequestFilter.doFilter(OncePerRequestFilter.java:102)
	at org.springframework.security.web.FilterChainProxy$VirtualFilterChain.doFilter(FilterChainProxy.java:346)
	at org.springframework.web.filter.OncePerRequestFilter.doFilter(OncePerRequestFilter.java:102)
	at org.springframework.security.web.FilterChainProxy$VirtualFilterChain.doFilter(FilterChainProxy.java:346)
	at org.springframework.security.web.FilterChainProxy.doFilterInternal(FilterChainProxy.java:221)
	at org.springframework.security.web.FilterChainProxy.doFilter(FilterChainProxy.java:186)
	at org.springframework.web.filter.DelegatingFilterProxy.invokeDelegate(DelegatingFilterProxy.java:354)
	at org.springframework.web.filter.DelegatingFilterProxy.doFilter(DelegatingFilterProxy.java:267)
	at org.apache.catalina.core.ApplicationFilterChain.internalDoFilter(ApplicationFilterChain.java:178)
	at org.apache.catalina.core.ApplicationFilterChain.doFilter(ApplicationFilterChain.java:153)
	at org.springframework.web.filter.RequestContextFilter.doFilterInternal(RequestContextFilter.java:100)
	at org.springframework.web.filter.OncePerRequestFilter.doFilter(OncePerRequestFilter.java:117)
	at org.apache.catalina.core.ApplicationFilterChain.internalDoFilter(ApplicationFilterChain.java:178)
	at org.apache.catalina.core.ApplicationFilterChain.doFilter(ApplicationFilterChain.java:153)
	at org.springframework.web.filter.OncePerRequestFilter.doFilter(OncePerRequestFilter.java:102)
	at org.apache.catalina.core.ApplicationFilterChain.internalDoFilter(ApplicationFilterChain.java:178)
	at org.apache.catalina.core.ApplicationFilterChain.doFilter(ApplicationFilterChain.java:153)
	at org.springframework.web.filter.OncePerRequestFilter.doFilter(OncePerRequestFilter.java:102)
	at org.apache.catalina.core.ApplicationFilterChain.internalDoFilter(ApplicationFilterChain.java:178)
	at org.apache.catalina.core.ApplicationFilterChain.doFilter(ApplicationFilterChain.java:153)
	at org.apache.catalina.core.ApplicationDispatcher.invoke(ApplicationDispatcher.java:661)
	at org.apache.catalina.core.ApplicationDispatcher.processRequest(ApplicationDispatcher.java:427)
	at org.apache.catalina.core.ApplicationDispatcher.doForward(ApplicationDispatcher.java:357)
	at org.apache.catalina.core.ApplicationDispatcher.forward(ApplicationDispatcher.java:294)
	at org.apache.catalina.core.StandardHostValve.custom(StandardHostValve.java:377)
	at org.apache.catalina.core.StandardHostValve.status(StandardHostValve.java:237)
	at org.apache.catalina.core.StandardHostValve.throwable(StandardHostValve.java:323)
	at org.apache.catalina.core.StandardHostValve.invoke(StandardHostValve.java:164)
	at org.apache.catalina.valves.ErrorReportValve.invoke(ErrorReportValve.java:93)
	at org.apache.catalina.core.StandardEngineValve.invoke(StandardEngineValve.java:74)
	at org.apache.catalina.connector.CoyoteAdapter.service(CoyoteAdapter.java:342)
	at org.apache.coyote.http11.Http11Processor.service(Http11Processor.java:390)
	at org.apache.coyote.AbstractProcessorLight.process(AbstractProcessorLight.java:63)
	at org.apache.coyote.AbstractProtocol$ConnectionHandler.process(AbstractProtocol.java:928)
	at org.apache.tomcat.util.net.NioEndpoint$SocketProcessor.doRun(NioEndpoint.java:1794)
	at org.apache.tomcat.util.net.SocketProcessorBase.run(SocketProcessorBase.java:52)
	at org.apache.tomcat.util.threads.ThreadPoolExecutor.runWorker(ThreadPoolExecutor.java:1191)
	at org.apache.tomcat.util.threads.ThreadPoolExecutor$Worker.run(ThreadPoolExecutor.java:659)
	at org.apache.tomcat.util.threads.TaskThread$WrappingRunnable.run(TaskThread.java:61)
	at java.base/java.lang.Thread.run(Thread.java:840)
Caused by: org.springframework.dao.DataAccessResourceFailureException: Unable to acquire JDBC Connection; nested exception is org.hibernate.exception.JDBCConnectionException: Unable to acquire JDBC Connection
	at org.springframework.orm.jpa.vendor.HibernateJpaDialect.convertHibernateAccessException(HibernateJpaDialect.java:255)
	at org.springframework.orm.jpa.vendor.HibernateJpaDialect.translateExceptionIfPossible(HibernateJpaDialect.java:233)
	at org.springframework.orm.jpa.AbstractEntityManagerFactoryBean.translateExceptionIfPossible(AbstractEntityManagerFactoryBean.java:551)
	at org.springframework.dao.support.ChainedPersistenceExceptionTranslator.translateExceptionIfPossible(ChainedPersistenceExceptionTranslator.java:61)
	at org.springframework.dao.support.DataAccessUtils.translateIfNecessary(DataAccessUtils.java:243)
	at org.springframework.dao.support.PersistenceExceptionTranslationInterceptor.invoke(PersistenceExceptionTranslationInterceptor.java:152)
	at org.springframework.aop.framework.ReflectiveMethodInvocation.proceed(ReflectiveMethodInvocation.java:186)
	at org.springframework.aop.framework.CglibAopProxy$CglibMethodInvocation.proceed(CglibAopProxy.java:762)
	at org.springframework.cache.interceptor.CacheInterceptor.lambda$invoke$0(CacheInterceptor.java:54)
	at org.springframework.cache.interceptor.CacheAspectSupport.invokeOperation(CacheAspectSupport.java:366)
	at org.springframework.cache.interceptor.CacheAspectSupport.execute(CacheAspectSupport.java:420)
	at org.springframework.cache.interceptor.CacheAspectSupport.execute(CacheAspectSupport.java:345)
	at org.springframework.cache.interceptor.CacheInterceptor.invoke(CacheInterceptor.java:64)
	at org.springframework.aop.framework.ReflectiveMethodInvocation.proceed(ReflectiveMethodInvocation.java:186)
	at org.springframework.aop.framework.CglibAopProxy$CglibMethodInvocation.proceed(CglibAopProxy.java:762)
	at org.springframework.aop.framework.CglibAopProxy$DynamicAdvisedInterceptor.intercept(CglibAopProxy.java:707)
	at com.meta.ponkids.domain.system.menu.repository.impl.MenuRepositoryImpl$$EnhancerBySpringCGLIB$$e2bee604.findLastUpdtDtUserMenuCache(<generated>)
	at java.base/jdk.internal.reflect.NativeMethodAccessorImpl.invoke0(Native Method)
	at java.base/jdk.internal.reflect.NativeMethodAccessorImpl.invoke(NativeMethodAccessorImpl.java:77)
	at java.base/jdk.internal.reflect.DelegatingMethodAccessorImpl.invoke(DelegatingMethodAccessorImpl.java:43)
	at java.base/java.lang.reflect.Method.invoke(Method.java:568)
	at org.springframework.data.repository.core.support.RepositoryMethodInvoker$RepositoryFragmentMethodInvoker.lambda$new$0(RepositoryMethodInvoker.java:289)
	at org.springframework.data.repository.core.support.RepositoryMethodInvoker.doInvoke(RepositoryMethodInvoker.java:137)
	at org.springframework.data.repository.core.support.RepositoryMethodInvoker.invoke(RepositoryMethodInvoker.java:121)
	at org.springframework.data.repository.core.support.RepositoryComposition$RepositoryFragments.invoke(RepositoryComposition.java:530)
	at org.springframework.data.repository.core.support.RepositoryComposition.invoke(RepositoryComposition.java:286)
	at org.springframework.data.repository.core.support.RepositoryFactorySupport$ImplementationMethodExecutionInterceptor.invoke(RepositoryFactorySupport.java:640)
	at org.springframework.aop.framework.ReflectiveMethodInvocation.proceed(ReflectiveMethodInvocation.java:186)
	at org.springframework.data.repository.core.support.QueryExecutorMethodInterceptor.doInvoke(QueryExecutorMethodInterceptor.java:164)
	at org.springframework.data.repository.core.support.QueryExecutorMethodInterceptor.invoke(QueryExecutorMethodInterceptor.java:139)
	at org.springframework.aop.framework.ReflectiveMethodInvocation.proceed(ReflectiveMethodInvocation.java:186)
	at org.springframework.data.projection.DefaultMethodInvokingMethodInterceptor.invoke(DefaultMethodInvokingMethodInterceptor.java:76)
	at org.springframework.aop.framework.ReflectiveMethodInvocation.proceed(ReflectiveMethodInvocation.java:186)
	at org.springframework.transaction.interceptor.TransactionInterceptor$1.proceedWithInvocation(TransactionInterceptor.java:123)
	at org.springframework.transaction.interceptor.TransactionAspectSupport.invokeWithinTransaction(TransactionAspectSupport.java:388)
	at org.springframework.transaction.interceptor.TransactionInterceptor.invoke(TransactionInterceptor.java:119)
	at org.springframework.aop.framework.ReflectiveMethodInvocation.proceed(ReflectiveMethodInvocation.java:186)
	at org.springframework.dao.support.PersistenceExceptionTranslationInterceptor.invoke(PersistenceExceptionTranslationInterceptor.java:137)
	at org.springframework.aop.framework.ReflectiveMethodInvocation.proceed(ReflectiveMethodInvocation.java:186)
	at org.springframework.data.jpa.repository.support.CrudMethodMetadataPostProcessor$CrudMethodMetadataPopulatingMethodInterceptor.invoke(CrudMethodMetadataPostProcessor.java:174)
	at org.springframework.aop.framework.ReflectiveMethodInvocation.proceed(ReflectiveMethodInvocation.java:186)
	at org.springframework.aop.interceptor.ExposeInvocationInterceptor.invoke(ExposeInvocationInterceptor.java:97)
	at org.springframework.aop.framework.ReflectiveMethodInvocation.proceed(ReflectiveMethodInvocation.java:186)
	at org.springframework.aop.framework.JdkDynamicAopProxy.invoke(JdkDynamicAopProxy.java:241)
	at jdk.proxy3/jdk.proxy3.$Proxy184.findLastUpdtDtUserMenuCache(Unknown Source)
	at java.base/jdk.internal.reflect.NativeMethodAccessorImpl.invoke0(Native Method)
	at java.base/jdk.internal.reflect.NativeMethodAccessorImpl.invoke(NativeMethodAccessorImpl.java:77)
	at java.base/jdk.internal.reflect.DelegatingMethodAccessorImpl.invoke(DelegatingMethodAccessorImpl.java:43)
	at java.base/java.lang.reflect.Method.invoke(Method.java:568)
	at org.springframework.aop.support.AopUtils.invokeJoinpointUsingReflection(AopUtils.java:344)
	at org.springframework.aop.framework.ReflectiveMethodInvocation.invokeJoinpoint(ReflectiveMethodInvocation.java:198)
	at org.springframework.aop.framework.ReflectiveMethodInvocation.proceed(ReflectiveMethodInvocation.java:163)
	at org.springframework.cache.interceptor.CacheInterceptor.lambda$invoke$0(CacheInterceptor.java:54)
	at org.springframework.cache.interceptor.CacheAspectSupport.invokeOperation(CacheAspectSupport.java:366)
	at org.springframework.cache.interceptor.CacheAspectSupport.execute(CacheAspectSupport.java:420)
	at org.springframework.cache.interceptor.CacheAspectSupport.execute(CacheAspectSupport.java:345)
	at org.springframework.cache.interceptor.CacheInterceptor.invoke(CacheInterceptor.java:64)
	at org.springframework.aop.framework.ReflectiveMethodInvocation.proceed(ReflectiveMethodInvocation.java:186)
	at org.springframework.aop.framework.JdkDynamicAopProxy.invoke(JdkDynamicAopProxy.java:241)
	at jdk.proxy3/jdk.proxy3.$Proxy184.findLastUpdtDtUserMenuCache(Unknown Source)
	at com.meta.ponkids.domain.system.menu.service.MenuService.getUserMenuList(MenuService.java:159)
	at com.meta.ponkids.domain.system.menu.service.MenuService$$FastClassBySpringCGLIB$$3064e131.invoke(<generated>)
	at org.springframework.cglib.proxy.MethodProxy.invoke(MethodProxy.java:218)
	at org.springframework.aop.framework.CglibAopProxy.invokeMethod(CglibAopProxy.java:386)
	at org.springframework.aop.framework.CglibAopProxy.access$000(CglibAopProxy.java:85)
	at org.springframework.aop.framework.CglibAopProxy$DynamicAdvisedInterceptor.intercept(CglibAopProxy.java:703)
	at com.meta.ponkids.domain.system.menu.service.MenuService$$EnhancerBySpringCGLIB$$a6e85268.getUserMenuList(<generated>)
	at com.meta.ponkids.global.config.interceptor.MenuInterceptor.postHandle(MenuInterceptor.java:34)
	at org.springframework.web.servlet.HandlerExecutionChain.applyPostHandle(HandlerExecutionChain.java:165)
	at org.springframework.web.servlet.DispatcherServlet.doDispatch(DispatcherServlet.java:1079)
	at org.springframework.web.servlet.DispatcherServlet.doService(DispatcherServlet.java:965)
	at org.springframework.web.servlet.FrameworkServlet.processRequest(FrameworkServlet.java:1006)
	... 89 common frames omitted
Caused by: org.hibernate.exception.JDBCConnectionException: Unable to acquire JDBC Connection
	at org.hibernate.exception.internal.SQLExceptionTypeDelegate.convert(SQLExceptionTypeDelegate.java:48)
	at org.hibernate.exception.internal.StandardSQLExceptionConverter.convert(StandardSQLExceptionConverter.java:37)
	at org.hibernate.engine.jdbc.spi.SqlExceptionHelper.convert(SqlExceptionHelper.java:113)
	at org.hibernate.engine.jdbc.spi.SqlExceptionHelper.convert(SqlExceptionHelper.java:99)
	at org.hibernate.resource.jdbc.internal.LogicalConnectionManagedImpl.acquireConnectionIfNeeded(LogicalConnectionManagedImpl.java:111)
	at org.hibernate.resource.jdbc.internal.LogicalConnectionManagedImpl.getPhysicalConnection(LogicalConnectionManagedImpl.java:138)
	at org.hibernate.engine.jdbc.internal.StatementPreparerImpl.connection(StatementPreparerImpl.java:50)
	at org.hibernate.engine.jdbc.internal.StatementPreparerImpl$5.doPrepare(StatementPreparerImpl.java:149)
	at org.hibernate.engine.jdbc.internal.StatementPreparerImpl$StatementPreparationTemplate.prepareStatement(StatementPreparerImpl.java:176)
	at org.hibernate.engine.jdbc.internal.StatementPreparerImpl.prepareQueryStatement(StatementPreparerImpl.java:151)
	at org.hibernate.loader.Loader.prepareQueryStatement(Loader.java:2122)
	at org.hibernate.loader.Loader.executeQueryStatement(Loader.java:2059)
	at org.hibernate.loader.Loader.executeQueryStatement(Loader.java:2037)
	at org.hibernate.loader.Loader.doQuery(Loader.java:956)
	at org.hibernate.loader.Loader.doQueryAndInitializeNonLazyCollections(Loader.java:357)
	at org.hibernate.loader.Loader.doList(Loader.java:2868)
	at org.hibernate.loader.Loader.doList(Loader.java:2850)
	at org.hibernate.loader.Loader.listIgnoreQueryCache(Loader.java:2682)
	at org.hibernate.loader.Loader.list(Loader.java:2677)
	at org.hibernate.loader.hql.QueryLoader.list(QueryLoader.java:540)
	at org.hibernate.hql.internal.ast.QueryTranslatorImpl.list(QueryTranslatorImpl.java:400)
	at org.hibernate.engine.query.spi.HQLQueryPlan.performList(HQLQueryPlan.java:218)
	at org.hibernate.internal.SessionImpl.list(SessionImpl.java:1459)
	at org.hibernate.query.internal.AbstractProducedQuery.doList(AbstractProducedQuery.java:1649)
	at org.hibernate.query.internal.AbstractProducedQuery.list(AbstractProducedQuery.java:1617)
	at org.hibernate.query.internal.AbstractProducedQuery.getSingleResult(AbstractProducedQuery.java:1665)
	at com.querydsl.jpa.impl.AbstractJPAQuery.getSingleResult(AbstractJPAQuery.java:214)
	at com.querydsl.jpa.impl.AbstractJPAQuery.fetchOne(AbstractJPAQuery.java:326)
	at com.querydsl.core.support.FetchableQueryBase.fetchFirst(FetchableQueryBase.java:51)
	at com.meta.ponkids.domain.system.menu.repository.impl.MenuRepositoryImpl.findLastUpdtDtUserMenu(MenuRepositoryImpl.java:346)
	at com.meta.ponkids.domain.system.menu.repository.impl.MenuRepositoryImpl.findLastUpdtDtUserMenuCache(MenuRepositoryImpl.java:352)
	at com.meta.ponkids.domain.system.menu.repository.impl.MenuRepositoryImpl$$FastClassBySpringCGLIB$$892bba9f.invoke(<generated>)
	at org.springframework.cglib.proxy.MethodProxy.invoke(MethodProxy.java:218)
	at org.springframework.aop.framework.CglibAopProxy$CglibMethodInvocation.invokeJoinpoint(CglibAopProxy.java:792)
	at org.springframework.aop.framework.ReflectiveMethodInvocation.proceed(ReflectiveMethodInvocation.java:163)
	at org.springframework.aop.framework.CglibAopProxy$CglibMethodInvocation.proceed(CglibAopProxy.java:762)
	at org.springframework.dao.support.PersistenceExceptionTranslationInterceptor.invoke(PersistenceExceptionTranslationInterceptor.java:137)
	... 155 common frames omitted
Caused by: java.sql.SQLTransientConnectionException: HikariPool-1 - Connection is not available, request timed out after 30004ms.
	at com.zaxxer.hikari.pool.HikariPool.createTimeoutException(HikariPool.java:696)
	at com.zaxxer.hikari.pool.HikariPool.getConnection(HikariPool.java:197)
	at com.zaxxer.hikari.pool.HikariPool.getConnection(HikariPool.java:162)
	at com.zaxxer.hikari.HikariDataSource.getConnection(HikariDataSource.java:128)
	at com.p6spy.engine.spy.P6DataSource.getConnection(P6DataSource.java:300)
	at org.springframework.jdbc.datasource.DelegatingDataSource.getConnection(DelegatingDataSource.java:99)
	at org.hibernate.engine.jdbc.connections.internal.DatasourceConnectionProviderImpl.getConnection(DatasourceConnectionProviderImpl.java:122)
	at org.hibernate.internal.NonContextualJdbcConnectionAccess.obtainConnection(NonContextualJdbcConnectionAccess.java:38)
	at org.hibernate.resource.jdbc.internal.LogicalConnectionManagedImpl.acquireConnectionIfNeeded(LogicalConnectionManagedImpl.java:108)
	... 187 common frames omitted
Caused by: org.postgresql.util.PSQLException: 치명적오류: "jjeovi" 롤의 최대 동시 접속수를 초과했습니다
	at org.postgresql.core.v3.QueryExecutorImpl.receiveErrorResponse(QueryExecutorImpl.java:2675)
	at org.postgresql.core.v3.QueryExecutorImpl.readStartupMessages(QueryExecutorImpl.java:2787)
	at org.postgresql.core.v3.QueryExecutorImpl.<init>(QueryExecutorImpl.java:173)
	at org.postgresql.core.v3.ConnectionFactoryImpl.openConnectionImpl(ConnectionFactoryImpl.java:290)
	at org.postgresql.core.ConnectionFactory.openConnection(ConnectionFactory.java:49)
	at org.postgresql.jdbc.PgConnection.<init>(PgConnection.java:223)
	at org.postgresql.Driver.makeConnection(Driver.java:402)
	at org.postgresql.Driver.connect(Driver.java:261)
	at com.zaxxer.hikari.util.DriverDataSource.getConnection(DriverDataSource.java:138)
	at com.zaxxer.hikari.pool.PoolBase.newConnection(PoolBase.java:364)
	at com.zaxxer.hikari.pool.PoolBase.newPoolEntry(PoolBase.java:206)
	at com.zaxxer.hikari.pool.HikariPool.createPoolEntry(HikariPool.java:476)
	at com.zaxxer.hikari.pool.HikariPool.access$100(HikariPool.java:71)
	at com.zaxxer.hikari.pool.HikariPool$PoolEntryCreator.call(HikariPool.java:726)
	at com.zaxxer.hikari.pool.HikariPool$PoolEntryCreator.call(HikariPool.java:712)
	at java.base/java.util.concurrent.FutureTask.run(FutureTask.java:264)
	at java.base/java.util.concurrent.ThreadPoolExecutor.runWorker(ThreadPoolExecutor.java:1136)
	at java.base/java.util.concurrent.ThreadPoolExecutor$Worker.run(ThreadPoolExecutor.java:635)
	... 1 common frames omitted
[2024-02-19 17:48:29:9562] ERROR 22492 --- [  restartedMain] o.s.b.d.LoggingFailureAnalysisReporter   : 

***************************
APPLICATION FAILED TO START
***************************

Description:

Parameter 1 of constructor in com.meta.ponkids.domain.system.login.controller.LoginoutController required a bean of type 'org.springframework.mail.javamail.JavaMailSender' that could not be found.


Action:

Consider defining a bean of type 'org.springframework.mail.javamail.JavaMailSender' in your configuration.

